Aura Spółka cywilna Katarzyna Maziewska, Krzysztof Maziewski #         biuro@aura.bialystok.pl     #(85) 746 01 86
Odnowa Gabinet Podologiczno Kosmetyczny Agnieszka Marciniak #         odnowa.rudka@gmail.com     #515 443 678
N.O.V.E Miejsce Urody #         nove.miejsceurody@op.pl     #514 177 733
AP STUDIO Agata Płocka Mobilne Usługi Kosmetyczne #         apstudio.agataplocka@op.pl     #502 036 262
Beauty Bar Zuzanna Samul #         zuzanna.samul00@wp.pl     #667 692 250
Zjawiskowo - stylizacja paznokci Magdalena Borys #         magda.bernatowicz@gmail.com     #515 659 183
Marllow Maria Tomaszewska #         marllow.mt@gmail.com     #696 994 383
Fryzela Sp.j. Elzbieta Chwicewska, Stanisław Chwicewski #         elzbieta.chwicewska@falelokikoki.pl     #(85) 745 56 20
Autoryzowany Gabinet Kosmetyczny Firmy Babor Makijaż Permanentny #         baborbialystok@wp.pl     #(85) 743 64 67
Ideal Partner Sp. z o. o. Sp. k. #         biuro@idealpartner.pl     #(85) 719 39 99
Salon kosmetyczny mega Agnieszka Chomicka #         s.chom@wp.pl     #516 575 620
Salon Piękności Babeczka- Aniela Gołub #         babeczka.salon@gmail.com     #881 564 572
Baby Art. Dziecięce Leszek Kozioł #         babypsd@wp.pl     #(85) 654 69 29
EkoHerba Karol Sidoruk #         kontakt@ekoherba.pl     #(85) 683 27 77
1. Globalcosmetisc Marek Kowalczuk - Wspólnik Spółki Cywilnej 2. Koma Kosmetyki Marek Kowalczuk #         marekkowalczuk@poczta.onet.pl     #509 464 026
Adam Rogiński Hair Design #         adamroginski@wp.pl     #(86) 473 09 39
Adamm Adam Matulewicz #         amx@o2.pl     #Oceń firmę i napisz o niej opinię:
Adamowicz Anna Gabinet Kosmetyczny ##506 086 063
Adapio Piotr Mackiewicz #         sklep@adapio.pl     #602 105 980
Adrian Jędra Szarmant Barber #         adrianjedra18@gmail.com     #Oceń firmę i napisz o niej opinię:
Adrian Żebrowski #         shaperoom@interia.pl     #502 674 777
A-Estetica Anna Szutkiewicz-Swirska #         ania.szutkiewicz@gmail.com     #608 651 782
AF Studio Kosmetologiczne Agata Ferdyn ##500 151 407
Afrodyta Epi-Centrum S.C. Joanna Dorota Grabowska Marek Andrzej Henschel #         afrodyta.salon@wp.pl     #Oceń firmę i napisz o niej opinię:
Afrodyta Marta Zarzecka ##663 406 060
Afrodyta Salon Kosmetyczny Karolina Kulawczyk #         afrodyta.salonk@gmail.com     #728 848 533
Afrodyta Salon Urody Hanna Chludzińska #         haniakacperska1992@tlen.pl     #518 529 074
Aga Nails Agnieszka Jarnicka Usługi Kosmetyczne #         aga_jarnicka.mankowa@op.pl     #509 114 490
Aga Studio Kosmetyczne Agnieszka Sadowski #         aga.sadowski@gmail.com     #Oceń firmę i napisz o niej opinię:
Agata Sobolewska Lawenda Studio Kosmetyczne #         kontakt@lawendastudio.pl     #600 577 775
Agatom Cosmetics S.C. Agnieszka Konończuk Tomasz Drągowski #         agatomcosmetics@gmail.com     #605 677 190
Agnes Gabinet Kosmetyczny Maciej Bogdan ##(86) 218 04 57
Agnes Salon Fryzjersko-Kosmetyczny #         salon.agnes@wp.pl     #(85) 746 37 30
Agnieszka Chojnicka ##794 436 062
Agnieszka Przestrzelska Studio Urody Aga #         aga.przestrzelska@onet.pl     #604 213 516
Agnieszka Radzajewska Salon Urody Glamour #         agusia0609@interia.pl     #607 275 435
Agnieszka Salon Urody Agnieszka Miękus #         agam710@interia.pl     #728 996 579
Akademia Piękna Eliza Zaręba #         eliza.zareba27@gmail.com     #502 027 522
Akademia Stylizacji Paznokci i Rzęs Diana Trzasko-Wnukowska ##505 251 381
Aksana Palubiatka ##690 096 440
Aleja Piękności Urszula Sadowska #         kontakt@denesis.pl     #792 614 283
Aleksandra Sobolewska Mafia Nails &amp; Hair #         fryzola2602@icloud.com     #737 700 760
Aletheia Kreowanie Wizerunku Anna Krot #         aletheia.lakowa@gmail.com     #533 175 172
Alexandra Nails Aleksandra Walendziewska #         aleksandrawalendziewska.nails@gmail.com     #Oceń firmę i napisz o niej opinię:
Alga Studio Kosmetyczne Renata Konopko #         renataalga@wp.pl     #(85) 743 22 45
Alicja Chojnowska Studio Stylizacji Alusza #         alusza86@wp.pl     #Oceń firmę i napisz o niej opinię:
Alicja Studio Fryzur i Urody #         alicjamat27@o2.pl     #600 973 875
Alina Kozłowska Salon Fryzjersko-Kosmetyczny Mey-Dey ##(85) 732 15 96
Allegro24 Kamil Newel - Wspólnik Spółki Cywilnej #         belpolbt@gmail.com     #Oceń firmę i napisz o niej opinię:
Allegro24 Kamil Newel Vitali Zhuk S.C. ##660 403 711
Almada Zakład Fryzjerski Ewa Ciborowska #         ciborowski.piotr9@gmail.com     #782 676 865
Amaranti Paszkowska Anna Salon Kosmetyczny ##505 207 942
Ambasada Urody Jj Justyna Jarmoc #         justynakundzicz@wp.pl     #696 454 667
Amora.pl #         bialystok@amora.pl     #785 382 821
Anagen Shop Paweł Bazarewski #         anagenshops@gmail.com     #789 151 154
Anastasiya Kamińska Salon Kosmetyczny #         anastazja.kharchuk@gmail.com     #668 539 281
Aneta Czarnecka Gabinet Kosmetyczny- FHU ##602 376 761
Aneta Ostaszewska #         anetaostaszewska@op.pl     #500 498 315
Aneta Żukowska #         fryzjerstwo.zukowska@gmail.com     #Oceń firmę i napisz o niej opinię:
Angel - Mobilne Studio Kosmetyczne Angelika Mielniczuk #         angel.mobilnakosmetyka@gmail.com     #783 675 023
Angelroom Studio Urody Angelika Cylwik ##577 523 740
Anika Kids Aneta Pawłowska Justyna Szyszko S.C. #         kontakt@anikakids.com.pl     #736 077 082
Anisimowicz Maria Gabinet Kosmetyczny ##(85) 661 59 06
Anita Olszewska Salon Kosmetyczny #         anitaolszewska@onet.pl     #Oceń firmę i napisz o niej opinię:
Anko Andrzej Kopczuk ##(85) 744 50 06
Anna Barcicka Salon Fryzjersko-Kosmetyczny Być Kobietą ##509 512 686
Anna Cudna Stylizacja Paznokci i Makijaż Okolicznościowy Anna Witkoś #         annacudna666@wp.pl     #Oceń firmę i napisz o niej opinię:
Anna Grądzka Art&amp;Beauty #         anna.gradzka2@wp.pl     #Oceń firmę i napisz o niej opinię:
Anna Justyna Tarasiuk #         anna.justynatarasiuk@gmail.com     #Oceń firmę i napisz o niej opinię:
Anna Kozłowska Sklep Kosmetyczny-Kwiaciarnia ##(86) 277 39 10
Anna Studio Kosmetyczne Anna Andraka ##(85) 744 61 32
Anna Szpuda #         annaszpuda@onet.pl     #Oceń firmę i napisz o niej opinię:
Anna Szumska Anna Szumska #         anialipowa@interia.pl     #(85) 682 56 56
Annstudio Anna Oświecińska ##513 183 196
Anro Sprzedaż Artykułów Kosmetycznych Anna Superson ##(85) 651 06 61
Aromatique Daniel Kowalewski #         biuro@aromatique.pl     #(85) 655 05 02
Arte Beauty Serhii Panasiuk #         artebeauty.s.p@gmail.com     #Oceń firmę i napisz o niej opinię:
Artur Wardaszka #         arturwar47@wp.pl     #Oceń firmę i napisz o niej opinię:
As Nails Aleksandra Sadowska #         aleksandra.s77769@gmail.com     #Oceń firmę i napisz o niej opinię:
AS Salon Kosmetyczny Tamara Łazewska ##502 567 821
AS Salon Kosmetyczny Tamara Łazewska #         ltamara@o2.pl     #502 567 821
Asti Studio Kosmetyczne Anna Korycinska ##(85) 667 21 28
Astim S.C. Przedsiębiorstwo Handlowo-Usługowo-Produkcyjne K. A. Dwilewicz ##(85) 676 00 66
Atelie Fryzjersko-Kosmetyczne U Bożeny Bożena Pękiewicz ##886 144 180
Atelier Emilia Rapcewicz ##(85) 717 03 19
Atelier Mo-Ka Katarzyna Niczyporuk-Szyło ##518 294 254
Atelier Mo-Ka Monika Kozłowska-Moczulska #         monikakozlowskan@wp.pl     #731 233 419
Atelier Piękna Emilia Bagińska ##729 848 329
Atelier Regucka Monika Regucka #         monikaregucka@wp.pl     #505 012 042
ATELIER URODY GABINET KOSMETOLOGII Claudia Chromińska #         clauduchaaxd@gmail.com     #698 795 455
Atelier Urody Joanna Rogalińska ##733 123 246
Atelier Urody Katarzyna Ostapowicz #         kasia.ostapowicz13@wp.pl     #668 805 286
Atmosfera Salon Kosmetyczny Sylwia Białodzińska #         atmosfera.augustow@op.pl     #782 322 604
Aura S.C. Katarzyna Maziewska Krzysztof Maziewski #         administrator@aura.bialystok.pl     #(85) 746 01 86
Aura Studio Kosmetyczne Iwona Sulik #         iwas16@onet.pl     #514 133 213
Avangarda Salon Fryzjersko-Kosmetyczny #         aga@avangarda.com.pl     #Oceń firmę i napisz o niej opinię:
Avon Cosmetics Polska Sp. z o.o. Centrum Obsługi ##(85) 744 50 43
Awangarda Kosmetologia Marta Marczykowska ##(86) 307 02 52
Aw-Some Agnieszka Wiercińska #         wiercinska.agnieszka@gmail.com     #692 166 885
B4U Anna Ostasiewicz #         anna.ostasiewicz@tlen.pl     #Oceń firmę i napisz o niej opinię:
BABOR Gabinet Kosmetyczny #         baborbialystok@wp.pl     #(85) 743 64 67
Bakossa Bartosz Sarat ##603 757 773
Balea Permanent And Makeup Studio Beata Ciechanowicz #         beata-jarosz89@wp.pl     #511 713 023
Barbara Modzelewska #         basia.modzelewska@gmail.com     #Oceń firmę i napisz o niej opinię:
Barbara Sawicka ##503 017 264
Barber Queen Paulina Mrozowicz #         paulina1989.1989@o2.pl     #Oceń firmę i napisz o niej opinię:
Barbershop Mateusz Kozłowski #         mateusz.kozlowski020202@gmail.com     #Oceń firmę i napisz o niej opinię:
Bartoszewicz Małgorzata Salon Fryzjersko-Kosmetyczny #         salonbartoszewicz@gmail.com     #(85) 654 62 61
Basia Salon Urody Barbara Olejniczak ##(87) 565 03 84
Bc Beauty Beata Czochańska ##508 323 016
Be Beauty by Monika Zielińska ##570 153 196
BE Beauty Salon Urody Emilia Uścinowicz #         euscinowicz@o2.pl     #534 140 740
Beabeauty Gabinet Kosmetyczny Beata Kotowska #         beaajar@o2.pl     #Oceń firmę i napisz o niej opinię:
Beata Jankowska Gabinet Odnowy Biologicznej i Rehabilitacji ##507 557 423
Beata Wróblewska Gabinet Kosmetyczny ##699 210 255
Beautiful Look Paulina Szarejko #         paulina.szarejko@o2.pl     #Oceń firmę i napisz o niej opinię:
Beauty &amp; Biznes Ewa Cybulko #         ewa.bial@wp.pl     #603 707 775
Beauty Art Studio Wioleta Hajdukiewicz #         wiolahaj82@gmail.com     #662 010 904
Beauty Derm Gabinet Kosmetologii Estetycznej Dominika J. Miałkowska Vel Jurjew ##(87) 566 63 81
Beauty Expert Hanna Czajka #         beautyexpert.bialystok@gmail.com     #Oceń firmę i napisz o niej opinię:
Beauty Face Gabinet Kosmetologii Medycznej mgr Kosmetolog Beata Domańska #         beata1024@wp.pl     #511 848 705
Beauty Face Karolina Kosińska ##515 477 070
BEAUTY HILLS Joanna Sojko #         kontakt@beauty-hills.pl     #510 421 041
Beauty Madame Salon Urody Magdalena Suszko #         magdas16@vp.pl     #514 206 405
Beauty Power Beata Bałazy #         bbalazy@wp.pl     #694 124 804
Beauty Room Ewelina Siękowska #         ewelinasiekowska@o2.pl     #513 256 180
Beauty Room Justyna Nieciecka ##664 230 956
Beauty Room Klaudia Sobocińska #         duskaa1997@gmail.com     #Oceń firmę i napisz o niej opinię:
Beauty Room Paulina Małaszko #         pmalaszko@gmail.com     #796 297 959
Beauty Room Weronika Buks #         wzielinska597@gmail.com     #Oceń firmę i napisz o niej opinię:
Beauty Secret Studio Kosmetyczne #         ewelinkaz6@o2.pl     #504 101 417
Beauty Service Wojciech Ożarowski ##(85) 744 57 55
Beauty Studio Magdalena Czyżyńska #         magdaczyzynska@gmail.com     #Oceń firmę i napisz o niej opinię:
Beautyland Żaneta Taraszkiewicz #         beautylandsalon@o2.pl     #508 417 635
Beautyloft - Paulina Nierodzik #         paulinanierodzik@o2.pl     #Oceń firmę i napisz o niej opinię:
Beautymobile Agnieszka Kuźmicka #         agnieszka_kuzmicka@o2.pl     #530 340 034
Bella Rose Gabinet Pielęgnacji i Wizażu Eliza Skórzyńska ##781 056 344
Bella Salon Kosmetyczny Liubou Semianovich #         lubcia7@o2.pl     #665 147 579
Belleza Studio Wizażu i Makijażu ##507 400 762
Bellezza Paulina Gromada Studio Kosmetyczne #         paulinagromada@onet.pl     #Oceń firmę i napisz o niej opinię:
Bestseller Danuta Skowrońska ##575 854 454
BFB Barbara Grygoruk #         kira85@o2.pl     #795 806 525
Bg Cosmetics Sp. z o.o. #         sklep@mariebrocart.pl     #796 540 987
Bielawiec Halina Firma Handlowo-Usługowa #         halkab@op.pl     #Oceń firmę i napisz o niej opinię:
Bifart S.C. Elżbieta Wolfart Cezary Wolfart #         bifart@gmail.com     #604 282 836
Bloom Lab Kinga Wakulińska #         bloomlab.k@gmail.com     #Oceń firmę i napisz o niej opinię:
Błyskotka Sara Wiewiórka #         sara.wiewiorka@wp.pl     #Oceń firmę i napisz o niej opinię:
Bm Nails - Stylizacja Paznokci Beata Matwiejczyk #         bmnails.stylizacjapaznokci@gmail.com     #Oceń firmę i napisz o niej opinię:
Bomar S.C. Marzanna i Wojciech Jadczak ##(86) 275 51 32
BS Studio Urody Barbara Siergiej ##504 717 599
B-Shop Filip Kraszyński #         filip-kra@wp.pl     #Oceń firmę i napisz o niej opinię:
Butterfly Studio Fryzur Marta Tyszka ##514 604 135
Capri Salon Urody Karolina Kędzia #         karolciak2@vp.pl     #Oceń firmę i napisz o niej opinię:
Careline Adam Chilecki #         careline@interia.pl     #734 184 653
Caroline Salon Kosmetyczny Karolina Bożek #         karolinabozek@o2.pl     #506 259 357
Cattleya Studio Beata Nowacka #         cattleyabn@gmail.com     #Oceń firmę i napisz o niej opinię:
Centrum Kosmetologii i Farmacji Fundacji Uniwersystetu Medycznego w Białymstoku #         katarzyna.zielinska@umb.edu.pl     #(85) 748 58 21
Centrum Makijażu Permanentnego i Centrum Szkoleniowe Dorota Wierzbicka #         wierzbicki21@o2.pl     #605 182 014
Centrum Pielęgnacji Stóp Ewelina Krupińska #         ewelina.krupinska90@gmail.com     #570 040 606
Centrum Urody i Laseroterapii Epilart Ewelina Kupiec #         efffi@o2.pl     #504 759 629
Centrum Zdrowia i Urody Wspaniały Młyn Anna Kieruj-Staniewicz ##502 088 422
Cerf Radosław Koc #         radoslaw.koc@wp.pl     #Oceń firmę i napisz o niej opinię:
Cerqa Iwona Ceremuga #         iwa1212@wp.pl     #518 222 735
Cezary Przedsiębiorstwo Handlowe Cezary Sadowski ##(85) 675 98 60
Cheri Centrum Urody i Odnowy Biologicznej Ramune Niewulis #         ramune_niewulis@o2.pl     #783 032 552
Cieszyńska Katarzyna „Walentynka” ##509 756 119
Colibri Makijaż Permanentny Aleksandra Ryżewska ##725 102 929
Cosmetics Group Michał Bójko #         efka@data.pl     #796 942 432
Crazy Needles Julia Zdanuczyk ##664 006 954
Cubeiq Sp. z o.o. Sp.k. ##533 888 499
Cudobajka Monika Cudowska #         cudobajka@gmail.com     #660 665 519
Czajna Iwona Powojska ##(86) 275 33 30
Czekolada Studio Urody Paulina Dyśko #         paulinakolada@wp.pl     #600 499 077
Dama Salon Fryzjersko-Kosmetyczny Agata Szymanowska ##(85) 732 67 60
Dar Natury Salon Urody Justyna Pietruczuk ##504 481 545
Dariusz Pieśniak #         dariuszpiesniak84@gmail.com     #Oceń firmę i napisz o niej opinię:
Darya Ilokhina #         daria.ilochina@wp.pl     #Oceń firmę i napisz o niej opinię:
Day Spa Studio Kosmetyczne Małgorzata Bielecka #         dayspa.suwalki@o2.pl     #508 080 116
Dąbrowska Wioletta Gabinet Kosmetyczny #         szczepanleb@wp.pl     #(85) 651 99 21
Deer Barber Filip Jeleniewicz ##572 586 525
Definicja Piękna Salon Kosmetyczny Paulina Sychowska ##573 743 923
Demi Studio Fryzjerskie Usługi Kosmetyczne Maria Gabruś ##(87) 565 63 39
Dermalift Gabinet Medycyny Estetycznej i Kosmetologii Katarzyna Dąbrowska #         dermalift.com@wp.pl     #508 870 124
Dermmedic Gabinet Kosmetyczny z Odnową Biologiczną Anna Bielicka ##(86) 212 62 56
Diamond Hurtownia Fryzjersko -Kosmetyczna Emilia Mikołajczyk #         diamond.augustow@o2.pl     #609 397 978
Diana Zalewska Pompadour #         xxdianka@onet.pl     #Oceń firmę i napisz o niej opinię:
Diva Sienkiewicz Sebastian #         diva.bialystok@wp.pl     #500 587 453
Doman_cut Bartłomiej Domanowski #         domancut11@gmail.com     #Oceń firmę i napisz o niej opinię:
Dora Studio Kosmetyczne Dorota Parfienowicz #         mpm-dystrybucja@wp.pl     #(85) 743 21 92
Doris Gabinet Kosmetyczny Dorota Świerzbicka ##(85) 744 68 23
Dor-Jan S.C. Sklep Kosmetyczny Dorota Włodkowska #         ph.dorjan@neostrada.pl     #(86) 272 34 06
Dorota Krawczuk Salon Kosmetyczny Doreen #         dorota.krawczuk.pl@gmail.com     #697 070 001
Dotyk Natury Day Spa #         biuro@dotyknatury.com.pl     #505 496 266
Dotyk Piękna - Magdalena Tymoszewska #         zaremba.magda90@gmail.com     #513 666 554
Dotyk Piękna Monika Szyszkiewicz ##667 288 223
Dotyk Piękna-Salon Kosmetyczny Patrycja Sekścińska ##504 603 456
Dowgiert Iwona Gabinet Kosmetyczny #         idowgiert@wp.pl     #602 340 311
Dream In Hanna Markiewicz #         haniamarkiewicz@o2.pl     #533 190 044
Drogeria #         kwiaciarniakolno@wp.pl     #692 337 489
Drogeria 1 . Irena Konopka 2. Kawiarnia Cukiernia Marzenia Podniebienia Irena Konopka 3. Irena Konopka - Wspólnik Spółki Cywilnej Agat ##(86) 475 46 82
Drogeria Celux Celina Kamińska #         sklep@celux.pl     #(87) 562 78 96
Drogeria Natura ##(86) 216 37 76
Drogeria Natura ##(85) 744 15 94
Drogeria Natura ##(87) 641 23 43
Ds Lash Sp. z o.o. #         sviatlana.sinkuts@fortuna-ltd.eu     #Oceń firmę i napisz o niej opinię:
Dubkowicz Anna Gabinet Kosmetyczny ##(85) 682 56 56
Działalność Usługowa Laura Wyszyńska #         laura.masuje.lomza@gmail.com     #Oceń firmę i napisz o niej opinię:
Dżasmina Usługi Kosmetyczne Justyna Czaplejewicz #         justysia437@wp.pl     #501 853 389
Ea Ewa Tarasiewicz #         tarasiewicz.ewaa@gmail.com     #883 128 805
Edicare Edyta Olender-Bajkowska ##535 611 064
Edyta Mróz Ambasada Piękna - Salon Kosmetyczny ##512 237 001
Efekt Salon Fryzjersko- Kosmetycznyjulita Osipiuk-Gredel #         julita.osipiuk@gmail.com     #516 324 336
Efekt Salon Fryzjersko-Kosmetyczny Katarzyna Złotnik ##(87) 563 22 00
Effekt Dla Ciebie Anna Niczyporuk ##783 825 682
Efrem Hurtownia Kosmetyki Profesjonalnej Adam Zdanowicz #         adam@efrem.bialystok.pl     #Oceń firmę i napisz o niej opinię:
Efremshop Judyta Zdanowicz #         judyta@efrem.bialystok.pl     #Oceń firmę i napisz o niej opinię:
Egon Ireneusz Mackiewicz Ireneusz Jerzy Mackiewicz - Hurt-Detal Art.Przemysłowych #         eg0n@autograf.pl     #Oceń firmę i napisz o niej opinię:
Elegancko Barbershop Jerzy Radziszewski #         jerzy.radziszewski@gmail.com     #Oceń firmę i napisz o niej opinię:
Elevita Poland Sp. z o.o. ##(85) 874 31 43
Eliisa Makeup Eliza Ciuba #         elizaciuba@gmail.com     #Oceń firmę i napisz o niej opinię:
Elita Maria Myszkowska ##(87) 565 03 55
Elixir Salon Urody Justyna Szczepańska #         justo676@wp.pl     #791 355 345
Eliza Kowalczyk Nails Studio ##798 466 265
Eliza Wasilewska Paznokciowy Kącik #         wasil.eliza@gmail.com     #Oceń firmę i napisz o niej opinię:
Elle Studio Ewa Buńkowska #         bunkowska.ewa@gmail.com     #Oceń firmę i napisz o niej opinię:
Elżbieta Adamska Elizabeth Ap-Art #         elizabethadamska@wp.pl     #(85) 679 51 44
Elżbieta Okrągła ##504 246 462
EM Studio Kosmetyczno-Fryzjerskie Edyta Szymczyk ##692 520 297
Emfryz Elżbieta Sokólska - Wspólnik Spółki Cywilnej #         j.sokolski@csk.pl     #(85) 740 48 93
Emilia Dębowska #         emma616@interia.pl     #507 429 771
Emilia Gawryluk Gama #         emilia07021993@wp.pl     #Oceń firmę i napisz o niej opinię:
Emilia Skłodowska-Szubzda #         emilka.sklodowska@wp.pl     #793 623 570
Emzet Michał Zaniewski #         michalzaniewski@onet.pl     #Oceń firmę i napisz o niej opinię:
Enigma Nails &amp; Lashes Mariola Saczko ##504 027 719
EpiLIGHT Gabinet Kosmetyczny #         epilight@wp.pl     #721 767 540
Equalan Pharma Europe Sp. z o.o. #         biuro@equalanpharma.eu     #(85) 653 73 47
Erbel Cosmetics Hurtownia Wojciech Kuc #         erbel@erbel.pl     #(85) 743 43 33
Erbel Cosmetics Katarzyna Kuc #         kasia@erbel.pl     #(85) 740 45 15
Erbel Cosmetics Wojciech Kuc #         erbel@erbel.pl     #(85) 743 43 33
Eris Partner Białystok Sp.j. Czembrowski #         eps@erispartner.pl     #(85) 675 58 06
Eris Partner Suwałki-Siemiaszko Sp.j. #         suwalki@erispartner.pl     #(87) 563 07 71
Erizo Natalia Jeż-Jeżewska ##791 734 844
Estetika Gabinet Kosmetyczny &amp; Bimbola Makeup Anna Micun-Kursa ##506 805 636
Estetyka Urszula Tomczyk #         gabinet@gabinetestetyka.com.pl     #505 711 882
Estetyka Usługi Kosmetyczno-Podologiczne Urszula Łobko #         ula@estetykabialystok.pl     #518 456 436
Euforia Studio Urody Grażyna Stefanowska #         grazynastefanowska@o2.pl     #(87) 568 53 05
Eve Ewa Chrołowska #         e.chrolowska@wp.pl     #604 185 821
EVE Kosmetyka Estetyczna Ewa Kucejko-Pawlata #         eve.kosmetykaestetyczna@gmail.com     #500 510 922
Evita Salon Fryzjersko-Kosmetyczny Magdalena Joanna Manowska ##(85) 661 25 45
Ewa Salon Fryzur Klimaszewska Ewa ##(85) 653 42 57
Ewa Sklep Przemysłowy Ewa Wasilewska ##(87) 567 88 88
Ewelina Łapicz #         ewelinalapicz11@gmail.com     #Oceń firmę i napisz o niej opinię:
Ewelina Przedsiębiorstwo Handlowo-Usługowe ##(86) 219 13 83
Ewitom Ewelina Kuklińska ##535 766 966
Excellent Spa Salon Kosmetyczny Irena Szutko ##696 426 320
Exito Dariusz Sadowski #         sadow_ski.d@wp.pl     #Oceń firmę i napisz o niej opinię:
Fabryka Lalek Kamila Żodkiewicz ##690 653 444
Fabryka Piękna Salon Kosmetyczny Angela Sewastynowicz-Hermaniuk #         angela.sewastynowicz@wp.pl     #518 905 962
Fama Paula Tarasewicz ##695 158 363
Fancy Beauty Studio Urody Julia Brzozowska #         jul.brz.98@wp.pl     #Oceń firmę i napisz o niej opinię:
FBG-Katarzyna Rybnik #         kasiarybnik77@tlen.pl     #606 386 059
Feminelle Salon Urody Urszula Szabłowska ##501 440 834
Fenix Przedsiębiorstwo Handlowo-Usługowe Joanna Zajkowska ##668 823 118
FHU Gizela Kamińska ##604 499 202
FHU Maks Team Dariusz Mateusiak #         dmateusiak@drizapolska.pl     #503 304 755
Fiłonowicz Agnieszka Zakład Fryzjerski Damsko-Męski ##506 462 203
Fizjolift Elżbieta Pęza #         fizjo.lift.kobido@gmail.com     #Oceń firmę i napisz o niej opinię:
Flesh Izabela Klepacka-Dunajko ##691 111 186
Focus Artsiom Biartsevich #         temafocusbarber@gmail.com     #Oceń firmę i napisz o niej opinię:
Foxia Katarzyna Sierakowska #         k.sierakowska@o2.pl     #Oceń firmę i napisz o niej opinię:
Friday-Makeup Sylwia Piątek #         sylwia@friday-makeup.pl     #501 265 393
Fryzela Sp.j. Elżbieta Chwicewska Stanisław Chwicewski #         fryzela@grupa.polwell.pl     #(85) 745 56 20
Fryzela Sp.j. Elżbieta Chwicewska Stanisław Chwicewski #         fryzela1@gmail.com     #(85) 745 13 97
Gabinet Kosmetologiczny Mgr Angelika Apanowicz-Kozicka #         gabinet.apanowiczkozicka@gmail.com     #Oceń firmę i napisz o niej opinię:
Gabinet Kosmetologii Estetycznej Aleksandra Hlebowicz #         kontakt.ahcosmetology@gmail.com     #Oceń firmę i napisz o niej opinię:
Gabinet Kosmetologii Estetycznej Justyna Kosińska ##513 004 512
Gabinet Kosmetologii Pielęgnacyjnej Aleksandra Sobolewska #         aleksandra.kosmetologia@o2.pl     #502 571 171
Gabinet Kosmetyczny Agis Agnieszka Popławska #         radkiewicz86@wp.pl     #Oceń firmę i napisz o niej opinię:
Gabinet Kosmetyczny Azi Izabela Guzowska #         izaguzowska23@wp.pl     #505 056 133
Gabinet Kosmetyczny Babie Lato Paula Małyszko ##510 383 176
Gabinet Kosmetyczny Be Beauty Ewelina Kobus #         kobus.ewelina@wp.pl     #516 582 334
Gabinet Kosmetyczny Beata Markowska #         beatmar@interia.pl     #534 903 123
Gabinet Kosmetyczny Beata Sulewska ##505 359 658
Gabinet Kosmetyczny Cosmeo Ewa Grzegorczuk ##(86) 218 36 28
Gabinet Kosmetyczny Diva Milena Zieja #         diva.gabinet@gmail.com     #515 313 730
Gabinet Kosmetyczny Elwira Berestiuk ##(85) 710 44 25
Gabinet Kosmetyczny Ewa Boszko ##889 570 992
Gabinet Kosmetyczny Ewa Wyszyńska ##506 676 221
Gabinet Kosmetyczny Ewelina Łukaszewicz #         ewelinus21@wp.pl     #602 383 267
Gabinet Kosmetyczny Karolina Prymaka-Molawko #         prymakakarolina@gmail.com     #Oceń firmę i napisz o niej opinię:
Gabinet Kosmetyczny Katarzyna Mączka ##(85) 654 33 87
Gabinet Kosmetyczny &#039;&#039;Kącik Piękna&#039;&#039; Katarzyna Włodarczyk #         kosmetykawlodarczyk89@gmail.com     #Oceń firmę i napisz o niej opinię:
Gabinet Kosmetyczny Krzysztofa Joanna Chojnowska ##694 587 141
Gabinet Kosmetyczny Małgorzata Ilona Tylenda ##(87) 565 00 28
Gabinet Kosmetyczny Małgorzata Ilona Tylenda #         malgosia.gabinet@op.pl     #(87) 563 02 80
Gabinet Kosmetyczny Renata Krzynówek ##508 871 220
Gabinet Kosmetyczny Styl Górniak Iwona Marta ##509 414 742
Gabinet Kosmetyczny Sylwia Antonik ##793 366 775
Gabinet Kosmetyki Profesjonalnej i Laseroterapii Nice Paulina Mieczkowska ##505 956 978
Gabinet Odnowy Biologicznej Renata Rytel #         renata-rytel@wp.pl     #Oceń firmę i napisz o niej opinię:
Gabinet Piękna Be Beauty Sylwia Kosińska #         sylwusssska@wp.pl     #Oceń firmę i napisz o niej opinię:
Gabinet Piękna Monika Borowska #         monika.borowska1997@wp.pl     #Oceń firmę i napisz o niej opinię:
Gabinet Podologiczno-Kosmetyczny Ewa Smalikowska-Bruczko #         zadbane-stopy@wp.pl     #883 707 701
Gabriela Brzezińska Pazurkolandia #         gabinia48@wp.pl     #Oceń firmę i napisz o niej opinię:
Gama Sklep Wielobranżowy Andrzej Chmiel #         sklepgama2@wp.pl     #Oceń firmę i napisz o niej opinię:
Glam Karolina Parda #         karolina_parda@wp.pl     #Oceń firmę i napisz o niej opinię:
Glam Room Milena Wiszniewska ##537 331 565
Glam Studio Ewa Drobniewska #         kontakt@drobniewskapmu.pl     #794 756 801
Glamour Studio Kosmetyczne Joanna Pasiuk ##508 530 487
Gn Studio Natalia Gruszczyńska #         natalia.gruszczynska96@gmail.com     #662 151 544
Goat Barber Mikołaj Kozakiewicz #         mikus76king@gmail.com     #Oceń firmę i napisz o niej opinię:
Goniądz Za Marzeniami Salon Urody Katarzyna Roszczewska ##797 539 568
Good Look Sylwia Perko #         sylwiaperko@wp.pl     #Oceń firmę i napisz o niej opinię:
Good Touch - Beauty &amp; Masage Joanna Snarska #         asiuni88@wp.pl     #881 221 126
Gotlib Paweł #         gotlib.pawel@gmail.com     #Oceń firmę i napisz o niej opinię:
Gozdur Jolanta ##(85) 730 40 30
Grześ Bożena Sklep Kosmetyczny ##502 547 915
GT - Trade G. Roszkowski i T. Saczko S.C. #         perfectgirls.allegro@gmail.com     #884 824 856
Gwiazdeczka Nails Usługi Kosmetyczne Joanna Wiszowata #         gwiazdeczkanails@o2.pl     #Oceń firmę i napisz o niej opinię:
Hair Stylist Milena Świacka #         milenazysko225566@gmail.com     #Oceń firmę i napisz o niej opinię:
Hair&#039;Izma Yuliya Ivina-Tratsiak #         hairizma8@gmail.com     #Oceń firmę i napisz o niej opinię:
Halina Bednarska Usługi Fryzjerskie i Kosmetyczne ##875 162 906
Halina Pleskowicz ##(85) 873 33 98
Hanna Rastsiahayeva Gabinet Kosmetyczny #         rastegaeva_anna@mail.ru     #Oceń firmę i napisz o niej opinię:
Harmonia Zmysłów Justyna Mróz #         harmoniazmyslow@vp.pl     #604 156 054
Hasztag Kosmetolog Magdalena Zaręba #         magdalena_zareba@poczta.fm     #662 184 137
Havol Sp. z o.o. #         biurohavol@gmail.com     #Oceń firmę i napisz o niej opinię:
Healthy Skin Clinic Klaudia Wiśniewska #         k.wisniewska@hsclinic.pl     #887 341 086
Heaven Studio Konopko Daria #         konopko.dar@gmail.com     #Oceń firmę i napisz o niej opinię:
Henryka Protasiewicz Tytanowa Pani #         tytanowapani@gmail.com     #Oceń firmę i napisz o niej opinię:
Hexeline Halina Zawadzka Sklep Firmowy #         bialystok@hexe.com.pl     #Oceń firmę i napisz o niej opinię:
Hialuron Instytut Medycyny Estetycznej i Kosmetologii #         biuro@medycynaestetycznabialystok.pl     #(85) 831 12 61
House Of Beauty Karolina Wasilewska #         k_rozmyslowska123@wp.pl     #Oceń firmę i napisz o niej opinię:
Hr International Sp. z o.o. #         sklep@pieknewlosyonline.pl     #739 005 007
HR Studio Fryzjersko - Kosmetyczne Hanna Roszkowska ##508 308 540
Hsr Robert Olechno - Wspólnik Spółki Cywilnej Osk Robert Olechno #         robsoon1@poczta.onet.pl     #604 169 840
Hydro-Expert Radosław Leszczyński #         hydro_expert@op.pl     #503 859 511
Ideał Piękna Instytut Kosmetologii Estetycznej Aneta Ewa Wyszkowska ##514 511 554
Ikona Piękna Natalia Zwolińska #         natalkazwolinska@gmail.com     #Oceń firmę i napisz o niej opinię:
Image Aneta Lewczuk Salon Kosmetyczny ##512 920 155
Image Gabinet Kosmetyczny Ewa Grabowska ##(86) 275 36 59
Image Marta Roszkowska #         marka51@wp.pl     #509 625 280
Imart Izabela Michalska #         izabela.michalska@poczta.fm     #512 238 426
Inglot Sp. z o.o. ##(85) 876 20 16
Innowacyjna Kosmetologia Paulina Dmuchowska #         pdmuchowska@gmail.com     #507 225 414
Instytut Kosmetologii Lidia Maria Cudowska #         gabinet@instytut-kosmetologii.pl     #883 911 588
Instytut Piękna 7 Jarmołowicz Karolina ##504 826 444
Instytut Urody Cosmetica Karolina Dąbrowska i Donata Modzelewska - S.C. #         cosmetica@op.pl     #600 966 008
Instytut Urody Ewelina Sikorska ##511 903 626
Instytut Urody Iwona Koller-Staszczak #         instytuturodyiks@wp.pl     #Oceń firmę i napisz o niej opinię:
Instytut Urody Magnoliakatarzyna Romanowska #         kasiacwalinska@o2.pl     #667 998 616
Intercosmetic Sp. z o.o. ##(86) 218 04 11
Invictus Adam Szekalski ##730 209 749
Isabell Izabela Perzanowska #         izakrasz@gazeta.pl     #Oceń firmę i napisz o niej opinię:
Italianka Anna Malinowska ##(86) 271 41 83
Iva Iwona Ołdakowska #         iwoncia74@wp.pl     #(85) 654 66 58
Iwona Drogeria Mikołajczyk Iwona ##667 765 921
Izabela Kuczyńska ##535 554 911
Iza-Bella Izabela Pruszyńska #         izunia1609@wp.pl     #530 866 211
Izis Gabinet Kosmetyczny Grażyna Łapińska ##(85) 654 56 74
Jakubowska Izabela Gabinet Kosmetyczny ##(85) 716 24 95
Jaroszewicz Anna Salon Kosmetyczny ##501 663 244
Jh Studio Maciej Hołubowicz ##518 166 347
J&amp;M Julita Nos #         biuro@barberbialystok.pl     #Oceń firmę i napisz o niej opinię:
Joanna Gieniusz Stylizacja Rzęs i Paznokci #         majeczka12042012@wp.pl     #Oceń firmę i napisz o niej opinię:
Joanna Kiszkiel Hair Club #         joanna.citko85cf@gmail.com     #Oceń firmę i napisz o niej opinię:
Joanna Med Naczas Joanna #         drogeriajoanna@gmail.com     #Oceń firmę i napisz o niej opinię:
Joanna Pasiuk Nails&amp;Beauty Gabinet Kosmetyki Profesjonalnej ##510 735 206
Joanna Rogalska Przedsiębiorstwo Handlowo-Usługowe Joanna ##(85) 718 65 78
Joanna Samojło #         joannasamojlo@wp.pl     #Oceń firmę i napisz o niej opinię:
Joka Salon Kosmetyczny Joanna Karpuk #         salon.joka@gmail.com     #500 550 037
Jo-Ko Gabinet Kosmetyczny Joanna Kozłowska ##507 390 416
Jolanta Szczypień Styl ##503 795 543
Julia Sinkiewicz #         julia.sinky@gmail.com     #Oceń firmę i napisz o niej opinię:
Julia Tomkiel Studio Art #         juliatomkiel@interia.pl     #790 346 404
Julita Rajkowska- Mobilna Stylistka Rzęs #         julita.marlena@gmail.com     #790 209 655
Julka Aneta Jachimowicz ##600 372 106
July Julia Karpuk #         july.pmu@gmail.com     #Oceń firmę i napisz o niej opinię:
Justyna Głuszyńska - Salon Urody #         justynagluszynska@wp.pl     #665 729 098
Justyna Popławska Laulen ##661 921 900
Kabe Salon Urody Katarzyna Bałdowska ##508 146 504
Kamelia Marzena Górska ##516 807 847
Kamil Goroszewski ##602 733 019
Kamila Chwiećko #         kamilachw@gmail.com     #794 170 847
Kamila Kakareko #         kamila_kakareko@interia.pl     #796 755 070
Kamila Kostecka Professional Make Up - Kamila Walczyk #         make-up.kostecka@wp.pl     #884 268 995
Kamyk Dom Towarowy Bożenna Kazimiera Zieńcina ##663 491 663
Kamyk Dom Towarowy Zdzisław Tokarzewski ##(87) 641 20 24
Karat Teresa Popławska ##(85) 745 47 41
Karolina Salon Zdrowia i Urody Edyta Kielczyk #         kielczykedyta@wp.pl     #Oceń firmę i napisz o niej opinię:
Karolina S.C. Ewa Świtaj Sylwester Małysko #         sylwi1234@gmail.com     #509 210 312
Karolina Ustaszewska - Karolina Makeup Beauty #         karolina.ustaszewska01@wp.pl     #Oceń firmę i napisz o niej opinię:
Kasia Gabinet Kosmetyczny Katarzyna Baluk #         sliwka84@op.pl     #608 859 505
Katarzyna Brzezińska Kosmetolog ##(85) 686 90 21
Katarzyna Kreszpieniuk Salon Beauty K #         kasiadrozd90@o2.pl     #Oceń firmę i napisz o niej opinię:
Katarzyna Niemyjska #         kprzymierska@interia.eu     #500 035 931
Katarzyna Sawko Mobilne Studio Kosmetyczne ##506 043 384
Katarzyna Szymborska Make Up Room #         szymborska.makeup@gmail.com     #Oceń firmę i napisz o niej opinię:
Katsiaryna Brui #         brui.katya@icloud.com     #Oceń firmę i napisz o niej opinię:
Keller Glam Studio Agata Keller ##502 988 042
Kinga Felczuk #         kinga12412@interia.pl     #Oceń firmę i napisz o niej opinię:
Klaudia Bohdan Project Beauty #         klaudia.bohdan999@gmail.com     #Oceń firmę i napisz o niej opinię:
Klinika Krawiel - Paula Katarzyna Krawiel #         paulakrawiel@op.pl     #512 229 159
Klinika Piękna Urszula Ambrożewska ##(85) 744 50 36
Klinika Skóry Gabinet Kosmetologii i Trychologii Aleksandra Rukścińska #         klinikaskory.bialystok@gmail.com     #Oceń firmę i napisz o niej opinię:
Kobieciarnia Salon Kosmetyczny Zuzanna Masełbas ##519 827 560
Kobieteria - Studio Urody Marlena Kaczyńska #         marlenak92@interia.pl     #506 641 482
Koloroterapia Olga Gudan #         olga404@wp.pl     #Oceń firmę i napisz o niej opinię:
Konrad Olszewski #         olsza1989@gmail.com     #Oceń firmę i napisz o niej opinię:
Kornel Sprzedaż Artykułów Przemysłowych Drogeria A. Uszyńska ##(85) 715 52 87
Kosmetix Drive Małgorzata Steć #         s.malgorzat@wp.pl     #723 457 654
Kosmetologia Justyna Drozd ##517 711 099
Kosmetologia Specjalistyczna Agnieszka Senderowska #         kosmetologsenderowska@gmail.com     #Oceń firmę i napisz o niej opinię:
Kosmetyczne Niebo Sylwia Mojsiuk #         kosmetyczneniebo.sm@gmail.com     #Oceń firmę i napisz o niej opinię:
Kosmyk Salon Fryzjersko-Kosmetyczny Grażyna Nartowicz ##(87) 567 79 51
Kowalczyk Joanna Gabinet Kosmetyczny ##(86) 278 30 70
Kowalewska Beauty Studio Marta Kowalewska #         kowalewska.bs@gmail.com     #Oceń firmę i napisz o niej opinię:
Kozłowska Magdalena Kamea - Gabinet Kosmetyczny ##668 177 739
Krętowska Justyna Usługi Kosmetyczne #         justysiunia89@gmail.com     #509 702 032
Królestwo Paznokcia Agnieszka Wasilewska #         gusia18_2004@wp.pl     #606 165 944
Kulik Magdalena Salon Fryzjersko-Kosmetyczny #         madzia.1977@interia.pl     #660 724 173
Kwiat Lotosu Aneta Kowalewicz ##(85) 652 59 58
La Familia Barbershop Artur Mucharski ##519 811 034
La Femme Studio Kosmetyczne Magdalena Kulesza-Parmańczuk ##510 357 215
La Perla Julita Truchan-Janczewska ##(85) 742 17 15
La Vendowy Salon - Kosmetyka Profesjonalna &amp; Spa Ewa Olkowska-Pawłowska ##884 366 556
Laboratorium Urody Sylwia Giba #         sylwienka_87@wp.pl     #793 246 001
Laboratory Laudor Sp. z o.o. #         kontakt@idealnature.pl     #793 690 735
LADIES Studio Urody #         studiourody@o2.pl     #(85) 744 17 62
Lady Artist Michalina Zdasiuk-Czajkowska #         lady.artist@wp.pl     #Oceń firmę i napisz o niej opinię:
Lady Lash Martina Suchocka ##797 340 073
Lala Face Studio Urody Magda Daniło ##724 776 667
LAPERFECT Małgorzata Bogdanowicz #         m_bo1@op.pl     #600 226 888
Laser Studio Yuliya Slesarchyk #         j.tagil@mail.ru     #Oceń firmę i napisz o niej opinię:
LASERLAND #         salon@laserland.pl     #530 340 034
Lash &amp; Make Up Aldona Łupińska ##511 114 322
Lawendowe Chwile Gabinet Kosmetyczny Małgorzata Grześkowiak #         mojarybka@neostrada.pl     #604 996 634
Lejdis Studio Urody Joanna Woźniak #         kontakt@studiourody-lejdis.pl     #510 969 959
Leo Helena Postnik Beauty Studio #         231900helena@gmail.com     #Oceń firmę i napisz o niej opinię:
Letti Warsztat Piękna Milena Kieczmerska #         milenakieczmerska@interia.pl     #721 997 888
Like Studio Lesia Korniichuk #         lesyaoni@gmail.com     #Oceń firmę i napisz o niej opinię:
Lipstick Wizaż i Kosmetyka Justyna Urwan ##503 430 883
Lipstiq Bożena Prusinowska ##500 459 492
Loczek Joanna Chmielewska #         afrin@wp.pl     #Oceń firmę i napisz o niej opinię:
Lok&amp;Rock Patrycja Prus #         pati98762@wp.pl     #739 609 591
Looksus Joanna Tarasiuk ##501 968 938
Lotos S.C. Sklep Jadwiga Kosacz Maria Proskień ##(85) 652 48 06
Lovenails - Helena Kukiełka #         helenakukielka@gmail.com     #792 002 152
Lumi Breczko Kozłowska Sp.j. #         kozlowska.michalina@gmail.com     #Oceń firmę i napisz o niej opinię:
Luna Zakład Fryzjersko - Kosmetyczny Joanna Wojcieszek #         joanwojcieszek@gmail.com     #502 759 447
Lustro Ep Ewelina Popławska #         ewelinapoplaswska1993@gmail.com     #Oceń firmę i napisz o niej opinię:
Luxury Aesthetics Natalia Nowak #         luxury_aesthetics@wp.pl     #782 193 760
Łubińska Monika Kosmetyczne Salony #         lubinska.monika@gmail.com     #Oceń firmę i napisz o niej opinię:
Mabeige Clinique Karolina Stelmaszek #         mabeigeclinique@gmail.com     #503 963 146
Madeleine Salon Urody Magdalena Magnuszewska ##511 164 391
Madlen Salon Kosmetyczny Magda Grabala #         madlen.bialystok@gmail.com     #517 439 033
Magda Narewska #         narewska.m@gmail.com     #504 197 007
Magdalena Pansegrouw, Lawendowy Staw #         info@lawendowystaw.pl     #Oceń firmę i napisz o niej opinię:
Magdalena Sznurkowska ##505 069 325
Magdalena Weremczuk Madlen ##(85) 873 13 11
Magdalena Wróblewska #         magdazuziamikus@wp.pl     #Oceń firmę i napisz o niej opinię:
Magda-Nail Art Magdalena Pawluczuk #         madzia9494@o2.pl     #Oceń firmę i napisz o niej opinię:
Magia Włosa Justyna Wojdak #         justynawojdak1985@onet.pl     #570 583 203
Mago Marta Agata Gołaszewska #         magatka10@gmail.com     #504 319 046
Make Me Lashes - Mobilna Stylizacja Rzęs Małgorzata Kopiczko ##575 684 999
Make Up &amp; Beauty Joanna Pacuk #         joanna.pacuk@o2.pl     #732 870 128
Make Up Ewelina Marchel ##512 019 517
Make Up Justyna Miazga #         justynamiazga1992@gmail.com     #513 879 713
Make Up Katarzyna Młodzianowska #         makijazhajnowka@gmail.com     #667 427 353
MAKE UP ROOM STYLIZACJA PAZNOKCI I WIZAŻ Kamila Zaborowska ##539 905 406
Makeart Studio Aleksandra Andrulewicz #         ola112ola@interia.pl     #Oceń firmę i napisz o niej opinię:
Makeup &amp; Beauty By Sara Szmidt #         sara-szmidt@wp.pl     #519 687 770
Makeup Artist Aleksandra Dzieszko #         ola.dzieszko@icloud.com     #Oceń firmę i napisz o niej opinię:
Make-Up Artist Ecmich Aneta Kolendo-Borowska ##606 267 770
Makeup Lab Kamila Kudrewicz #         kamila.kudrewicz@onet.eu     #Oceń firmę i napisz o niej opinię:
Make-Up Magdalena Modzelewska #         modz.magdalena@gmail.com     #791 062 831
Make’up&amp;Nails Monika Gacka ##789 209 945
Malarnia By Marta Majewska Studio Makijażu Permanentnego #         hello@marta-majewska.pl     #508 771 668
Malowane Rzęsy - Emilia Kijek ##797 279 009
Malowanki Anna Tyszka #         annatyszka00@gmail.com     #Oceń firmę i napisz o niej opinię:
Małgorzata Anna Domańska-Bujko Macierzanka ##606 911 966
Małgorzata Perkowska La Visage ##512 082 483
Małgorzata Sacharczuk Salon Kosmetyczny Margo ##506 539 284
Małgosia Gabinet Kosmetyczny Małgorzata Oksztulska ##509 967 468
Małgośka Salon Fryzjersko-Kosmetyczny Małgorzata Romaniuk ##(85) 745 17 13
Mani Land Stylizacja Paznokci Sylwia Nowacka ##783 469 771
Mani Maker Marlena Godlewska ##505 036 656
Manifiq Diana Charko - Usługi Mobilne #         deewuu7@wp.pl     #Oceń firmę i napisz o niej opinię:
Manster Piotr Paczkowski #         xabros6@gmail.com     #Oceń firmę i napisz o niej opinię:
Manufaktura Piękna Gabinet Kosmetologii Magdalena Wiertel ##515 324 240
Manufaktura Rzęs Aleksandra Ulatowska #         ulaola95@gmail.com     #514 238 606
Marcin Miedźwiedziew ##698 888 787
Marek Dwilewicz Usługi Handlowe #         mdwilewicz@gmail.com     #Oceń firmę i napisz o niej opinię:
Maria Gabriela Malesińska #         mariamalesinska@gmail.com     #507 499 090
Marina Barnowska #         marinabarnowska@gmail.com     #Oceń firmę i napisz o niej opinię:
Marlena Plaga #         marlena.plaga1@gmail.com     #Oceń firmę i napisz o niej opinię:
Marlena Wiśniewska Gotowe Na Wszystko ##514 756 708
Marllow Maria Tomaszewska #         mtomaszewska92@gmail.com     #Oceń firmę i napisz o niej opinię:
Marta Gawieńczuk #         marta.gawienczuk@gmail.com     #Oceń firmę i napisz o niej opinię:
Marta Gąska Creative #         marta-tymoszuk@wp.pl     #Oceń firmę i napisz o niej opinię:
Marta Kamińska Make Me Beauty #         beauty-kaminska@wp.pl     #502 445 315
Marta Kozioł Make Up Artist #         martakoziolmakeup@gmail.com     #792 197 908
Marta Kozłowska Looksus Studio Wizażu i Kosmetyki #         marta.kozlowska79@wp.pl     #604 665 455
Marta Prokop Stylizacja Rzęs i Brwi #         m.d.rzesy@gmail.com     #515 395 763
Marta Sklep Wielobranżowy Bogusław Pogorzelski ##(85) 712 40 49
Marta Tomaszewska Mk Studio #         mkstudiof@gmail.com     #797 205 776
Martyna Klimaszewska #         maartynkaa1994@o2.pl     #502 133 392
Matex Przedsiębiorstwo Produkcyjno-Usługowo-Handlowe Piotr Mach ##(85) 868 46 45
Mati Jolanta Stulgis ##(85) 742 05 48
Matis Salon Kosmetyczny Małgorzata Sokołowska ##(85) 746 01 89
Matis Sklep Internetowy #         dywanowysklep@gmail.com     #Oceń firmę i napisz o niej opinię:
Mattove S.C. P.Jakimowicz, M.Radzio #         sklep@mattove.pl     #570 020 203
Mayli Pracownia Kosmetyczna Joanna Jankowska #         informatyk@szepietowo.pl     #606 282 827
MB Studio Urody Marta Biegańska ##781 270 089
M-Beautynails Martyna Bućko #         martynka92x@o2.pl     #Oceń firmę i napisz o niej opinię:
Md Beauty Studio Mobilne Mariola Dębowska #         hanmari1@wp.pl     #Oceń firmę i napisz o niej opinię:
MD Studio Marta Dąbkowska #         mdstudiourody@gmail.com     #506 139 536
Medea Instytut Urody Izabela Jasielon-Przeździecka #         genovefa.j@wp.pl     #(85) 742 80 71
Medycyna Estetyczna S.C. i. Daniszewska i Wsp. #         i.daniszewska@wp.pl     #604 456 202
Merlin Studio Fryzjersko-Kosmetyczne Ewa Rejent #         ewa-rejent@wp.pl     #501 485 610
Metamorfoza Salon Kosmetyczny Karol Randzio ##(86) 261 03 13
Metamorfoza Salon Kosmetyczny Studio Fryzjerskie Joanna Anna Konicka #         metamorfozaasia@onet.pl     #535 466 444
Mielnicki Janusz Kosmetyczny Salon ##888 033 058
Milena Anna Kuklińska Mobilna Akademia Stylizacji #         milena.anna.kuklinska@gmail.com     #510 374 430
Milena Daniłowicz ##503 111 107
Milena Studio Urody Milena Perkowska #         milenastudiourody@wp.pl     #792 096 499
Milewscy Sp. z o.o. #         seba429@wp.pl     #508 840 948
Mini Clinic Monika Żukowska #         info@miniclinic.net     #513 011 019
Miodowa Mydlarnia Marek Guszczyn #         marek.guszczyn@interia.pl     #603 959 933
Miodowa Mydlarnia Sp. z o.o. #         sklep@miodowamydlarnia.pl     #Oceń firmę i napisz o niej opinię:
Miracle Gabinet Kosmetyczne Karolina Moczulska #         karolinamoczulska@wp.pl     #Oceń firmę i napisz o niej opinię:
Miracle Salon Kosmetyczny Marta Stepaniuk #         marta.stepaniuk@wp.pl     #509 047 195
Mk Studio Urody Małgorzata Kuźmicz #         malgo.kuzmicz@gmail.com     #607 467 421
Mm Studionails Magdalena Matysiuk #         mm.studionails@icloud.com     #Oceń firmę i napisz o niej opinię:
Mobilne Centrum Urody Ines Agnieszka Truskolaska #         agnieszka.truskolaska@onet.eu     #Oceń firmę i napisz o niej opinię:
Mobilne Studio Makijażu i Kosmetyki Patrycja Kamińska #         patrycjakaminska_91@o2.pl     #Oceń firmę i napisz o niej opinię:
Mobilne Studio Urody Karolina Olszewska ##505 702 067
Mobilne Studio Urody Paulina Wyszyńska #         wyszynskapaulina@wp.pl     #695 405 621
Mobilne Usługi Kosmetyczne Anna Wiercińska #         aanuuss@wp.pl     #780 186 466
Mobilny Salon Kosmetyczny Paro Beauty Paulina Roszkowska #         paro.beauty@onet.pl     #796 700 486
Moje Podo Anna Ekonomiuk #         ana_vip@op.pl     #518 816 368
Monika Goruś Salon Kosmetyki Profesjonalnej Lady Fly ##510 333 975
Monika Kazberuk Atelier Moka #         oczaruje@gmail.com     #501 658 321
Monika Salon Kosmetyczny ##(85) 715 48 22
Monpler Piotr Lewalski #         monpler@monpler.pl     #512 301 337
Mońko Małgorzata Salon Urody #         salonuroda@op.pl     #(85) 652 01 04
Mph P. Paśnikowski, u. Paśnikowska S.C. ##504 153 737
Mstudio Monika Perkowska ##881 704 880
Mtm Barbershop - Monika Marciniak #         monika.tyminska98@onet.pl     #Oceń firmę i napisz o niej opinię:
Nail-Art Sylwia Karwowska #         nail-art@live.com     #570 715 718
Natalia Wujek Dawid Dmitryjuk Cbc S.C. #         piotr.porowski@gmail.com     #Oceń firmę i napisz o niej opinię:
Natallia Dli ##786 833 889
Natallia Malikava Beauty Bar #         natashkamalikova@gmail.com     #Oceń firmę i napisz o niej opinię:
Natura Salon Kosmetyczny Jolanta Obuchowska ##(85) 663 30 38
Nature Native Sp. z o.o. ##501 515 544
Nefretete Salon Fryzjerski #         info@nefretete-spa.pl     #(85) 732 94 13
Nefretete Salon Kosmetyczny ##692 023 547
Nefretete Salon Kosmetyczny #         salon-nefretete@wp.pl     #692 023 547
Nellis Gabinet Kosmetyczny Beata Wilczewska ##784 193 999
New Estilo Gabinet Kosmetologiczny Joanna Stypułkowska #         aska.099@wp.pl     #Oceń firmę i napisz o niej opinię:
Nice-Med Marta Kulikowska #         martakulikowska@vp.pl     #608 443 306
Nicole Salon Kosmetyczny #         salon_nicole@wp.pl     #(86) 473 07 89
Niczyporuk Wiaczesław Gabinet Dermatologiczno-Kosmetyczny ##(85) 663 51 72
Nigeria Studio Urody Agnieszka Nigierewicz #         agnieszkanigierewicz1@wp.pl     #Oceń firmę i napisz o niej opinię:
Nika Hurtownia Kosmetyków Wiesław Paluch ##501 099 721
Nk Beauty Studio Nataliia Dukhonkina #         nkbeautystudio22@gmail.com     #Oceń firmę i napisz o niej opinię:
Nk Studio Natalia Komosa #         natalia.komosa@o2.pl     #Oceń firmę i napisz o niej opinię:
No Ładnie! Sylwia Sokół #         sylwiaasokol@gmail.com     #575 286 928
Novatio Anna Oksiuta #         super_ania.o@wp.pl     #501 760 745
Novatio Joanna Rogacz #         asiula_85@wp.pl     #608 674 994
Nowa Ja Studio Kosmetologii Agnieszka Żulewska ##662 620 476
Nożycoręki Barber Shop M. Brejnak K. Gregorczuk S.C. #         nozycoreki.barbershop@gmail.com     #511 039 440
Nsb Anna Grzybowska #         studio@nstylebeauty.pl     #Oceń firmę i napisz o niej opinię:
Nt Store Natalia Toczyłowska #         nattoczylowska@gmail.com     #510 360 889
o Mały Włos Justyna Suchowierska ##514 466 501
O Włos od Szczęścia Studio Urody Aneta Łukaszuk ##507 282 025
Oaza Piękna Salon Urody Sandra Kucharska ##795 137 010
Obrządkiewicz Marek Sklep Wielobranżowy #         mareko8@op.pl     #(85) 738 05 21
Odnova Studio Ewelina Stepaniuk ##780 069 609
Odnowa Salon Kosmetyczny Katarzyna Czygier #         kczygier@tlen.pl     #733 131 418
Oh My Lash - Paula Niewińska Stylizacja Rzęs i Brwi #         paula.niewinska@wp.pl     #Oceń firmę i napisz o niej opinię:
Okulus Helena Salon Fryzjersko-Kosmetyczny ##(85) 743 59 52
On Beauty Olha Neprila #         olapanchuk@gmail.com     #Oceń firmę i napisz o niej opinię:
Onyx S.C. Sklep Artykuły Kosmetyczne Chemiczne Zabawki Ewa Miniewicz Krystyna Kmita ##508 176 056
Optime Karol Zagórski #         optime@o2.pl     #602 350 963
Orchidea Ewa Olesiewicz-Derewońko #         orchidea.salon@wp.pl     #510 051 182
Oriflame Poland Sp. z o.o. Biuro Regionalne #         ec-oriflame@wp.pl     #512 341 313
Oriflame Poland Sp. z o.o. Biuro Regionalne #         br.grajewo@oriflame.biz     #603 604 884
Oriflame Poland Sp. z o.o. Biuro Regionalne #         br.lomza2@oriflame.biz     #506 238 010
Oriflame Poland Sp. z o.o. Biuro Regionalne #         br.zambrow@oriflame.biz     #500 125 265
Oriflame Poland Sp. z o.o. Biuro Regionalne #         br.augustow@oriflame.biz     #(87) 643 61 83
Oriflame Poland Sp. z o.o. Biuro Regionalne #         br.bialystok3@oriflame.biz     #Oceń firmę i napisz o niej opinię:
Oriflame Poland Sp. z o.o. Biuro Regionalne #         br.bialystok4@oriflame.biz     #609 618 820
Oriflame Poland Sp. z o.o. Biuro Regionalne #         br.bielskpodlaski2@oriflame.biz     #606 347 006
Oriflame Poland Sp. z o.o. Biuro Regionalne #         br.bielskpodlaski1@oriflame.biz     #(85) 730 15 10
Oriflame Poland Sp. z o.o. Biuro Regionalne #         br.sokolka@oriflame.biz     #Oceń firmę i napisz o niej opinię:
Oriflame Poland Sp. z o.o. Biuro Regionalne #         br.suwalki2@oriflame.biz     #Oceń firmę i napisz o niej opinię:
Orissa Anna Jakimowicz Salon ##798 959 909
Otoperfumeria.Pl Tomasz Rudieczko #         biuro@otoperfumeria.pl     #Oceń firmę i napisz o niej opinię:
Pan i Pani Studio Urody Khrystsina Kostsina #         savenokkk@mail.ru     #Oceń firmę i napisz o niej opinię:
Pani i Pan Anna Stepaniuk #         astepaniuk198503@gmail.com     #510 597 567
Pani od Mani Izabela Sieklucka ##500 445 573
Pasją Czesane Anna Korolczuk ##512 222 413
Pastelle Salon Fryzjersko-Kosmetyczny Edyta Skwira ##510 045 109
Paula Beauty Nails Paulina Olszewska #         polszewska444@wp.pl     #Oceń firmę i napisz o niej opinię:
Paula Firma Marketingowa Zbigniew Jerszewski ##600 240 281
Paweł Jakubowski Salon Fryzjerski ##570 699 222
Paweł Kisielewski Odnowa #         p.kisielewski92@gmail.com     #Oceń firmę i napisz o niej opinię:
Peggy Sage Studio Urody Jadwiga Wróblewska ##694 299 291
Peluquero Katarzyna Ostapowicz ##(85) 740 44 65
Perfect Studio Fryzur i Wizażu Dorota Boguska ##516 184 023
PHU Active Natural Teresa Korecka #         koreck@wp.pl     #(85) 711 88 78
PHU Damian Purta #         dpurta@wp.pl     #Oceń firmę i napisz o niej opinię:
PHU Kameleon Ireneusz Sutkowski ##602 536 612
Pielęgnacja Dłoni i Stóp Ewa Rogowska #         pdis@poczta.fm     #601 154 136
Pielęgnacja Dłoni i Stóp Ewa Rogowska #         e.narrog@interia.pl     #601 154 136
Pietrulińska Agata ##507 828 088
Piękna i Bestia Salon Kosmetyczny #         kontakt@piekna-bestia.pl     #732 580 724
Piękna Na Czas Danuta Łapińska #         danka@pieknanaczas.pl     #660 812 517
Pięknie Być Sobą Izabela Jabłecka ##518 630 385
Piękno Justyna Patejczuk #         piekno.justynapatejczuk@gmail.com     #Oceń firmę i napisz o niej opinię:
Piotr Mordas #         piotrmordas@gmail.com     #737 478 478
Piotr Ryś Fryzjerstwo Męskie ##(85) 715 53 44
Piotr Stachura Stella Spa Studio Mobilne Usługi Kosmetyczne ##606 910 418
Plecione Warkocze Usługi Fryzjersko-Kosmetyczne Monika Janiak #         zaba85@wp.pl     #882 855 998
Pmstudio Marta Poniatowska #         mlukianczuk@o2.pl     #514 652 571
pod Pilnikiem - Stylizacja Paznokci Eliza Rejnhard #         elizarejnhard@gmail.com     #Oceń firmę i napisz o niej opinię:
pod Włos Justyna Gołaszewska ##602 728 665
Podobrand Podologia Białystok Magdalena Wolska-Jachimowska #         brillo@vp.pl     #508 644 899
Pogotowie Urodowe Mobilne Studio Kosmetyczne Katarzyna Łobaczewska #         pmu.lobaczewska@gmail.com     #515 366 031
Pokaż Pazur Joanna Cienkus-Malinowska ##798 986 366
Policealne Studium Kosmetyczne Dla Dorosłych w Łomży #         osz.lomza@op.pl     #Oceń firmę i napisz o niej opinię:
Pollin Salon Urody Paulina Pacewicz #         paulina_pacewicz@o2.pl     #516 779 767
Pomalowane Martyna Murawska ##511 473 436
Poreda PPUH Sławomir Poreda #         ppuh.poreda@onet.pl     #Oceń firmę i napisz o niej opinię:
Pracownia Fryzur Ewa Kudaj ##602 894 569
Pracownia Fryzur Siemieniako Izabela #         izabela_borowik@wp.pl     #500 722 985
Pracownia Piękna Marzena Barbara Korzun #         marzena.korzun86@gmail.com     #796 340 348
Prestige Studio Kosmetyczne Aneta Tworkowska #         anettaz84@wp.pl     #Oceń firmę i napisz o niej opinię:
Prestige Studio Urody Marta Milewska #         preestige@wp.pl     #(87) 567 86 69
Profil Gabinet Kosmetyczno - Podologiczny Elżbieta Polewko #         elzbieta-polewko@wp.pl     #603 620 707
Projekt Piękno-Dominika Łapińska #         dominika161@onet.eu     #577 016 349
Przedsiębiorstwo Handlowo Usługowe Konrad Haponiuk #         konrad.haponiuk@gmail.com     #Oceń firmę i napisz o niej opinię:
Przedsiębiorstwo Wielobranżowe Bioforma Marcin Mikucki ##607 313 331
PW Diana Święcicka #         dianaswiecicka83@gmail.com     #Oceń firmę i napisz o niej opinię:
Q7 S.C. #         fryzjercafe@onet.eu     #(85) 664 14 14
Rajskie Cięcie Magdalena Rajska ##667 517 834
Rave Barber - Miłosz Kruczyński #         miloszkruczynski@wp.pl     #Oceń firmę i napisz o niej opinię:
Relax Salon Urody #         anko.info@gmail.com     #(85) 743 50 32
Renata Sławińska Mikropigmentacja Estetyczna #         renata.stulgis@gmail.com     #Oceń firmę i napisz o niej opinię:
Retro - Metamorfozy u Pati Patrycja Zastocka #         patrycja.zastocka2@onet.pl     #733 683 959
Revitalis Salon Urody i Wizażu Sylwia Niewiarowska ##519 804 519
Revonails Stylizacja Paznokci Żaneta Matejczuk #         zaneta.matejczuk@wp.pl     #Oceń firmę i napisz o niej opinię:
Robix Import-Eksport Robert Woiński ##601 802 337
Rosa Salon Fryzjersko-Kosmetyczny Maria Dąbrowska ##695 765 456
Rossmann ##(86) 212 54 77
Rossmann ##(85) 664 85 45
Rossmann ##(86) 261 02 57
Rossmann ##(85) 744 99 16
Rumi Martyna Mierzwińska ##531 083 420
Rusałka Gabinet Kosmetyczny Krystyna Strumiłowska ##693 447 390
Rzęsoholiczka - Natalia Andrysz #         en.andrysz@wp.pl     #Oceń firmę i napisz o niej opinię:
Rzęsoteka &amp; Nails Studio Edyta Rant ##797 505 747
Sabina Duniec-Gorbacewicz ##507 155 333
Sajewicz-Naliwajko Elżbieta Gabinet Kosmetyczny Elizabeth ##(85) 746 41 15
Salon Ellitte Agnieszka Łączka #         agnieszkalaczka@vp.pl     #502 415 359
Salon Estetica Wioleta Mikucka ##797 857 025
Salon Fryzjerski Iwona ##502 621 311
Salon Fryzjerski Iwona #         iwonateleszewska@gazeta.pl     #731 529 329
Salon Fryzjersko - Kosmetyczny Ewa Zysk ##515 499 471
Salon Fryzjersko - Kosmetyczny Mariola Uszyńska ##(86) 275 28 16
Salon Fryzjersko Kosmetyczny Magdalena Jakubiak ##509 405 009
Salon Fryzjersko Kosmetyczny Styl Teresa Greś ##(85) 711 79 00
Salon Fryzjersko Kosmetyczny Usługi Transportowe - Brzozowska Agnieszka ##501 273 045
Salon Fryzjersko-Kosmetyczny Agnes ##(85) 746 37 30
Salon Fryzjersko-Kosmetyczny Stylovewłosy Justyna Adamska ##882 614 716
Salon Fryzjersko-Kosmetyczny Top-Fryz Natalia Konaszewska #         tomaszyckan@gmail.com     #510 400 980
Salon Fryzur Biostyle Edyta Mocarska #         edytamocarska@op.pl     #(86) 216 21 01
Salon Fryzur i Urody Beata Bortnik #         beata.bortnik@gmail.com     #698 911 895
Salon Kosmetyczny Anna Jodłowska ##604 804 366
Salon Kosmetyczny Arleta Bochonko #         bochonko.arleta@gmail.com     #Oceń firmę i napisz o niej opinię:
Salon Kosmetyczny A.S.Beauty Agnieszka Steć #         aga-stec1@o2.pl     #Oceń firmę i napisz o niej opinię:
Salon Kosmetyczny Beauty Salon Sylwia Sawicka #         sylwia234@gmail.com     #Oceń firmę i napisz o niej opinię:
Salon Kosmetyczny Cambria Paulina Lewko ##720 886 688
Salon Kosmetyczny Care-Line Katarzyna Szymanowska #         kasiunia-esz@wp.pl     #602 749 348
Salon Kosmetyczny Carmel Beauty Izabella Bielecka #         xcarmel@onet.pl     #792 399 813
Salon Kosmetyczny Catelina - Katarzyna Jankowska #         saloncatelina@gmail.com     #Oceń firmę i napisz o niej opinię:
Salon Kosmetyczny Efect Ewelina Górska #         efectsalon@gmail.com     #795 058 511
Salon Kosmetyczny Eliza Kołpak #         elizkass@o2.pl     #500 820 868
Salon Kosmetyczny Elżbieta Gulewicz ##510 145 116
Salon Kosmetyczny Elżbieta Kiercul-Artemiuk #         elkiercul@gmail.com     #500 001 149
Salon Kosmetyczny Ewelina Radziwon #         evelinka81-1987@o2.pl     #505 246 075
Salon Kosmetyczny Imagination n Natalia Zalewska #         natalka5@poczta.onet.pl     #Oceń firmę i napisz o niej opinię:
Salon Kosmetyczny IVONNE Iwona Kurza ##660 506 880
Salon Kosmetyczny Justyna Bieniasz ##662 604 975
Salon Kosmetyczny Kaszmir Anna Kaczyńska #         anna.kaczynska@autograf.pl     #510 911 664
Salon Kosmetyczny Lift Marzena Struniawska #         mapi84@op.pl     #Oceń firmę i napisz o niej opinię:
Salon Kosmetyczny Malowanka Anna Gołowaczyk ##796 400 449
Salon Kosmetyczny Manufaktura Urody Justyna Grycuk ##501 855 635
Salon Kosmetyczny Marta Micewicz #         marta.micewicz@wp.pl     #510 565 928
Salon Kosmetyczny Organic Ewa Pul #         e.pul@wp.pl     #502 879 111
Salon Kosmetyczny Paradise Nina Truchan ##500 806 984
Salon Kosmetyczny Relax Halina Ołów #         olow@op.pl     #(87) 567 95 42
Salon Kosmetyczny Renee Renata Iwanicka ##786 238 339
Salon Kosmetyczny Sante Katarzyna Kuklicz #         salonsante@wp.pl     #668 060 371
Salon Kosmetyczny Spa Rosarium Elżbieta Łopuska #         e.lopuska@op.pl     #(86) 277 11 03
Salon Kosmetyczny Stylowy Zakątek Anna Sak ##507 115 912
Salon Kosmetyczny Urszula Zielińska #         u.zielinska93@wp.pl     #501 460 511
Salon Kosmetyczny Wioletta Hapoń ##502 915 824
Salon Kosmetyczny Zdrowie i Uroda Agnieszka Ciołkowska ##517 143 136
Salon Kosmetyczny-Edyta Roszkowska #         edyta-roszkowska@wp.pl     #693 328 768
Salon Kosmetyki Estetycznej Mantra Sylwester Jędra ##511 498 215
Salon Kosmetyki Profesjonalnej Kinga Falkowska #         falkowskakinga@gmail.com     #535 350 494
Salon Piękności Babeczka- Aniela Gołub #         babeczka.salon@gmail.com     #Oceń firmę i napisz o niej opinię:
Salon Piękności Dorota Korzeniecka #         dorota.korzeniecka@op.pl     #502 723 302
Salon Piękności Ella Elżbieta Raube-Gawrysiuk ##507 871 126
Salon Urody Anabo. Anna Gzula-Borkowska #         annagzula@wp.pl     #535 555 701
Salon Urody Anbeauty Anna Wierzbicka ##660 468 246
Salon Urody Angelika Gryniewicka ##501 967 301
Salon Urody Bożena Czubajko ##662 212 983
Salon Urody Emilly Małgorzata Olechnowicz ##661 202 840
Salon Urody Ewa Niewińska ##603 779 588
Salon Urody Gabriel Marta Zyśk-Hawryłyszyn #         jamar79@wp.pl     #(85) 746 00 17
Salon Urody Gabriel Paweł Szubzda ##(85) 746 00 17
Salon Urody i Relaksu Sylwia Pietruczuk #         adeline.ave@wp.pl     #507 054 808
Salon Urody Iwona Popławska #         ipoplawska811@gmail.com     #Oceń firmę i napisz o niej opinię:
Salon Urody Joanna Derek ##500 432 505
Salon Urody Joanna Giziewicz #         jasia@wp.pl     #798 375 144
Salon Urody Kamelia #         lolek19m@wp.pl     #790 773 636
Salon Urody Karolina Zalewska #         jezierska89@op.pl     #510 375 619
Salon Urody Katrin Katarzyna Łupińska ##505 548 281
Salon Urody La Femme Joanna Laszuk #         joanna_laszuk@onet.pl     #505 338 233
Salon Urody M Magdalena Sobecka #         magdalenaochrimiuk@icloud.com     #506 459 578
Salon Urody Maestria Zuzanna Buczyńska #         maestria.zuzanna@gmail.com     #Oceń firmę i napisz o niej opinię:
Salon Urody Marzena Marzena Głowacka #         mgglowaccy@o2.pl     #533 252 585
Salon Urody Piotr Praczuk ##(85) 746 00 17
Salon Urody Siódme Niebo Plus Daniel Wysocki #         olakudrycka1@gmail.com     #Oceń firmę i napisz o niej opinię:
Salon Zdrowia i Urody Estetica Katarzyna Butkiewicz ##504 027 800
Satinell Magdalena Wierzbicka ##602 671 165
Secret Beauty Joanna Starak ##888 454 777
Sekret Barbara Łapińska Salon Urody ##602 258 222
Sekret Piękna Marlena Kobryńska #         m_kobrynska@wp.pl     #506 849 363
Sekrety Piękna Salon Kosmetyczny - Justyna Wasilewska #         sekretypiekna.salon@gmail.com     #Oceń firmę i napisz o niej opinię:
Sense Of Beauty Studio Anna Chrostowska #         senseofbeautystudio@gmail.com     #Oceń firmę i napisz o niej opinię:
Seopol Sylwester Kalinowski ##(85) 652 02 01
Sephora ##(85) 874 42 28
She Agnieszka Lutyńska #         agnieszka.lutynska@op.pl     #502 384 122
She.Kosmetologia Sandra Kaczyńska #         rasin2020@wp.pl     #780 173 559
Sim Przedsiębiorstwo Usługowo-Handlowe Sylwia Franko ##(87) 565 51 59
Siódme Niebo Salon Urody Aleksandra Wysocka #         olka_kudrycka@wp.pl     #601 364 754
Siwik Iwona Salon Kosmetyczny Wona ##517 956 579
Skarlet Gabinet Fryzjersko-Kosmetyczny Beata Iłendo ##(85) 654 22 33
Skin Point Agata Kornyszko #         agatakornyszko@gmail.com     #Oceń firmę i napisz o niej opinię:
SKLEP KOSMETYCZNO-ZIELARSKI Agnieszka Danilczyk ##600 420 306
Sklep Kosmetyczny Dorota Włodkowska ##(86) 272 34 06
Smyk Sp.j. Przedsiębiorstwo Handlowe #         phsmyk@interia.pl     #(87) 566 79 52
Soko - Make Up Studio Justyna Świętochowska #         justyna.sienkiewicz1@gmail.com     #792 521 214
Sokołowska Beauty Monika Sokołowska #         monika.sokolowska2012@gmail.com     #781 235 853
Specjalistyczna Pielęgnacja Stóp Anna Prolejko #         annaprolejko@o2.pl     #Oceń firmę i napisz o niej opinię:
Spółdzielnia Pracy Fryzjersko Kosmetyczna ##(85) 732 18 77
Spółdzielnia Pracy Fryzjersko-Kosmetyczna ##(85) 675 09 47
Spółdzielnia Pracy Fryzjersko-Kosmetyczna Salon nr 1 ##(85) 743 59 08
Spółdzielnia Pracy Fryzjersko-Kosmetyczna Salon nr 17 ##(85) 742 30 74
Spółdzielnia Pracy Fryzjersko-Kosmetyczna Salon nr 2 ##(85) 732 03 44
Spółdzielnia Pracy Fryzjersko-Kosmetyczna salon nr 6 #         spfk@fryzura.bialystok.pl     #(85) 732 87 95
Stalewska Studio Salon Beauty Gabriela Wasielewska ##533 479 148
Strefa Piękna Katarzyna Kościuk ##690 515 848
Strefa Piękna Monika Hardziej ##575 079 216
Strefa Urody Gabinet Kosmetyczny Gabriela Kacprzak ##667 328 128
Strefa Urody Gabriela Niedzielska ##694 878 064
Strefa Urody Martyna Ciszewska #         martynalap@wp.pl     #501 545 578
Studio Andruk Patrycja Andruk #         andrukp@o2.pl     #664 885 841
Studio Beauty Maylen Make- Up Milena Sienkiewicz #         maylensienkiewicz@gmail.com     #798 789 797
Studio El Elżbieta Lewicka #         barela@vp.pl     #Oceń firmę i napisz o niej opinię:
Studio Elite Darya Velb #         velb.dasha@gmail.com     #Oceń firmę i napisz o niej opinię:
Studio Estetica Elwira Nieciecka #         elwira.n@vp.pl     #603 641 227
Studio Fryzur Agnieszka Modzelewska ##509 133 117
Studio Fryzur Alicja Kalinowska #         fryzuryalicji@gmail.com     #(85) 674 88 17
Studio Fryzur Amelia Anna Borusiewicz #         fryzuryamelia@op.pl     #(86) 272 21 02
Studio Fryzur i Kolorów - Motyl Katarzyna Dudar #         studio.fryzur.motyl@gmail.com     #602 337 218
Studio Fryzur Kimm Kinga Zdancewicz ##507 429 869
Studio Fryzur Malwina Radziszewska ##513 255 296
Studio Fryzur Monika Łupińska ##510 796 228
Studio Idea Salon Przemysław Czajkowski ##(85) 745 53 96
Studio Julia Litwiejko #         julialitwiejko@gmail.com     #Oceń firmę i napisz o niej opinię:
Studio K.Color Kamila Beczek ##796 896 802
Studio Kolorove Emilia Matys #         emilia.matys93@onet.pl     #Oceń firmę i napisz o niej opinię:
Studio Kolorove Paula Romanowicz #         paula.err06@gmail.com     #Oceń firmę i napisz o niej opinię:
Studio Kosmetyczne Aura Karolina Hryniewicka #         k.stolkowska@o2.pl     #510 810 902
Studio Kosmetyczne Caprice Katarzyna Mrożek #         caprice.studiokosmetyczne@gmail.com     #Oceń firmę i napisz o niej opinię:
Studio Kosmetyczne Erato Paulina Marcińczyk #         pamelcia2610@wp.pl     #514 947 445
Studio Kosmetyczne Magdalena Wasilewska ##795 824 553
Studio Kosmetyczne Renata Matyskiel ##512 277 882
Studio Kosmetyczne She Paula Kozłowska #         paaaulinka2186@wp.pl     #Oceń firmę i napisz o niej opinię:
Studio La Perle Justyna Żakowicz ##(85) 654 62 10
Studio MI Magdalena Kuptel-Iwaniuk ##784 524 160
Studio Mobilne Justyna Mróz #         mrjust@wp.pl     #Oceń firmę i napisz o niej opinię:
Studio Monika Sitko #         monika_sadowska89@wp.pl     #Oceń firmę i napisz o niej opinię:
Studio Onyks Adrianna Siennicka #         studioonyks@gmail.com     #Oceń firmę i napisz o niej opinię:
Studio Paznokci Monika Borkowska #         mandrzejczuk@wp.pl     #509 390 561
Studio Pielęgnacji Urody Magdalena Dankiewicz ##884 898 959
Studio Piękna Ewa Malicka #         ewilczko@wp.pl     #722 227 444
Studio Piękna Milena Purwińska ##509 858 577
Studio Styl Dorota Siemieniuk ##531 961 169
Studio Stylizacji Monika Halbowicz #         monikahalbowicz@gmail.com     #Oceń firmę i napisz o niej opinię:
Studio Stylizacji Paznokci i Rzęs Natalia Naruszewicz ##665 380 448
Studio Uroda Jolanta Regucka ##507 945 007
Studio Urody - Sylwia Waszkiewicz ##(87) 566 32 60
Studio Urody 63 - Marta Sosnowska ##791 276 379
Studio Urody 63 Iwona Al-Khamis ##(87) 563 03 35
Studio Urody Angelika - Angelika Kościelak #         angelika.koscielak06@gmail.com     #666 871 676
Studio Urody Be Beauty Marta Dolińska ##888 210 510
Studio Urody Beauty Katarzyna Salik #         miszel_16@go2.pl     #513 376 006
Studio Urody. Danuta Niemira ##(86) 271 57 77
Studio Urody Figaro Klaudia Mieleszko ##511 891 751
Studio Urody Forever Beauty Wioleta Kurzynowska #         wiola.kurzynowska@gmail.com     #Oceń firmę i napisz o niej opinię:
Studio Urody Glamur Emilia Łukoszyk ##570 915 113
Studio Urody Iwona Szekalska ##502 394 234
Studio Urody Justyna Żarska #         justynazarska231088@gmail.com     #609 284 182
Studio Urody Kaprys Joanna Ruszczyk ##516 067 358
Studio Urody Maria Chmaruk #         mariachmaruk@gmail.com     #668 599 236
Studio Urody Martyna Raciborska #         ankor.ml@op.pl     #Oceń firmę i napisz o niej opinię:
Studio Urody Mira Max Marta Rybak #         martakorzeniecka1@wp.pl     #785 871 177
Studio Wizaż Hanna Izabela Bałakier ##572 311 128
Studio Wizażu i Kosmetyki Monika Ewelina Cieślik #         rudamaluje@gmail.com     #516 264 035
Studio Wizerunku Barwicka Magdalena ##512 324 651
Studio Ws Weronika Sosnowska #         www.weronikasosnowska0802@gmail.com     #Oceń firmę i napisz o niej opinię:
Studio Zadbana Julia Żochowska #         zochowskajulia@gmail.com     #721 085 721
Stylizacja Paznokci Milena Moroz ##785 722 159
Stylizacja Paznokci Natalia Radziszewska #         natalka51@op.pl     #Oceń firmę i napisz o niej opinię:
Stylizacja Paznokci Paula Batus #         stylizacja.batus@onet.pl     #534 095 447
Stylizacja Rzęs i Brwi Marta Kłopotowska #         klopotowskamarta@wp.pl     #Oceń firmę i napisz o niej opinię:
Stylove Mani Studio Manicure i Pedicure Ewa Dzierzgowska ##516 315 057
Stylove Oko Kinga Ciborowska #         kingakalinowska@op.pl     #Oceń firmę i napisz o niej opinię:
Stylowe Paznokcie Małgorzata Dąbrowska #         malgorzata.ol92@wp.pl     #Oceń firmę i napisz o niej opinię:
Stylowy Pazur Ewelina Tomaszewska ##503 472 648
Subiekt Sklep Wielobranżowy Bogusław Bobrowski ##(87) 516 26 92
Sukces Emilia Piesiecka #         emiliapiesiecka@wp.pl     #506 041 789
Sylwester Jędra Leasing-Eperts ##507 036 750
Sylwia Bobel Mobilne Usługi Kosmetyczne #         syl.bobel@gmail.com     #881 302 249
Sylwia Cwalińska Salon Kosmetyczny Sylwia #         chiquita10@wp.pl     #502 780 590
Sylwia Kopczewska #         sylwia.kopczewska@wp.pl     #Oceń firmę i napisz o niej opinię:
Sylwia Sacewicz Holi ##517 594 055
Symetria Barbershop Michał Kierski #         symetriabarbershop@gmail.com     #Oceń firmę i napisz o niej opinię:
Szarkowski Jarosław Handel Hurt i Detal ##731 107 107
Szok-Lok Renata Kanoza #         reza1@op.pl     #510 081 005
Sztuka Piękna Gabinet Kosmetologii Magdalena Marta Kardel #         magdalena09@onet.pl     #Oceń firmę i napisz o niej opinię:
Szymczuk-Rożko Elżbieta Gabinet Kosmetyczny ##(85) 744 88 77
Świerzbińska Hanna Sklep Odzieżowo-Chemiczno-Kosmetyczny ##(85) 716 55 56
Takarzewicz Franciszka Zakład Fryzjersko-Kosmetyczny ##(85) 682 56 56
Tanmuz Bogusław Szlaszyński ##609 600 316
Teraz Ty - Kosmetologia Dominika Jurgielanis #         dominika.jurgielanis@op.pl     #Oceń firmę i napisz o niej opinię:
Teresa Salon Kosmetyczny Teresa Trzcińska ##(85) 661 16 36
Tessa Studio Kosmetyczne Teresa Matulewicz ##(87) 563 19 78
The Beauty Room Iwona Rydzewska ##574 624 804
The Waxing Bar Centrum Depilacji Ewa Leszczyński #         ewcia0803@gmail.com     #(85) 732 00 80
Time For You Joanna Murawska #         joannabie34@gmail.com     #Oceń firmę i napisz o niej opinię:
T.K. Crew Teresa Kozłowska #         biuro@tkcrew.pl     #783 587 878
Touch Sp. z o.o. #         BUDRIK80@GMAIL.COM     #729 106 489
Tremo Justyna Niewiarowska #         justyna.niewiarowska93@gmail.com     #530 615 340
Tuning Your Style Sp. z o.o. ##533 036 007
Twój Czas Gabinet kosmetyczny, Masaż ciała, Fryzjerstwo, Solarium Joanna Piotrowska ##606 246 984
U Agi Agnieszka Draugialis ##506 367 755
U Uli Urszula Stypułkowska #         urszulastypulkowska@gmail.com     #518 948 818
U Violety Wioleta Stępin ##(87) 566 43 49
Ula Salon Urody Urszula Piekarska #         ula77775@wp.pl     #(87) 641 21 34
Upmake Paweł Paśnikowski #         sklep@matkapolkahybrydowa.pl     #504 153 737
Uroda Gabinet Kosmetyczny Mirosława Skupska ##510 310 548
Uroda i Styl Ewa Wojtulewicz Marlena Babynko S.C. ##507 552 846
Urszula Cholewa Pracownia Kosmetologa Make Up &amp; Beauty ##694 298 839
Urszula Juchnicka #         jarosiewicz.ula@gmail.com     #Oceń firmę i napisz o niej opinię:
Urszula Moroz Makeup&amp;Lashes #         ula1994@vp.pl     #Oceń firmę i napisz o niej opinię:
Usługi Fryzjerskie i Kosmetyczne Anna Zielińska #         ania_ziel@poczta.onet.pl     #Oceń firmę i napisz o niej opinię:
Usługi Kosmetyczne Adam Chilecki ##728 576 728
Usługi Kosmetyczne Beata Dzienis #         beata.dzienis@gmail.com     #512 480 864
Usługi Kosmetyczne Dagmara Pilat ##516 548 715
Usługi Kosmetyczne i Sprzedaż Barbara Jurczak #         barbara.jurczak@o2.pl     #Oceń firmę i napisz o niej opinię:
Usługi Kosmetyczne i Sprzedaż Kosmetyków Jolanta Nowakowska ##(85) 656 11 00
Usługi Kosmetyczne i Szkoleniowe Edyta Saniewska ##(86) 473 06 90
Vanilial Studio Kosmetyczne Marta Sierzputowska ##502 315 602
Vanity Sylwia Magdalena Zawadzka #         magpriv@wp.pl     #797 926 108
Vena Art Sp. z o.o. #         biuro@venaart.com     #(85) 746 05 01
Villa Uroda Klinika Dermokosmetyczna #         biuro@villauroda.pl     #(85) 742 74 67
Vita Kosmetyka Profesjonalna Białystok Sp. z o.o. #         monika@vita.olsztyn.pl     #Oceń firmę i napisz o niej opinię:
Viva Monia Monika Zacharczuk #         moniaz3011@op.pl     #663 821 991
Vogue Studio Wizażu i Metamorfoz Urszula Iwona Olichwier #         urszulachanel@wp.pl     #504 826 968
Weronika Kotowska Salon Kosmetyczny #         weronika.kotowska97@gmail.com     #Oceń firmę i napisz o niej opinię:
Wesołe Gęsi Kamila Gąsiewska #         wesolegesi@gmail.com     #Oceń firmę i napisz o niej opinię:
Wiesława Dąbrowska ##(85) 741 55 60
Wika Katarzyna Wiktorzak ##(85) 655 69 05
Wiktoria Marlena Mandrosz Gabinet Kosmetyczny ##(85) 722 80 11
Wiktoria Studio Wiktoria Kaczmarek #         kaczmarekw997@gmail.com     #Oceń firmę i napisz o niej opinię:
Wilki Północy Oliwia Chrościelewska #         wilkipolnocy.barbershop@gmail.com     #Oceń firmę i napisz o niej opinię:
Wiola Wioletta Książniak #         wiola.ksiazniak@wp.pl     #Oceń firmę i napisz o niej opinię:
Wioleta Kryszeń Salon Urody Hola Lola Beauty Room #         wioleta.kryszen@gmail.com     #Oceń firmę i napisz o niej opinię:
Wioletta Biłas Violet Perfumy Kosmetyki ##531 542 675
Wioletta Wioletta Idźkowska #         fryzjer.wioletta@gmail.com     #600 402 941
Witamed Polska Edyta Cywoniuk #         biuro@witamed.com     #501 603 603
Wójcik Agnieszka Gabinet Kosmetyczny ##(85) 674 59 76
Wójcik Agnieszka Gabinet Kosmetyczny #         wojciki@neostrada.pl     #(85) 732 23 55
Wschodnia akademia stylizacji paznokci I STUDIO Iwona Siegień #         istudio.iwonasiegien@gmail.com     #794 489 836
Wspólnik Spółki Cywilnej Eastgroup Tomasz Mańczuk #         artroom.lapicki@gmail.com     #503 337 111
Wyczesana - Natalia Domanowska ##503 458 897
Wymalowana Salon Kosmetyczny Martyna Jurek #         martyna-094@wp.pl     #508 826 869
Yana Yahavenka #         ayana.yagovenko@gmail.com     #Oceń firmę i napisz o niej opinię:
Yves Rocher ##887 290 300
Yves Rocher ##607 512 061
Zacisze Urody Marlena Wykowska #         marlenawyk@o2.pl     #Oceń firmę i napisz o niej opinię:
Zakątek Piękna - Salon Kosmetyczny Małgorzata Derehajło ##698 627 453
Zakątek Piękna Salon Kosmetyczny Emilia Chludzińska ##517 793 048
Zakład Fryzjerski Dorota Dadura ##609 467 284
Zakład Kosmetyczny Małgorzata Cygan ##600 741 082
Zalotka Joanna Mocarska ##789 389 899
zanea.pl Sklep Internetowy ##(85) 652 02 01
Zaremba Wojciech ##(85) 655 57 93
Zawadzka Kamila Gabinet Kosmetyczny ##(85) 730 78 05
ZDC Białystok Mariola Rogalska #         mariola.rogalska@onet.pl     #669 934 612
Zefir Sp. z o.o. #         zefirhurt@tlen.pl     #(85) 747 00 56
Zefir Sp. z o.o. ##(85) 675 16 60
Zefirek FH Marek Laskowski #         zefirekhurt@gmail.com     #604 085 718
Złoty Środek S.C. Beata Kiluk Małgorzata Chrostowska Janusz Kiluk #         rezerwacje@zlotywidok.pl     #Oceń firmę i napisz o niej opinię:
Zofia Grącka #         zofiagracka@wp.pl     #502 265 888
Zone Style Paulina Zawadzka ##696 303 179
Zuz_hairbeauty Zuzanna Wierzbicka #         zuwierzbicka@gmail.com     #Oceń firmę i napisz o niej opinię:
Żena Gabinet Kosmetyczny Marzena Kozłowska ##(87) 644 62 99
