Bożena Wawszczak, Grażyna Oleśków, Adam Oleśków Magazyn towarów masowych Spółka jawna #         biuro@mtmwolin.pl     #(91) 326 10 71
MD Budinvest. Producent stropów i wyrobów prefabrykowanych. #         biuro@mdbudinvest.com.pl     #(94) 373 91 92
Ana.Hurtownia armatury sanitarnej #         ana@ana.szczecin.pl     #(91) 462 03 58
Styl Bet Przedsiębiorstwo Wielobranżowe Jurewicz i Paradowski Sp.j. #         biuro@styl-bet.com.pl     #(94) 363 30 76
Nowik Marian Zakład betoniarski #         kontakt@mariannowik.com     #606 204 562
Keramzyt - Beton System Sp. z o.o. #         keramzytsc@wp.pl     #(91) 462 14 40
Strans Grzegorz Sałapata #         strans@op.pl     #502 484 838
Rol Bud Hurtownia budowlana #         rolbud@sbsgrupa.pl     #(67) 259 17 03
Keramzyt System Blok Sp. z o.o. #         keramzyt.system@gmail.com     #664 998 435
Transfrank Sp. z o.o. #         dariuszbeskiewicz@wp.pl     #531 442 608
Profi Wood Marcin Białczyk #         biuro@profiwood.pl     #784 603 589
Hardy Kusa Wegner Spółka jawna #         kontakt@hardybudowlany.pl     #(94) 372 08 50
Bogito Hurtownia Budowlano - Chemiczna Jakliński B. #         hurtbodzio@op.pl     #(91) 392 72 24
Silikaty Trąbki Spółka z Ograniczoną Odpowiedzialnością Zajmujemy się produkcją wysokiej jakości bloczków silikatowych #         biuro@silikatytrabki.pl     #(91) 577 69 64
1 Bd Koncept S.C. Ewa Błaszczyk Jolanta Dudaronek 2 Hydrostop S.C. Wojciech Błaszczyk Michał Dudaronek Ewa Błaszczyk Jolanta Dudaronek ##(94) 347 08 93
1.&quot;Gips-System II&quot; Czesław Bieleninik 2. &quot;Smb&quot; S.C. Składy Materiałów Budowlanych Cz.Bieleninik E.Kaczyński M.Radliński ##(91) 577 14 88
1.PHU &quot;Ormet&quot; 2.PHU &quot;Orbud&quot; Zbigniew Orzechowski ##(91) 570 00 26
A-1 Sp. z o.o. ##512 100 677
&quot;A-1&quot; Sp. z o.o. #         dariuszrybak7@wp.pl     #501 319 257
&quot;Acan&quot; Przedsiębiorstwo Handlowo-Usługowe Grażyna Senderek #         acanpyrzyce@op.pl     #(91) 570 11 31
&quot;Ad-Mar&quot; Turek Adam #         adam.turek.goleniow@gmail.com     #602 401 802
Afa Sp. z o.o. #         info@a4h.com.pl     #795 660 456
&quot;Aga Skład&quot; Agnieszka Rusin ##533 024 874
Agencja Handlowa Baza Sp. z o.o. ##(67) 258 58 50
Agnieszka Poprawa Zaopatrzenie Inwestycji Budowlanych #         poprawa.agnieszka@wp.pl     #502 016 000
Agri-Mar Wiekowo Mariusz Muszyński #         wiku2@onet.eu     #Oceń firmę i napisz o niej opinię:
Agro - Vent Dariusz Szydłowski ##725 909 606
Agroma-Bud Spółka z o.o. #         agroma-bud@agroma-bud.pl     #(91) 469 35 93
Akado Sp. z o.o. ##722 003 330
Alpa Alicja Pawłowicz #         ala.pawlowicz@gmail.com     #609 169 499
&quot;Amagor&quot; Andrzej Górny #         amagor@interia.pl     #510 135 245
Amp - Zaopatrzenie Adam Prajsnar ##507 632 920
&quot;Ampol&quot; S.C. Gabriel Janczewski Katarzyna Kaźmierczak ##(94) 346 85 41
&quot;Anag&quot; Sp.j. Przedsiębiorstwo Handlowo-Usługowe ##(94) 318 94 86
Anbud S.C. ##693 855 888
Aneta Kiełbasa &quot;Anmar&quot; #         anmar.68@interia.pl     #508 141 377
Anita Czerniakowska-Adamczewska #         anitka_19@wp.pl     #Oceń firmę i napisz o niej opinię:
Anna Brzóska Przesiębiorstwo Handlowe &quot;Mat-Bud Bis&quot; S.C. #         dombudslawno@op.pl     #605 266 685
Apa-2 Sp. z o.o. ##(91) 428 13 07
&quot;Arbet&quot; Sp. z o.o. Zakład Produkcyjno-Usługowy ##(91) 482 10 50
Arka Sp. z o.o. ##(94) 341 77 19
Arkada S.C. Piotr Błaszyk Przemysław Kozłowski ##603 784 134
Armet Bramy i Ogrodzenia Żmuda-Freus Jolanta #         biuro@armet-szczecin.pl     #501 765 651
Arting Artur Wybański #         a.wybanski@op.pl     #600 802 570
Artur Antkowiak Firma Usługowo-Hanlowa #         menia06@o2.pl     #788 325 112
Artykuły Elektrotechniczne i Budowlane Dorota i Andrzej Niemyjscy S.C. ##(94) 367 29 33
Artykuły Motoryzacyjne Zbigniew Labiś ##(91) 321 93 12
Artykuły Przemysłowo-Chemiczne Elżbieta Dutka #         mdutka@poczta.wp.pl     #(94) 351 60 36
&quot;As-Gips&quot; S.C. Agnieszka Kaszkowiak Sławomir Dusza Czesław Wawrzyniak #         agnieszka2855@wp.pl     #(94) 351 11 61
&quot;Asz&quot; Przedsiębiorstwo Usługowo-Handlowe ##602 883 542
&quot;ATJ&quot; Sp.j. Przedsiębiorstwo Wielobranżowe Skład Materiałów Budowlanych ##(91) 578 36 65
Auto-Części i Oleje Jaświg Emil ##(94) 318 74 02
Auto-Wolant Jacek Wolant #         autowolant@wp.pl     #(91) 422 22 15
Aw-Bud Anna Laskowska ##(91) 392 07 76
Babak Jacek - Zakład Transportowo - Handlowy #         jacek-babak@o2.pl     #509 684 994
&quot;Bagi&quot; Tomasz Bagiński #         bagi1@op.pl     #502 848 630
&quot;Balex Metal&quot; Sp. z o.o. Oddział SZCZECIN ##(91) 462 42 45
Bałtyk Mirosław Wojcieszek #         tylkookazjepl@poczta.onet.pl     #668 352 245
&quot;Bartek-Domet&quot; Firma Handlowo-Usługowa Hurtownia Materiałów Budowlanych Jan Bąk #         biuro@bartekdomet.pl     #(91) 579 02 62
Baulider Sp. z o.o. w Organizacji #         biuro@baulider.pl     #(91) 485 61 02
&quot;Baumat&quot; Hurtownia Materiałów Budowlanych Grażyna Jedynak Jerzy Kuprowski ##(91) 573 30 07
&quot;Baupol&quot; Sp. z o.o. Przedsiębiorstwo Handlowo-Usługowe #         baupol1@wp.pl     #(94) 351 11 82
&quot;Bautek&quot; Sp. z o.o. #         biuro@bautek.pl     #947 323 138
&quot;Baza&quot; Sp. z o.o. Agencja Handlowa ##(67) 258 97 41
&quot;Bdm-System&quot; Sp. z o.o. #         biuro@bdm-system.pl     #Oceń firmę i napisz o niej opinię:
Bella Ceramika Joanna Krischik #         bellaceramika@wp.pl     #500 092 621
Bel-Pol Sklep Partnerski Podłogi Drzwi Panele ##(95) 765 70 90
Best S.A. w Organizacji #         awindak@live.com     #503 111 147
&quot;Bik&quot; Materiały Budowlane i Wykończenia Wnętrz Krzysztof Wojtasik #         bik.mysliborz@wp.pl     #(95) 747 07 31
Bik-Materiały Budowlane S.C. #         bik.mysliborz@wp.pl     #(95) 747 07 31
B-Invest Bernard Pododemski #         b-invest@wp.pl     #Oceń firmę i napisz o niej opinię:
Biuro Handlowe Weronika Kokorzycka #         j.w.kokorzycki@wp.pl     #517 496 406
Biuro Handlowo-Usługowe Feniks i Janusz Kręzlewski i Krzysztof Kręzlewski S.C. Janusz Kręzlewski ##797 190 216
Bogdanowicz Grażyna Sklep Budowlano-Przemysłowy ##(91) 414 45 06
&quot;Bonus&quot; Zenon i Zbigniew Dudek ##(94) 351 81 63
&quot;Bram Serwis&quot; ##512 334 227
&quot;Bricoman Polska&quot; Sp. z o.o. #         szczecin@bricoman.pl     #(91) 351 88 70
Bronisław Rokicki &quot;Okno - Fens&quot; #         broki@onet.eu     #691 323 240
BUD Shop Paweł Chlebowicz #         p.chlebowicz@gmail.com     #Oceń firmę i napisz o niej opinię:
&quot;Budex&quot; Sp.j. Hurtownia Materiałów Budowlanych ##(91) 384 52 40
&quot;Budex&quot; Sp.j. Hurtownia Materiałów Budowlanych #         budexgryf@kki.net.pl     #(91) 382 41 40
Budmaster #         budmaster@poczta.onet.pl     #605 855 500
&quot;Bud-Mat&quot; #         bud-mat@wp.pl     #(91) 415 02 00
Budo-Hurt 2 Dawedowska i Proszkiewicz Sp.j. #         pyrzyce@budohurt.net     #(91) 573 62 29
&quot;Budo-Hurt&quot; Sp. z o.o. Biuro Handlowe ##(91) 573 26 98
&quot;Budo-Hurt&quot; Sp. z o.o. Biuro Handlowe ##(91) 579 10 18
&quot;Budo-Hurt&quot; Sp. z o.o. Biuro Handlowe ##(91) 570 24 69
BUDOWLANY online ##(91) 434 00 74
&quot;Budowniczy Koszalin&quot; Sp. z o.o. ##(94) 346 91 00
&quot;Bud-Servis&quot; Norbert Woźniak ##(91) 576 05 05
&quot;Bysewo&quot; #         szczecin@bysewo.pl     #(91) 431 68 77
Bysewo Sp. z o.o. #         kolobrzeg@bysewo.pl     #(94) 354 03 71
Bysewo Sp. z o.o. #         szczecin@bysewo.pl     #(91) 431 68 77
Bysewo Sp. z o.o. #         bysewo@bysewo.pl     #(94) 300 50 20
&quot;Bysewo&quot; Stobud&quot; Przedsiębiorstwo Handlowe ##(94) 354 03 71
Bysiak Bruk Hubert Bysiak #         hubertbysiak@op.pl     #508 181 999
Castorama Polska Sp. z o.o. #         obsluga.klienta.szczec@castorama.pl     #(91) 480 51 00
Castorama Polska Sp. z o.o. #         obsluga.klienta.szcze2@castorama.pl     #(91) 424 61 00
Castorama Polska Sp. z o.o. #         obsluga.klienta.koszal@castorama.pl     #(94) 311 81 00
Castorama Polska Sp. z o.o. #         obsluga.klienta.szcze3@castorama.pl     #(91) 460 31 00
Castorama Polska Sp. z o.o. ##(91) 391 71 00
Cavlar Maciej Kawalec ##733 460 090
&quot;Cegiełka&quot; S.C. Hurtownia Budowlana P. Ostrowski, a.Banaś ##531 720 132
&quot;Cegiełka&quot; S.C. Paweł Ostrowski Hurtownia Budowlana #         banasadas@gmail.com     #602 376 102
Centrum Budowlane Nati Natalia Traczykowska #         natalatraczykowska1996@gmail.com     #Oceń firmę i napisz o niej opinię:
Centrum Handlowe &quot;Ceramix&quot; #         ceramix1@op.pl     #(94) 318 61 54
Centrum Wentylacyjne FHU Tomasz Żmuda #         centrumwentylacyjne@op.pl     #(94) 354 37 49
Centrum Wykończenia Wnętrz Sp. z o.o. ##530 512 003
&quot;Ceramix&quot; Centrum Handlowe #         ceramix1@op.pl     #(94) 317 13 75
Cermtech Katarzyna Pawlak #         cermtech@gmail.com     #602 131 892
&quot;Complex Inwest&quot; Przedsiębiorstwo Handlowo-Usługowe ##(91) 484 89 35
&quot;Complex&quot; Sp.j. J. Nowakowski K. Wrembel ##(94) 312 43 09
&quot;C/S Polska&quot; Sp. z o.o. ##(91) 561 04 50
Cubo Agnieszka Sobkowiak Monika Lange S.C. #         biuro@cubo.biz.pl     #605 267 149
Dach-Dom Pokrycia Dachowe #         dawid.trafny@wp.pl     #608 586 102
Dachy Sp. z o.o. ##669 510 520
Dajan Sp. z o.o. w Organizacji ##(94) 342 03 11
&quot;Damare&quot; Danuta Dobrowolska i Marek Wojnarowski Spółka Jawna #         biuro@damare.pl     #(91) 482 15 03
Danilewicz Jolanta Zakład Produkcji Materiałów Budowlanych ##(94) 363 38 88
DAR Bud Sklep Ogólnobudowlany Szyc Monika ##515 269 614
&quot;Darko&quot; Dariusz Kośka ##(94) 318 56 32
Denar Skoneczny Marcin #         denar1@onet.pl     #608 605 100
&quot;Dom&quot; PHU Skowroński Ryszard #         dom_skowronski@op.pl     #696 020 614
&quot;Dombud&quot; Hurtownia Materiałów Budowlanych Charmuszko i Kręzlewski Sp.j. #         kkrezlewski@wp.pl     #501 357 626
Dom-Bud II Elżbieta Zarzycka ##(91) 328 07 04
&quot;Dom-Bud II&quot; Elżbieta Zarzycka Grupa PSB ##(91) 322 17 77
&quot;Domex&quot; Sp. z o.o. ##673 450 115
Domlux Hurtownia Budowlana ##(91) 317 55 23
&quot;Drew - Kowal&quot; Zakład Usługowy Marek Kowalów ##724 129 690
Drew - Krzysztof Chabros ##512 056 667
&quot;Drew- Bud&quot; PPUH Artur Oleksiuk #         a.oleksiuk@op.pl     #502 246 800
Drewmat Sp. z o.o. ##(94) 312 64 70
Drew-Ren Renata Janczarska #         drew-ren@tlen.pl     #(95) 768 00 67
Drewstar Paweł Patyk #         pawelpatyk@op.pl     #Oceń firmę i napisz o niej opinię:
Drew-Trade Łukasz Darecki #         polakowska.lidia@gmail.com     #785 030 760
Drwal-Hub Daniel Żurkowski #         drwal.hub@gmail.com     #Oceń firmę i napisz o niej opinię:
&quot;Duet&quot; PHU Witold Wlazło ##(91) 561 05 28
&quot;E-Bois.Pl&quot; Marcin Graczkowski #         mgraczkowski@tlen.pl     #Oceń firmę i napisz o niej opinię:
Ega Goleniów Henryk Banach #         henryk@ega.pl     #Oceń firmę i napisz o niej opinię:
&quot;e-hurtowniabudowlana.pl&quot; Sklep Internetowy #         zamowienia.baumal@gmail.com     #608 320 889
EKO-DESKA S.C. #         biuro@eko-deska.pl     #(91) 852 12 71
Eko-Farb Sp.j. Krzysztof Frączak Jan Iwan #         eko-farb@go2.pl     #(91) 397 66 42
Ekostone Marta Woropaj #         ekostone@op.pl     #668 201 662
&quot;Elfa&quot; Marzanna Jastrzemska - Hurt-Detal #         elfa2@op.pl     #883 565 357
El-Kar Elżbieta Lech #         elalech1970@wp.pl     #502 654 215
El-Pom Centrum Materiałów Budowlanych M. Bikowski S. Stecyk Spółka Jawna ##(95) 765 85 96
&quot;El-Pom&quot; Centrum Materiałów Budowlanych Sp.j. ##(95) 768 23 99
Er Ko Rybiccy Sp.j. #         erko@pro.onet.pl     #(94) 365 27 49
Ertech Jacek Rynkiewicz ##501 009 072
&quot;Euro-Gips&quot; Adam Prajwocki #         prajwocki@wp.pl     #(94) 351 75 59
&quot;Euroinsbud&quot; Sp. z o.o. Zakład Produkcji Kruszywa #         zarzad@euroinsbud.pl     #(91) 418 12 23
&quot;Euro-Klinkier&quot; Sp.j. Przedsiębiorstwo Handlowo-Usługowe ##(91) 461 50 29
Evolution Group Sp. z o.o. ##501 960 309
Ewa Krawczyńska ##(91) 407 12 30
&quot;Expertbud&quot; Przedsiębiorstwo Produkcyjno-Handlowo-Usługowe Krzysztof Sołowiej ##533 444 074
Expol A.G. Arkadiusz Gawryluk #         salon@pianalazienki.com     #Oceń firmę i napisz o niej opinię:
Extra-Bud Artur Sgonina ##(91) 433 05 61
Faktor Global Sp. z o.o. #         info@faktor-global.com     #697 994 244
&quot;Fa-ma&quot; Materiały Budowlane #         zpbfama@wp.pl     #(91) 461 64 35
Family&amp;Home Małgorzata Zakrzewska #         sklep@familyandhome.pl     #605 034 558
Farba &amp; Beton Sp. z o.o. ##503 601 289
Fatra Polska Sp. z o.o. Sp.k. #         kontakt@fatra-polska.pl     #882 266 230
Fdb Polska S.C. Krzysztof Rajtar Łukasz Zozula ##515 100 023
Fenestra Marcin Wrzesiński #         biuro@fenestra.kolobrzeg.pl     #535 501 800
&quot;Feniks&quot; S.C. Biuro Handlowo-Usługowe Krzysztof Kręzlewski Janusz Kręzlewski #         kkrezlewski@wp.pl     #(94) 374 46 22
&quot;Fert-Dach&quot; S.C. Przedsiębiorstwo Handlowo-Usługowe Biuro Handlowe #         fertdach@stargard.com.pl     #(91) 578 22 52
&quot;Fert-Dach&quot; S.C. Przedsiębiorstwo Handlowo-Usługowe Biuro Handlowe ##606 759 584
&quot;Fert-Dach&quot; Sp.j. Przedsiębiorstwo Handlowo-Usługowe S.A.R.B. Lewandowscy ##(91) 577 14 27
FH Marcin Stefanowicz ##(94) 361 71 23
FHU Adrew Adam Rakowski ##504 850 148
FHU Anabud Anna Płóciennik #         anabud@wp.pl     #Oceń firmę i napisz o niej opinię:
FHU Barbara Szymanowska ##(91) 386 00 90
FHU Danuta Gałkowska #         dang1@interia.eu     #Oceń firmę i napisz o niej opinię:
FHU Drew-Bud Benedykt Broda #         drew-bud.szczecin@wp.pl     #602 702 000
FHU Eps Ewa Skonieczna #         epss@onet.pl     #Oceń firmę i napisz o niej opinię:
Fhu Grekodek Grzegorz Przygoda #         grekodek@wp.pl     #Oceń firmę i napisz o niej opinię:
FHU Inż. Wiesława Buksztaler #         w.buksztaler@gmail.com     #603 876 100
FHU Jurpol Andrzej Jurkowski #         jurkowskiandrzej@wp.pl     #665 608 346
FHU Materials Adam Afeltowicz ##605 468 190
FHU Monter Wojciech Marek Kawalerski #         monterszczecin@tlen.pl     #(91) 453 65 27
FHU Paweł Niestrój ##(91) 386 43 59
FHU Sprzedaż Materiałów Budowlanych i Elektrycznych Bud-Mal Biniek Kacper ##601 520 627
F.H.U. &quot;Strefa Grzania&quot; Marcin Tkacz #         strefagrzania@op.pl     #(91) 452 32 58
Firma Handlowa Apptech Paweł Woźny ##509 546 854
Firma Handlowo-Usługowa &quot;Dukat&quot; #         dukat.farby@neostrada.pl     #(91) 321 83 47
Firma Rodzinna Agabud Sp. z o.o. #         agabud.walcz@wp.pl     #606 139 595
Firma Usługowa Marcin Koprowski ##510 540 396
Firma Usługowo-Handlowa &quot;Iwagrol&quot; Grobelny Iwaniuk Spółka Jawna #         iwagrol@op.pl     #(94) 311 50 93
FN Materiały Budowlane Banasiak Katarzyna #         fn.biuro@o2.pl     #697 482 083
&quot;Forest&quot; Sp. z o.o. #         forest.szczecinek@pro.onet.pl     #(94) 374 35 67
Fortis Tomasz Ziembakowski #         tomasz.ziembakowski@gmail.com     #Oceń firmę i napisz o niej opinię:
&quot;Frambud I&quot; Sp.Cywilna Jarosław Frąckowiak Sebastian Łukaszewski Anna Frąckowiak #         biuro@frambud.pl     #Oceń firmę i napisz o niej opinię:
&quot;Frambud&quot; Jarosław Frąckowiak ##(91) 561 06 52
Fromak Hurt Maciej Frontczak #         maciejfrontczak@wp.pl     #Oceń firmę i napisz o niej opinię:
Frumax Sp. z o.o. ##509 996 854
Fuga Poprawscy Sp. z o.o. #         poprawskiwitold@op.pl     #Oceń firmę i napisz o niej opinię:
FUH Ags Dominik Zięba ##604 200 075
FUH Okno-Bud Tomasz Młynarski #         oknobudgryfice@wp.pl     #531 577 962
Futurewood Marta Borek ##510 805 989
&quot;Gabro Stone&quot; Sp. z o.o. ##(91) 466 70 01
&quot;Gabro Stone&quot; Sp. z o.o. ##(91) 466 70 00
&quot;Gama&quot; Hurtownia Materiałów Budowlano-Instalacyjnych ##(91) 386 25 68
&quot;Gips System&quot; Sp.j. ##(91) 577 14 88
&quot;Glazur 2&quot; PPHU Krzysztof Koszałka A&amp;C Tiara Nieruchomości #         glazur2gryfice@wp.pl     #(91) 384 33 59
Golański Wojciech Firma Wielobranżowa #         golwo@wp.pl     #Oceń firmę i napisz o niej opinię:
Gontarz Jolanta Przedsiębiorstwo Handlowo-Usługowe #         ludwikgo@o2.pl     #Oceń firmę i napisz o niej opinię:
&quot;Goździk&quot; Katarzyna Goździalska #         szymon.gozdzialski1@gmail.com     #Oceń firmę i napisz o niej opinię:
Granitex Norbert Ziółkowski #         granitnord@op.pl     #666 091 666
&quot;Gret Mar&quot; Sp. z o.o. ##(91) 573 53 38
Grupa Jabłoński Sp. z o.o. w Organizacji #         grupa.jablonski@onet.pl     #666 507 219
Grupa Multiprodukt Sp. z o.o. #         biuro@zge.com.pl     #(94) 307 00 91
&quot;Gryf-Mat&quot; Hurtownia Materiałów Budowlanych ##(91) 462 11 59
Gryglewska Agnieszka Przedsiębiorstwo Handlowo-Usługowe #         agaskag86@wp.pl     #(91) 416 63 54
GS &quot;Samopomoc Chłopska&quot; Magazyn Materiałów Budowlanych i Pasz ##(91) 414 11 37
&quot;Gwint-Met&quot; S.C. FH Andrzej Przytulski Andrzej Bazyli #         gwintmet@wp.pl     #(94) 342 28 75
H &amp; R Group Poland Sp. z o.o. ##790 369 911
Hard Rock BP Piaski Żwiry Grys #         biuro@hardrockbp.pl     #607 585 517
Hardy Kusa Wegner Sp.j. #         kontakt@hardybudowlany.pl     #781 109 709
&quot;HDL&quot; Sp. z o.o. #         hdl@hdl.com.pl     #Oceń firmę i napisz o niej opinię:
Henrik Jensen &quot;Consulting&quot; #         martahenrikj@gmail.com     #(94) 311 69 60
Henryk Kulik FH ##603 178 452
Hermes Gabrostone Sp. z o.o. ##(91) 466 70 00
&quot;HMB&quot; Hurtownia A. Kowalczyk D. Krasuski Grupa PSB #         hmb@hmb.gorzow.com     #(91) 482 88 96
Hmb Pewny Dach Sp. z o.o. #         pewnydach@home.pl     #(94) 346 85 93
&quot;Hmb Pewny Dach-Wykonawstwo&quot; Sp. z o.o. #         pewnydach@home.pl     #(94) 346 85 93
Htmg Mateusz Górecki ##796 438 924
Hurtowe Zaopatrzenie Budownictwa Tomasz Gedymin ##606 994 799
Hurtownia Budowlano-Chemiczna BOGITO Bogdan Jakliński #         hurtbodzio@op.pl     #698 623 093
Hurtownia Materiałów Budowlanych &quot;Budmat&quot; s.j. Leszek Cedro Dariusz Szulejko #         budmat@neostrada.pl     #(91) 392 20 71
Hurtownia Materiałów Budowlanych Paweł Donarski ##660 732 916
Hurtownia Materiałów Budowlanych Realbud Sp. z o.o. ##(91) 442 90 76
Hurtownia Materiałów Budowlanych Sezam Ii Sp. z o.o. #         sezam2@onet.pl     #(94) 342 54 46
&quot;Hydro-Flow&quot; Zbigniew Filipiak ##(94) 372 28 16
&quot;Hydromet&quot; Bielak Robert ##603 624 281
&quot;Hydromet&quot; Hurt-Detal Andrzej Żak Wspólnik S.C. #         hydromet@vp.pl     #603 624 281
Hyży Artur &quot;Pyrmo&quot; Centrum Handlowe ##(95) 746 22 60
&quot;Imitz&quot; Przedsiębiorstwo Handlowo-Usługowe ##602 772 350
Inteko-2000 Polska Sp. z o.o. #         intekopolska@gmail.com     #Oceń firmę i napisz o niej opinię:
&quot;Irfar&quot; Przedsiębiorstwo Wielobranżowe Sebastian Faryniarz #         irfar@irfar.pl     #Oceń firmę i napisz o niej opinię:
Isopol Maciej Szulc ##604 401 414
&quot;Itd&quot; Mariusz Uchnast ##(91) 423 88 55
Jacek Dębski ##(91) 431 44 58
Jacek Frąszczak ##601 645 099
Jakub i Lesław Górscy Sp.j. #         info@jlgorscy.pl     #(91) 482 17 97
Jan Domański #         jan.domanski@me.com     #Oceń firmę i napisz o niej opinię:
&quot;Jandar&quot; Firma Produkcyjno-Handlowo-Usługowa Janusz Rogowski #         janusz-rogowski@wp.pl     #Oceń firmę i napisz o niej opinię:
&quot;Jan-Pol&quot; S.C. Firma Handlowo-Usługowa ##502 666 205
Joanna Budynek Nordpal ##695 630 811
Joanna Kardasz Instal Serwis ##601 994 036
&quot;Joanna&quot; Przedsiębiorstwo Produkcyjno-Handlowo-Usługowe Barbara Drozd Joanna Rudecka ##608 085 265
&quot;Jowisz&quot; S.C. Materiały Budowlane Paweł Kozłowski Marek Kozłowski #         m.kowalski@post.pl     #(94) 373 20 99
Julita Świrkula #         jswirkula@gmail.com     #Oceń firmę i napisz o niej opinię:
Jupiter Iwona Sgonina #         jupiter@epoczta.pl     #(91) 455 71 24
Kacbud Kacper Turek #         turekkacper@gmail.com     #Oceń firmę i napisz o niej opinię:
Kacper-Dach Magdalena Więckowska #         kacperblacha1@wp.pl     #607 708 931
&quot;Kama&quot; Sklep Przemysłowy Jerzy Puchalski ##(94) 358 32 86
&quot;Karo&quot; Jerzy Błoszyk ##601 804 474
Katarzyna Aszkiłowicz ##600 937 241
&quot;KCMB&quot; Centrum Budownictwa Anna i Józef Kornatko #         biuro@kornatko.koszalin.pl     #Oceń firmę i napisz o niej opinię:
&quot;KCMB Nowa&quot; Sp. z o.o. ##(94) 716 47 46
Keramzyt Dom System Anna Dżurko #         sprzedaz@keramzyt-dom.pl     #Oceń firmę i napisz o niej opinię:
Keramzyt System Węcławik Gwódź Spółka Jawna ##(91) 462 14 40
&quot;Klinkier-Grzelak&quot; Zakład Usługowo-Handlowy Marcin Grzelak ##795 589 343
&quot;Km - Zet&quot; Materiały Budowlane Irena Zych ##(91) 397 44 54
Km Home Mariusz Dzidziewicz #         mariuszdzidziewicz@gmail.com     #Oceń firmę i napisz o niej opinię:
&quot;Km-Zet&quot; Materiały Budowlane Kamil Zych #         kmzet@vp.pl     #Oceń firmę i napisz o niej opinię:
&quot;Km-Zet&quot; S.C. Materiały Budowlane #         zzych@vp.pl     #(91) 397 44 54
Kopalnia Miodowice Sp. z o.o. ##(91) 418 68 05
&quot;Korczbud&quot; Robert Korczyński ##(91) 416 79 84
Kornatko Centrum Materiałów Budowlanych K.C.M.B. ##(94) 346 57 97
Kram Sienicki Niedworok Sp.j. #         biuro@salon-kram.pl     #(91) 322 37 70
&quot;Kram&quot; Sp.j. Salon Budowlany ##(91) 382 44 39
&quot;Kram&quot; Sp.j. Salon Budowlany ##(91) 322 37 70
&quot;Krusz-Bau&quot; Przedsiębiorstwo Handlowo-Usługowe Izabela Witkowska #         izabela-witkowska@wp.pl     #Oceń firmę i napisz o niej opinię:
&quot;Kruszbud&quot; Sp.j. Bolesław Danilewicz Henryk Szczepański #         kruszbud.lipce@gmail.com     #(94) 363 59 54
Krystian Sp. z o.o. ##(91) 455 75 63
Krystian Sp. z o.o. Sp.k. ##(91) 455 75 63
Kwadrat Mb Żabkiewicz Aneta ##(91) 418 22 12
Lebo Fenster Leszek Drankowski #         biuro@lebo.pl     #Oceń firmę i napisz o niej opinię:
Lech-Bud Leszek Chrobak #         lechbudleszek@vp.pl     #509 455 159
Leroy Merlin ##(91) 425 78 00
Leroy Merlin #         struga.sklep@leroymerlin.pl     #(91) 463 68 00
&quot;Leśnik&quot; PH Jarosław Ziental ##660 780 069
Lewandowska Izabela Zakład Usługowo-Ślusarski ##513 005 674
Lignumbest Marek Siuda #         biuro.lignumart@gmail.com     #Oceń firmę i napisz o niej opinię:
LOFT MODERN DESIGN Beton Architektoniczny #         biuro@uhb.com.pl     #509 536 306
Loos Window Consultancy - Maciej Loos #         maciek.loos@me.com     #607 900 103
Lukkon Koncewicz Łukasz #         szczecin@muzimer.pl     #513 298 090
Macon Sp. z o.o. w Organizacji #         biuro@macon24.pl     #783 204 077
&quot;Mad&quot; Mariusz Dzierżawski #         mad-g@wp.pl     #607 356 957
Mador Witryna Szczecin Iwona Kotuła #         biuro@madorwitryna.pl     #(91) 482 14 56
Majster Plus Agata Nowakowska #         stargard@majsterplus.com     #570 388 382
&quot;Majster Pomorze&quot; S.C. Mirosław Malina &amp; Norbert Durys ##(94) 351 82 10
&quot;Majster&quot; S.C. Krystyna i Dariusz Lusawa Aneta Dworakowska #         majsterkoszalin@poczta.fm     #Oceń firmę i napisz o niej opinię:
Makocki Marcin Terratimber #         terratimber@makocki.com     #605 999 764
&quot;Mal-Bud&quot; Firma Wielobranżowa Katarzyna Przybysz-Łuszczewska #         kasialuszczewska@wp.pl     #781 742 131
Mali Maria Lewandowska ##602 196 264
Małgorzata Nowak PH Marplas ##530 358 839
Marbud Sp. z o.o. ##(91) 418 52 84
Marcin Gajda Marpol ##606 811 623
&quot;Margip&quot; Przedsiębiorstwo Produkcyjno-Usługowo-Handlowe #         margip@onet.pl     #(94) 367 22 83
&quot;Margips&quot; Sp.j. ##(91) 418 96 60
Mariusz Czyżak #         czyzak@zcbchemia.com.pl     #(91) 488 78 65
&quot;Marpit&quot; Piotr Marczyński ##(94) 374 75 10
&quot;Marpol&quot; Marek Wegner ##881 660 590
Master II PHUP Marek Bednara ##509 695 366
&quot;Master&quot; Zakład Produkcyjno-Handlowo-Usługowy ##(91) 311 77 87
Maxbau Marzena Maniszewska #         marzena.maniszewska@wp.pl     #Oceń firmę i napisz o niej opinię:
MD Budinvest Spółka z o.o. #         biuro@mdbudinvest.com.pl     #(94) 373 91 92
Mdach Pokrycia Dachowe S.C. Robert Mamczur, Kamila Kochanek ##517 490 996
M-Dom-Usługi Ogólnobudowlane - Monika Lewandowska #         lemonia25@wp.pl     #509 698 327
Meblotechnika Danuta Madejsza #         meblotechnika@interia.pl     #698 572 356
Mega-Kolor Sp. z o.o. #         sklep@mega-kolor.pl     #(91) 577 10 00
Metal Max Emilia Ratajczyk #         ratajczykemilia00@gmail.com     #Oceń firmę i napisz o niej opinię:
Mgi Maciej Maćkowiak #         mackowiakgi@gmail.com     #Oceń firmę i napisz o niej opinię:
Michał Królikowski #         krolikowski.michal@gmail.com     #607 819 666
&quot;Mida&quot; Michał Daniel #         mida@autograf.pl     #509 910 541
&quot;Mimar&quot; Przedsiębiorstwo Produkcyjno-Handlowo-Usługowe Piotr Ćmoch #         kafipz@wp.pl     #600 917 000
&quot;Mimar&quot; Przedsiębiorstwo Produkcyjno-Handlowo-Usługowe Piotr Ćmoch ##600 917 000
&quot;M&amp;K&quot; S.C. Przedsiębiorstwo Handlowe Magdalena i Krzysztof Zalewscy ##(91) 422 05 70
Mliczek Andrzej Zakład Wyrobu Ogrodzeń Bram i Balustrad ##515 477 691
Mova Sp. z o.o. ##(67) 250 60 32
Mrówka Market Budowlany ##(94) 300 50 20
Multiprodukt Sp. z o.o. ##514 911 658
Muzimer Shop S.C.  a. Górny, Ł.Koncewicz ##(91) 482 67 32
Nanotechbud Sp. z o.o. ##503 398 917
Netbud S.C. Marek Krawczyk Mirosław Mierzicki Sylwester Kowalski #         biuro@netbud24.pl     #(91) 418 44 16
Nexus Piotr Skwara #         p.skwara@wp.pl     #600 383 438
Nexus Sp. z o.o. ##600 383 438
Nordic Group S.C. #         office@nordicgroup.pl     #887 780 310
&quot;Nordkalk&quot; Sp. z o.o. ##(91) 430 73 39
Norvik Group Sp. z o.o. ##503 748 839
&quot;Nowa&quot; Hurtownia Budowlana ##661 091 751
&quot;Nowa System&quot; S.C. Mieczysław Romanowicz Piotr Żywicki #         biuro@nowa-system.pl     #602 427 487
Okna Stefankowscy Jadwiga Stefankowska #         biuro@oknastefankowscy.pl     #Oceń firmę i napisz o niej opinię:
Okna Twoich Marzeń Klaudia Cebo #         oknatwoichmarzen@gmail.com     #500 844 923
&quot;Okna Vizo&quot; Sp. z o.o. Handel Pośrednictwo ##(95) 760 37 66
Orion Arkadiusz Bator #         arekbator@tlen.pl     #Oceń firmę i napisz o niej opinię:
&quot;Ost-West Baustoffhandel&quot; Sp. z o.o. ##(91) 578 52 19
Pagat Agregaty Malarskie Szpachlarskie Tynkarskie Tomasz Watral #         biuro@pagat.com.pl     #792 998 333
&quot;Panda&quot; Sp.j. Przedsiębiorstwo Handlowo-Usługowe Stefania Węgier Henryk Kozyra ##(95) 769 13 23
Parapety Police Małgorzata Krutul #         biuro@parapetypolice.pl     #Oceń firmę i napisz o niej opinię:
&quot;Parapety Polska&quot; Katarzyna Wierzbicka #         parapety.polska@wp.pl     #(91) 462 62 23
Paweł Chomiak Firma Handlowo - Usługowa &quot;Polmer&quot; ##663 115 344
&quot;PBS Mrówka-Wałcz&quot; Sp. z o.o. ##(67) 258 97 41
&quot;PCMB Armatura&quot; Adam Rogoża Pilska Centrala Materiałów Budowlanych #         pcmbwalcz@interia.pl     #880 011 323
Perun S.C. Wanda Kondej Łukasz Przyszlak Joanna Ulaczyk ##508 312 711
Petrus Fornir Piotr Patrzykąt #         patrzykatp@gmail.com     #607 879 488
Pg Invest Paweł Gralak #         p.gralak@tlen.pl     #Oceń firmę i napisz o niej opinię:
PH &quot;Complex&quot; - Małgorzata Góral #         p.h.complex@wp.pl     #Oceń firmę i napisz o niej opinię:
PH Dirs Renata Środa #         dirs@dirs.szczecin.pl     #(91) 484 89 30
PHU Agnieszka Kurpiel #         nyta@wp.pl     #695 992 380
PHU Jolex-Bud Jolanta Korsak #         korsaczka@o2.pl     #Oceń firmę i napisz o niej opinię:
PHU Link Roman Ostrowski ##731 069 480
PHU &quot;Mar-Ko&quot; Irena Kowalczyk #         marko.sklep@gmail.com     #(91) 570 13 19
Phu Pol-Wood Gabriel Fukacz, Marta Fukacz S.C. #         info@pol-wood.pl     #Oceń firmę i napisz o niej opinię:
Piotr Białach 1. Moto-Styl 2. Pz-Auto-Białach - Wspólnik Spółki Cywilnej #         motostyl@sbsgrupa.pl     #(94) 375 54 77
&quot;Płytex&quot; PHU Sokulska Regina #         reginasokulska@wp.pl     #(91) 886 56 67
&quot;Pm-Inwest&quot; Firma Handlowo-Usługowa Piotr Marecki ##608 405 767
Polska Centrala Materiałów Budowlanych Sp. z o.o. ##(67) 258 54 80
&quot;Polstar&quot; S.C. Aneta Rosiak B.bentkowska, A.rosiak ##(91) 561 89 22
Polstrad Sp. z o.o. #         kontakt@polstrad.pl     #(91) 307 60 90
Pomorskie Składy Drewna Sp. z o.o. #         piotr.katarzynski@psdkoszalin.pl     #(94) 343 20 10
Porta-Domo Firma Handlowo-Usługowa Bogusława Sołowicz ##(94) 712 83 93
Poz Bruk Sp. z o.o. Sp.j. #         szczecin@pozbruk.pl     #(91) 464 67 00
PPHU &quot;Cegiełka&quot; Łukasz Duszyński #         biuro@hurtowniacegielka.pl     #(94) 341 30 15
P.P.H.U. Roman Dach Roman Klukowski #         romandach@onet.eu     #609 540 410
PPU H. Zbigniew Michałkiewicz #         ppuhzbigniewmich@wp.pl     #(94) 372 60 10
PPUH Careco #         biuro@careco.com.pl     #(94) 346 12 05
P.P.U.H. &quot;Dom-Bud&quot; D. i F. Domańscy Sp.j. #         dombud.domanski@wp.pl     #509 133 008
P.P.U.H. WIELHURT Grupa GHB oddział Grzmiąca #         wielhurt@hot.pl     #663 190 052
&quot;Prefabet-Osława Dąbrowa&quot; S.A. Hurtownia #         szczecinek@prefabet.com.pl     #(94) 374 35 23
&quot;Prefabud&quot; Przedsiębiorstwo Produkcyjno-Usługowo-Handlowe Wiesław Kozyra ##(95) 760 30 53
Pro Acoustic Sp. z o.o. #         biuro@proacoustic.com.pl     #518 644 896
Pro Acoustic Sp. z o.o. Sp.k. #         biuro@proacoustic.com.pl     #518 644 896
Prodmar Maty Wejściowe Sp. z o.o. #         sklep@pedisystems.pl     #Oceń firmę i napisz o niej opinię:
&quot;Prodmar&quot; Sp. z o.o. #         info@csprodmar.pl     #(91) 391 35 10
&quot;Prodos&quot; Skład Materiałów Budowlanych Zofia Madej ##(91) 397 11 46
Produkcja Materiałów Budowlanych Yard Sp. z o.o. #         yard@alabaster-yard.eu     #(91) 469 32 46
&quot;Profi Wood &quot; Marcin Białczyk ##784 603 589
Profilbeton Polska Sp. z o.o. ##(91) 311 83 10
PROGRESS Sp.j. ##(94) 341 67 58
Proizolacje.Pl Sp. z o.o. #         biuro@proizolacje.pl     #721 897 564
Przediębiorstwo Handlowo - Usługowe Filipowicz Radosław ##515 131 989
Przedsiebiorstwo Produkcyjno-Handlowo-Usługowe Megasolid Kamil Kotula #         kamilkotula@op.pl     #Oceń firmę i napisz o niej opinię:
Przedsiębiorstwo Handlowe Hiper - Glazur Sp. z o.o. ##(91) 483 34 75
Przedsiębiorstwo Handlowe &quot;Mat-Bud Bis&quot; Brzóska Anna Rafał #         dombudslawno@op.pl     #(59) 810 33 56
Przedsiębiorstwo Handlowo Usługowe Panda Stefania i Henryk Kozyra - Sp. J. ##(95) 752 17 13
Przedsiębiorstwo Produkcyjno-Handlowo-Usługowe &quot;Spewko&quot; Wiesław Spera #         pphu.spewko@neostrada.pl     #(94) 375 45 66
Przedsiębiorstwo Usługowo-Handlowe MIX Dom Krzysztof Kostka #         mix-dom@wp.pl     #(94) 346 31 56
Przedsiębiorstwo Wielobranżowe Eko-Bud S.C. A. B. Zagrobelni #         ekobudkoszalin@op.pl     #(94) 347 10 00
PSB Mrówka #         guzowicz@vp.pl     #(94) 314 40 06
&quot;Psb Mrówka Goleniów&quot; ##(91) 418 24 33
&quot;Pszczółka&quot; PH Katarzyna Dąbska #         biuro@hurtownia-pszczolka.pl     #(95) 760 44 52
PUH Budmar Mariusz Stosio #         biuro@budmar.net     #602 644 854
Pz-Auto-Białach S.C. Piotr Białach i Żaneta Białach ##509 765 184
&quot;Qteck&quot; Wiesław Szpak #         qteck@go2.pl     #(95) 765 44 34
Radomski Witold Skład Materiałów Budowlanych #         vitpol11@wp.pl     #(91) 562 02 26
Radosław Domaradzki #         radoslaw.domaradzki12@gmail.com     #Oceń firmę i napisz o niej opinię:
&quot;Raspol&quot; Przedsiębiorstwo Wielobranżowe Roman Skoczek #         ras1@tlen.pl     #601 564 735
&quot;Remal&quot; PPUH Wiesław Rużanowski ##(67) 258 34 39
&quot;Remgood&quot; Kamil Sikora #         remgood@o2.pl     #665 566 194
&quot;Remonter&quot; Firma Handlowo-Usługowa Damian Dźwigał #         damiand100@wp.pl     #601 449 876
Repiko Sp.j. Jan Czesław Ryszard Franków #         biuro@repiko.pl     #(95) 760 33 12
&quot;Return&quot; PPH Kuzyk Zbigniew ##(95) 747 48 48
Richard Zwarra Handel i Usługi Budowlane. Kamień Naturalny Onyx ##788 132 919
Robert Adamczyk Adamczyk Consulting #         adamczyk.r@o2.pl     #607 626 556
&quot;Rocco&quot; Firma Handlowo-Usługowa Mariola Pacak #         rocco.szczecinek@gmail.com     #(94) 374 65 02
&quot;Rocco&quot; Składy Budowlane Kamil Pacak #         kamil.pacak@wp.pl     #602 718 612
Rogowska-Religa Urszula Materiały Budowlane ##(91) 455 82 55
&quot;Rolmet&quot; Sp.j. Hurtownia Materiałów Budowlanych ##(91) 415 00 00
Royalwood Hubert Król #         royalwood@wp.pl     #884 737 407
Rr-Bet Radosław Rozwadowski ##605 850 850
&quot;Rss - System&quot; PPUH Sylwia Serafin #         koka157@wp.pl     #Oceń firmę i napisz o niej opinię:
&quot;Ryś&quot; Firma Usługowa Jacek Ryś #         jacek.rys@op.pl     #(67) 258 36 65
&quot;Saxonia Stone Polska&quot; S.C. ##535 915 686
&quot;Sc Mb&quot; Izolacje Adam Koc #         biuro@scmb.com.pl     #Oceń firmę i napisz o niej opinię:
&quot;Scmb Chemia&quot; Łukasz Koc ##(95) 303 01 01
Sebastian Aleksiuk As Top Windows ##785 007 117
Sebastian Gołębiewski #         elgolab@wp.pl     #Oceń firmę i napisz o niej opinię:
SIG Sp. z o.o. Oddział Szczecin ##(91) 810 92 70
Silikaty Trąbki Sp. z o.o. #         silikatytrabki@neostrada.pl     #(91) 577 69 64
Sklep Internetowy e-budimer24.pl #         koncewiczl@gmail.com     #516 166 220
Sklep Mini Mrówka A.M. Kwiatkowscy S.C. #         mikrus22@onet.pl     #(94) 316 23 68
Sklep &quot;Muszelka&quot; Magdalena i Dariusz Najgebauer ##516 022 666
Sklep Ogólnobudowlany Anna Iwanów #         anka-budowlanka@wp.pl     #(91) 414 81 99
Sklep Ogólnobudowlany Jan-Pol Bartosz Rogal #         janpol.drawno@wp.pl     #608 208 599
Sklep Przemysłowo Budowlany Gdm Danuta Zawarska #         zawaragdm@wp.pl     #(95) 765 64 34
Sklep PSB-Mrówka ##(94) 300 50 20
Sklep PSB-Mrówka ##(94) 363 06 17
Sklep PSB-Mrówka ##(91) 387 08 02
Sklep PSB-Mrówka ##507 152 961
Sklep PSB-Mrówka ##(91) 416 21 32
Sklep PSB-Mrówka ##600 958 719
Sklep PSB-Mrówka ##(94) 351 10 35
Sklep PSB-Mrówka ##(67) 258 97 41
Sklep PSB-Mrówka ##728 471 924
Sklep PSB-Mrówka ##(91) 447 25 62
Sklep PSB-Mrówka ##(91) 384 52 40
Sklep PSB-Mrówka ##(91) 418 24 33
Sklep PSB-Mrówka ##(94) 314 40 06
Sklep PSB-Mrówka ##(94) 312 69 19
Sklep PSB-Mrówka ##(94) 316 23 68
Sklep PSB-Mrówka ##(91) 819 10 99
Sklep z Farbami i Artykułami Elektrycznymi Dwójka - Krzysztof Łomiński #         dwoojka@gmail.com     #501 396 711
Skład Budowlany Wodkan Bogdan Abramek #         wodkan.abramek@wp.pl     #(91) 311 31 61
Skład Drewna FUH Beata Załoga #         skladdrewna.zaloga@wp.pl     #Oceń firmę i napisz o niej opinię:
Slesz Leszek Siewieja ##609 549 916
&quot;Sobótka&quot; Hurtownia Materiałów Budowlanych Jadwiga Broda Sylwester Sowa ##(94) 366 25 37
&quot;Sobótka II&quot; Studio Ceramic Jadwiga Broda ##(94) 366 43 58
&quot;Sobótka&quot; S.C. Hurtownia Materiałów Budowlanych #         sobotkahmb@o2.pl     #(94) 366 43 58
&quot;Sokół&quot; S.C. Sokół Bożena Sokół Rafał ##501 407 531
&quot;Sopro Polska&quot; Sp. z o.o. #         p.madry@sopro.pl     #(91) 489 85 85
&quot;Soudal&quot; Sp. z o.o. #         szczecin@soudal.pl     #(91) 461 29 99
&quot;Sowiński&quot; Hurtownia #         hmbpsowinski@gmail.com     #(95) 768 50 06
Spec-Instal Agnieszka Nadolska #         agnieszkanad@wp.pl     #729 282 390
&quot;Spedromex&quot; Firma Handlowo-Usługowa Roman Dreszler ##(91) 321 01 72
&quot;Spewko&quot; Przedsiębiorstwo Produkcyjno-Handlowo-Usługowe Wiesław Spera #         biurospewko@gmail.com     #(94) 375 54 35
Spsr Sp. z o.o. ##604 524 516
Sr Poland Sp. z o.o. ##600 884 883
&quot;Sto - ispo&quot; Sp. z o.o. Centrum Sprzedaży ##(94) 346 05 93
&quot;Sto - ispo&quot; Sp. z o.o. Centrum Sprzedaży #         cs.szczecin.pl@sto.com     #(91) 432 18 50
Stok Sp. z o.o. #         a.keller@stok-handel.eu     #Oceń firmę i napisz o niej opinię:
Stok Sp. z o.o. w Organizacji #         a.keller@stok-handel.eu     #Oceń firmę i napisz o niej opinię:
Studio Wnętrz Jaromir Szydłowski ##790 634 131
STYL-BET PW Jurewicz i Paradowski Sp. J. #         biuro@styl-bet.com.pl     #(94) 363 30 76
Styl-Bud Michał Kwiatkowski #         stylbud.szczecinek@wp.pl     #507 086 605
&quot;Styl-Bud&quot; Sp. z o.o. Hurtownia Hydrauliczno-Sanitarna #         stylbud.szczecinek@wp.pl     #506 220 770
Suurio Sp. z o.o. ##607 633 155
Sweillem Polska Sp. z o.o. #         kruzz@poczta.onet.pl     #601 250 080
Szafran Sp. z o.o. ##(94) 365 29 90
Szczecińskie Kopalnie Surowców Mineralnych S.A. Punkt Sprzedaży ##(91) 462 40 59
&quot;Szczesny Materiały Budowlane&quot; Jacek, Paweł, Andrzej Szczesny Sp.j. #         szczesnymb@interia.pl     #785 179 920
&quot;T &amp; M&quot; Marcin Mikołajczak ##601 564 731
&quot;Taras&quot; Marian Rozpendowski #         taras-kamien@o2.pl     #(91) 382 04 48
&quot;Tegola&quot; Przedsiębiorstwo Handlowo-Usługowe Bartosz Wąsik #         tegola.dachy@wp.pl     #502 289 141
&quot;Teleport 2000&quot; Bożena Krzanowska #         biuro@teleport2000.pl     #(91) 454 13 66
&quot;Termex&quot; ##(94) 341 67 54
&quot;Termex&quot; Sp. z o.o. PPHU Grupa PSB ##(91) 387 08 02
&quot;Termex&quot; Sp. z o.o. Przedsiębiorstwo Produkcyjno-Handlowo-Usługowe ##(91) 382 52 17
&quot;Termex&quot; Sp. z o.o. Przedsiębiorstwo Produkcyjno-Handlowo-Usługowe ##(94) 363 06 17
&quot;Termex&quot; Sp. z o.o. Przedsiębiorstwo Produkcyjno-Handlowo-Usługowe ##660 423 960
&quot;Tęcza&quot; PPHU - Hurtownia Materiałów Budowlanych Ewa Żur #         sprzedaz@tecza.koszalin.pl     #(94) 340 89 73
Thiseas Michalis Apostolu ##(91) 487 07 42
&quot;Timbex&quot; Sp. z o.o. Przedsiębiorstwo Produkcyjno-Handlowe #         sekretariat.szczecin@timbex.com.pl     #(91) 422 44 04
TK- Expert Tomasz Kieda ##509 508 045
T&amp;M Hanna Nowicka-Klein #         tomasz.klein@interia.pl     #Oceń firmę i napisz o niej opinię:
Tomasz Jachowski Ppuht &quot;J A C H O B i&quot; #         jachobi@o2.pl     #(91) 384 57 45
Tomasz Matuszewski ##(91) 578 64 42
Tomimpex Kruszywa #         sekretariat@tomimpex.com     #660 780 372
Top-Home #         kolobrzeg@bysewo.pl     #(94) 300 50 24
Transebud Sp. z o.o. ##601 982 052
Transmal Adam Malita #         adam_malita@wp.pl     #Oceń firmę i napisz o niej opinię:
&quot;Transped&quot; Przedsiębiorstwo Usług Handlu Transportu Marcin Gad ##502 082 005
Tuplex Sp. z o.o. #         szczecin@tuplex.pl     #(91) 460 04 22
Tweetop Sp. z o.o. ##(91) 488 47 71
Twoja Alfa Sp. z o.o. #         alfa.system@wp.pl     #(94) 354 78 81
Twoja Alfa Sp. z o.o. #         koszalin@twojaalfa.pl     #(94) 341 59 37
Twój Dach Fortas Magda Lipińska Maria S.C. ##512 287 066
U Kamila Duczyński Kamil ##661 469 751
Ventido S.C. Mariusz Szułowicz, Piotr Kalbarczyk ##509 309 530
Vitreos Daniel Dąbrowski #         biuro@vitreos.pl     #Oceń firmę i napisz o niej opinię:
Vox Skład Budowlany Dukato #         dukato@dukato.com.pl     #(67) 387 07 49
W - Projekt Wojciech Węgrzyn #         biuro@w-projekt.pl     #(94) 342 56 24
Walczak Ewelina Zakład Betoniarski #         anbet@poczta.fm     #(91) 418 09 08
Waldemar Bednarski FHU #         norkbud@o2.pl     #Oceń firmę i napisz o niej opinię:
&quot;Wektor II&quot; Katarzyna Robionek ##(67) 258 92 84
&quot;Wielhurt&quot; Przedsiębiorstwo Produkcyjno-Usługowo-Handlowe Tomasz Tuziemski #         wielhurt@hot.pl     #(94) 318 75 34
&quot;Wiga&quot; S.C. Agencja Usługowa Iwona i Waldemar Strzelczyk #         biuro@wiga.com.pl     #(91) 578 21 90
Wintergarten.Pl Sp. z o.o. ##602 124 896
Wkw- Krzysztof Wasil #         krzysztofwasil@op.pl     #503 334 056
Wood &amp; Play Sp. z o.o. #         grzegorzkarpinski@gmail.com     #Oceń firmę i napisz o niej opinię:
&quot;Yard&quot; Sp. z o.o. #         yard@alabaster-yard.eu     #(91) 416 71 18
Zakład Gazyfikacji Bezprzewodowej Expres-Gaz S.C. ##(94) 318 79 02
Zakład Handlu Laskowscy ##(91) 392 07 76
Zakład Produkcyjno-Handlowo-Usługowy Bud-Mat S.C. Marcin Woźniak i Joanna Woźniak #         budmat.marcins@interia.pl     #(94) 361 71 23
ZCB Chemia Materiały Budowlane Chemia Budowlana #         zcbchemia@wp.pl     #(91) 488 78 65
ZET Materiały Budowlane Jarosław Zalewski ##501 039 253
ZFE Sp. z o.o. #         zfe@zfe-ziegel.com     #(94) 375 76 92
Zielona Linia Sp. z o.o. ##(94) 311 97 30
Ziomek Barbara Sklep Wielobranżowy ##(94) 311 59 62
Grunt Usługi budowlane #         p.pigulski@grunt.stargard.pl     #696 187 125
TRANS-ŻWIR Żwirownia, Kruszywa, Materiały sypkie #         klosowski1@op.pl     #600 894 449
Panel Dom PHU Sławomir Mikoś #         paneldom@budujcie.pl     #(95) 746 19 00
Gruz-pak sp.j. Radosław Wałaszek Radosław Zacharski #         gruzpak@op.pl     #881 332 332
Gruz-Mix Marcin Duszyński #         gruz-mix@wp.pl     #661 470 661
Bugi Adam Bugajczyk #         abugajczyk10@gmail.com     #725 127 455
Andreas FUH Andrzej Adamów #         andreaslobez1@o2.pl     #502 079 240
Hard Rock Bp Piaski, Żwiry, Gres #         biuro@hardrockbp.pl     #607 585 517
Iwagrol Diler Stihl Viking #         iwagrol@op.pl     #(94) 311 50 93
Remonty i wykończenia wnętrz Euroserwis #         zalewski.oze.technik@gmail.com     #793 037 545
Tomasz Lewandowski Pro-nad Konstrukcje #         pronad.konstrukcje@gmail.com     #667 798 824
Zakład Budowlano-Instalatorski Wojciech Piaseczny #         brak     #736 504 120
HMB Pewny Dach sp. z o.o. #         pewnydach@home.pl     #(94) 346 85 93
Kruszbud sp.j. Bolesław Danilewicz Henryk Szczepański #         kruszbud.lipce@gmail.com     #609 632 508
Mielenko Kopalnia Surowców Mineralnych Bolesław Danilewicz #         biuro@ksmmielenko.pl     #(94) 363 38 88
New Chris Bud Wykańczanie Wnętrz i Dekarstwo Krzysztof Janaszek #         janaszekkrzysztof0@gmail.com     #661 734 760
Agro-Skład #         m.nowakowska@agrosklad.pl     #(91) 464 71 00
Awa Agnieszka Wiśniewska Obsługa Inwestycji Drogowych #         awa01@op.pl     #604 589 027
Budom Budowa domów #         budom.szczecin@gmail.com     #(91) 483 38 10
Trans-Mur PPHU Transport Wiesław Murawa #         transport@trans-mur.pl     #601 778 396
WoodRes Centrum Drewna #         kontakt@woodres.pl     #504 833 166
Bosch Car Service Starościk Szczecin #         bok@boschcarservice.com.pl     #608 608 015
Stelmaszyński s.c. Firma Budowlana Solidne Dachy Nad Waszymi Głowami #         stelmaszynski@wp.pl     #602 510 973
Advisory Biuro konsultacyjno-usługowe #         advisory@wp.pl     #602 154 106
Schody Bogatek. Producent schodów drewnianych. #         irekbogatek@wp.pl     #694 216 367
Kontener Serwis #         biuro@kontener-serwis.pl     #(91) 431 74 24
Sanix Tur Development Sp. z o.o. #         turbaczewski@o2.pl     #(91) 813 75 70
Zakład Usług Wielobranżowych Robert Dąbrowski #         zuw.robert.dabrowski@gmail.com     #608 024 512
Hard Rock Bp Piaski, Żwiry, Gres ##607 585 517
Usługi Budowlano-Sprzętowe Prace Ziemne Patryk Tatar #         patryk-tat@wp.pl     #781 344 194
Ise Transport Ireneusz Smoliński #         bryza1@onet.pl     #731 411 511
Inwest-Ocieplenia Krzysztof Kuligowski #         kuligowski.krzysztof30@gmail.com     #513 341 368
Mago. PHU. Maduzia M. #         magopyrzyce@op.pl     #(91) 851 12 55
Linde Marek Faryniarz #         biuro@linde.szczecin.pl     #(91) 462 33 08
Daneks Reklama Sztukateria #         daneks@daneks.com.pl     #(91) 462 64 54
Drew Mat II Sp. z o.o. #         drewmat@interia.pl     #661 929 135
Rob-Trans Robert Kulas #         robtrans.kontakt@gmail.com     #531 202 589
Cell Mex Grzegorz Mańkowski #         grisza130@wp.pl     #514 391 426
IP Bud Haus Sp. z o.o. #         ip.budhaus@onet.pl     #791 003 201
Iris-Bud Sp. z o.o. #         konstel1@o2.pl     #608 224 606
1 Profil S.C. Izabela Fil-Król Mateusz Fil. 2 Dromat Mateusz Fil #         profil.koszalin@wp.pl     #667 186 103
&quot;Adbud&quot; Adrian Kikosicki ##722 331 527
Adrian Wardziński Bau #         tubinio@op.pl     #731 576 582
Agnieszka Owczarek Firma Ogólnobudowlana #         agnieszka28081@gmail.com     #Oceń firmę i napisz o niej opinię:
&quot;Agro-Wap&quot; PW Angelika Staniszewska ##605 619 053
&quot;Almar&quot; S.C. Aleksadra Łach Marek Łach ##(91) 462 90 83
Alu System Raisa Nowak #         raisanowak@gazeta.pl     #Oceń firmę i napisz o niej opinię:
&quot;Alvaro&quot; Usługi Budowlane Arkadiusz Woronowicz #         arekworonowicz@o2.pl     #Oceń firmę i napisz o niej opinię:
Ambasador Sebastian Grzemski ##502 488 177
&quot;AM-Tech&quot; Adam Kałuski #         am_tech@wp.pl     #Oceń firmę i napisz o niej opinię:
&quot;Andar&quot; Dariusz Jóźwiak ##606 237 887
Andrzej Baran &quot;Ambia&quot; #         ambia.andrzej@gmail.com     #515 355 517
Apartamenty pod Dębem Marek Zbiegień ##601 644 627
&quot;Arenarium&quot; Sp. z o.o. #         w.teszner@ad-rem.pl     #(91) 484 42 15
Ariel Galuba Oknameb #         arielas_01@wp.pl     #Oceń firmę i napisz o niej opinię:
Arkadiusz Nieckarz Alienteam #         nieckarzarkadiusz@poczta.fm     #Oceń firmę i napisz o niej opinię:
&quot;Ars-Bud&quot; S.C. Materiały i Usługi Budowlane Leszek Arsoba Grażyna Arsoba #         leszekarsoba@op.pl     #(91) 386 07 44
&quot;Aster&quot; Rafał Skiba ##(94) 346 30 03
Axbau Sara Szulc #         axbau@wp.pl     #Oceń firmę i napisz o niej opinię:
Bardin Marek Usługi Transportowe #         bardin.sikora@gmail.com     #603 224 448
Barlinek Okna Artur Gubała ##609 670 960
&quot;Berkam&quot; FHU Bernacki Andrzej ##669 150 314
Bieć Paweł Zakład Usług Transportowo-Sprzętowych i Robót Drogowych #         transport.pawel@wp.pl     #602 637 277
B-Max Diana Broll #         akopodatki@wp.pl     #785 700 707
Bms Glasss Patryk Moń ##575 721 298
Bog- Pol Usługi Remontowo - Budowlane Bogdan Pietras #         b5pietras@op.pl     #508 405 377
&quot;Budimeb&quot; Agnieszka Kowalska ##698 395 001
Budimeb Bis Krzysztof Kowalski ##698 395 186
Budowa-Remonty Robert Malec #         byk538@wp.pl     #Oceń firmę i napisz o niej opinię:
&quot;Bud-Rem&quot; Zbigniew Mieczkowski ##503 175 469
&quot;Calculus&quot; Sp. z o.o. #         krzysztof@calculus-kruszywa.com     #503 178 734
Caverion Polska Sp. z o.o. #         serwis.szczecin@caverion.pl     #Oceń firmę i napisz o niej opinię:
&quot;Ceramzet&quot; Sprzedaż Materiałów Budowlanych ##(91) 317 84 98
&quot;Cestra&quot; Sp.j. #         cestra@wp.pl     #(91) 395 10 00
Clever Team Przesmycki Kowalonek Sp.j. ##508 202 293
Clinic Parkiet Marcin Grabowski #         parkietykoszalinmg@gmail.com     #Oceń firmę i napisz o niej opinię:
D. w. O. - Kustosz Michał #         michu05qstosz@wp.pl     #609 692 969
Daniel Gruszecki Gruchause #         dangrus1606@gmail.com     #Oceń firmę i napisz o niej opinię:
Danilewicz Bolesław Kopalnia Surowców Mineralnych ##(94) 363 38 88
Dan-Pol Daniel Witczak #         witczak65@wp.pl     #Oceń firmę i napisz o niej opinię:
Darex Dariusz Osowski ##509 423 861
Dawpol Angelika Obolewicz #         angelikaobolewicz@wp.pl     #Oceń firmę i napisz o niej opinię:
&quot;Decodomo&quot; Piotr Szczepański ##(94) 713 61 77
Deoro Kosobucka i Wszołkowski S.C. #         kontakt@deoro.pl     #609 124 140
&quot;Destol Meble&quot; Daniel Piepióra #         piepa22@op.pl     #Oceń firmę i napisz o niej opinię:
D.O.D. System Sp. z o.o. #         biuro@dodsystem.pl     #(91) 852 24 25
&quot;Domart&quot; Ceramika Adam Białas #         ceramika.domart@op.pl     #508 365 599
&quot;Dreweko&quot; Wanda Meyer #         wandameyer@wp.pl     #Oceń firmę i napisz o niej opinię:
Drew-Team Marcin Bromirski ##500 336 695
&quot;Durabet&quot; Zakład Produkcji Betonu i Kostki Brukowej #         biuro@durabet.pl     #(94) 351 94 90
Durał Władysław Zakład Eksploatacji Kruszywa #         zek.biuro@wp.pl     #(94) 318 76 28
Dżak-Bud Jacek Ciesielski #         monika.neczaj3@wp.pl     #606 765 537
Eko- Dom Sp. z o.o. #         eko-dom@eko-dom.szczecin.pl     #(91) 469 37 72
&quot;Elda&quot; Leon Żurański ##(95) 746 49 05
&quot;Eldas Bis&quot; S.C. Błażej i Miłosz Chudyk ##691 373 992
Elmax Sabina Nowicka ##880 754 742
Emilia Kosobucka #         kontakt@deoro.pl     #510 951 944
Emilia Walentowicz Salon Drzwi i Wyposażenia Wnętrz Kameleon #         kameleon.koszalin@onet.pl     #Oceń firmę i napisz o niej opinię:
&quot;Energet&quot; Sp. z o.o. Przedsiębiorstwo Robót Technicznych #         energet@o2.pl     #(91) 316 51 35
Englert Group Englert Marek #         englert.group@o2.pl     #570 770 379
Eokna Piotr Pałczyński #         internetdirect1@gmail.com     #Oceń firmę i napisz o niej opinię:
Eren Okna Robert Niziński #         eren.okna@gmail.com     #Oceń firmę i napisz o niej opinię:
&quot;Eurobud&quot; Firma Handlowo-Usługowa Mariusz Orman #         fhueurobud@op.pl     #508 160 558
&quot;Euro-Gips&quot; Adam Prajwocki #         prajwocki@wp.pl     #(94) 354 04 13
Eurolux Sp. z o.o. #         info@euroluxwindows.com     #510 814 992
&quot;Euro-Matrix&quot; Sp. z o.o. #         wilkeeuromatrix@gmail.com     #607 460 577
Euro-Mebel Zbigniew Piotr Świątek ##501 582 117
&quot;Eurovia Polska&quot; S.A. Oddział #         szczecin@eurovia.pl     #(91) 462 13 10
Ewa Włodarczyk - Usługi Ogólnobudowlane #         irek.wlodarczyk@op.pl     #665 770 631
Fasada Dawid Matczak #         dawid850630@wp.pl     #Oceń firmę i napisz o niej opinię:
Fenru Przemysław Rudyk #         przemekrudyk@wp.pl     #513 538 508
FHU Mariusz Kałużny ##602 766 163
Filar Anna Andrzejewska ##(91) 321 82 17
Finestra-System Marek Kaczmarski #         systemfinestra@gmail.com     #Oceń firmę i napisz o niej opinię:
Firma Usług Montażowych Janusz Juszczuk #         janas79_79@o2.pl     #Oceń firmę i napisz o niej opinię:
Firma Usługowa Maciej Krasowski ##509 409 645
Firma Usługowa Marcin Hryniewicz #         kibol_86@wp.pl     #Oceń firmę i napisz o niej opinię:
Firma Usługowa Mariusz Juranek #         akselot@wp.pl     #668 497 178
Firma Usługowo-Handlowa Łukasz Jankowski #         l.jankowski@o2.pl     #Oceń firmę i napisz o niej opinię:
&quot;Forhaus&quot; Katarzyna Woźniak ##(91) 487 54 48
F.U.&quot;Korin&quot; Kornelia Łuczak ##513 062 511
&quot;Geo Masters&quot; Emil Celer ##(94) 366 30 95
Gipskartonitd Sp. z o.o. #         gipskartonitd@gmail.com     #668 017 734
Global Okna Izabela Rosińska #         globalokna@wp.pl     #(91) 439 58 06
Goetia Adam Nowakowski #         kontakt.goetia@gmail.com     #Oceń firmę i napisz o niej opinię:
Golwood Michał Urbaniak #         biuro@golwood.pl     #728 587 001
&quot;Grab&quot; S.C. Firma Handlowa Ilona Gralewska Mieczysław Bakowicz ##(91) 382 02 77
Graff Meble Sebastian Mojsiewicz #         smgraff.meble@gmail.com     #Oceń firmę i napisz o niej opinię:
Green Step Szczecin Sp. z o.o. #         szczecin@greenstep.pl     #Oceń firmę i napisz o niej opinię:
Grzegorz Bartoszewicz ##794 590 062
&quot;Gul&quot; Jan Gul ##695 633 039
&quot;Gurazda&quot; Firma Leszek Gurazda #         leszekgurazda@interia.pl     #666 091 673
Handel Spedycja i Transport Kuchar Paweł #         kucharpawel.transport@o2.pl     #781 297 021
Heban Mariusz Knasiński ##697 469 779
Hiper-Glazur Materiały Budowlane #         salon47@hiperglazur.pl     #(91) 484 88 70
HJ Usługi Stolarskie Janusz Hołod #         januszholod@interia.eu     #501 773 597
&quot;Holzmet&quot; Monika Maślana #         handwerker.pl@gmail.com     #513 007 419
Holzmet S.C. Sławomir Maślany, Mateusz Maślany #         slawekmaslany@wp.pl     #513 007 419
Homax. Okna, Drzwi, Bramy Garażowe. #         kontakt@homax.com.pl     #513 098 630
HS Koncept Krzysztof Skrobisz ##781 060 250
&quot;H.S.J. +&quot; Materiały Budowlane Sebastian Szychulski #         hsjplus@op.pl     #(91) 418 61 21
Interplast Ernest Horosz #         biuro-interplast@wp.pl     #Oceń firmę i napisz o niej opinię:
i.R. - Pro Roman Kucharski #         roman_kucharski@live.pl     #Oceń firmę i napisz o niej opinię:
Ireneusz Górski #         irekgorski@onet.eu     #502 553 386
IS Logistic Sp. z o.o. Sp.k. #         konradjackowski@interia.eu     #501 732 182
&quot;Iw-Bud&quot; Zakład Usługowo Remontowo-Budowlany Sylwester Owczarek ##510 101 437
Jacek Celnik #         celu86@wp.pl     #Oceń firmę i napisz o niej opinię:
Jacek Kraskowski Kj ##606 819 565
Jako Sp. z o.o. Sp.k. ##(91) 561 04 72
Jan Misztal ##663 748 219
Jan Wojan Garda Plus #         najow@o2.pl     #728 948 376
&quot;Janex&quot; Przedsiębiorstwo Wielobranżowe Jan Pawłowski ##(95) 746 39 71
Jankowski Andrzej Specjalistyczne Usługi Stolarskie ##602 576 263
Jmbud Mirosław Jodko ##537 001 303
Jopek Marcin Matczak #         jopek27111979@wp.pl     #Oceń firmę i napisz o niej opinię:
&quot;Js&quot; FHU Jarosław Słodziński #         jaroslaw.slodzinski@onet.pl     #Oceń firmę i napisz o niej opinię:
&quot;Kamfil&quot; Dominik Smuga #         dominik.smuga@onet.pl     #Oceń firmę i napisz o niej opinię:
Kamil Maćkowiak ##512 618 948
Kamrat Kamil Gorczyński #         kamratkg@onet.pl     #513 528 308
Karol Błaszczyk &quot;Graf&quot; ##782 057 677
&quot;KCMB-Wykończeniówka&quot; Dariusz Jabłonowski ##(94) 372 46 02
Keramzyt System S.C. Zakład Produkcji Materiałów Budowlanych #         keramzytsc@wp.pl     #784 061 862
Klink #         szczecin@klink.pl     #730 006 418
Kłosowiak Paweł Berezowski #         dom.klosowiak@interia.pl     #Oceń firmę i napisz o niej opinię:
Kopalnia Surowców Mineralnych S. Mroczek, T. Szczepański Sp.J. ##606 406 781
Kopalnia Surowców Mineralnych S. Mroczek, T. Szczepański Sp.J. Oddział ##660 768 673
Kruszywa Budowlane Sp. z o.o. ##669 921 144
Kruszywa Budowlane Sp. z o.o. Spółka Komandytowa ##669 921 145
Krzysztof Banaś #         krzysztof_101010@wp.pl     #602 222 112
Krzysztof Żmuda #         krzyzm@wp.pl     #Oceń firmę i napisz o niej opinię:
KTG Kamień Sp. z o.o. #         biuro@ktg-kamien.pl     #514 600 657
&quot;Kubik&quot; Marcin Kubisiak ##510 477 451
&quot;Lafarge Kruszywa i Beton&quot; Sp. z o.o. Wytwórnia Betonu ##(91) 462 39 98
&quot;Lafarge Kruszywa i Beton&quot; Sp. z o.o. Żwirownia ##(91) 471 60 03
&quot;Lafarge Kruszywa i Beton&quot; Sp. z o.o. Żwirownia Sępólno ##(94) 373 80 60
&quot;Largo&quot; FHU Krzysztof Kamykowski #         krzysztof_kamykowski@wp.pl     #793 492 618
Litex S.C. Ireneusz Holc #         holsik@poczta.fm     #Oceń firmę i napisz o niej opinię:
&quot;Lookdoor&quot; Iwona Paluszkiewicz ##514 565 820
Luthor Lech Kazała #         kazala@autograf.pl     #500 287 495
Mabudo Autoryzowany Przedstawiciel S.C. Marek Radoń Robert Grotkowski ##662 183 168
&quot;Magda-Trans&quot; Budowlane Materiały ##691 925 738
&quot;Magda-Trans&quot; Budowlane Materiały #         smagdatrans@wp.pl     #691 925 738
Małgorzata Jacyna -Witt ##606 682 618
Mar-Bud Adrian Bloch #         bloch19@wp.pl     #Oceń firmę i napisz o niej opinię:
Marbud Spółka z o.o. Sp.k. ##(91) 418 52 84
Marcin Jermak Przedsiębiorstwo Produkcyjno-Usługowo-Handlowe &quot;Ewmax&quot; ##(91) 834 09 11
Marcin Wolf ##695 293 593
Marek Krzaczkowski #         duromarmur2@gmail.com     #Oceń firmę i napisz o niej opinię:
Mariusz Charczuk ##504 391 383
Markas Marcin Ściegienka #         sciegienkamarcin@interia.pl     #Oceń firmę i napisz o niej opinię:
Marmat Mariusz Matczak #         kamerteon@gmail.com     #Oceń firmę i napisz o niej opinię:
Mas-Bud Sp. Jawna #         mas-bud@wp.pl     #(91) 418 72 60
Materiały Budowlane Małgorzata Orłowska #         mtbdrawskopom@wp.pl     #(94) 363 30 89
&quot;M-Bud&quot; Usługi Remontowo-Budowlane Sławomir Miga #         mbud2@tlen.pl     #695 607 472
Mdw Kruszywa Sp. z o.o. ##(61) 832 36 93
Mebeltom Edyta Tomaszewska ##606 858 201
Meble Na Wymiar - Kordian Wiśniewski #         kordianwisniewski507@wp.pl     #507 229 136
Megaron S.A. #         megaron@megaron.com.pl     #(91) 466 45 40
Michał Sobieski Service ##504 010 200
Mikołajczyk Józef Zmechanizowane Roboty Ziemne #         j.mikolajczyk@poczta.onet.pl     #885 666 661
&quot;Mirbud&quot; PPHU Mirosław Staszków - Okna Drzwi Fasady PCV #         bogusia70@onet.eu     #(91) 387 22 77
&quot;Miro-Quelle&quot; P.P.U.H. ##601 873 021
M-Remont Marcin Musiał #         nusiek3@o2.pl     #503 022 784
Mrozewski Andrzej ##609 727 578
Ms Design Wiktoria Sawińska #         piotrsawinski@onet.pl     #730 975 610
Ms-Doors Mikołaj Silny #         optimistrz@gmail.com     #Oceń firmę i napisz o niej opinię:
&quot;Mts&quot; S.C. Magdalena Stencel Tomasz Stencel ##661 421 281
Muryn Alicja Muryn ##505 126 696
MW Woodart Michał Wojcinowicz ##517 179 295
Nika - Zabudowa Balkonów Małgorzata Hełmecka-Malarz #         nika@sz.home.pl     #(91) 489 37 14
Nowakowski Józef Tartak #         biuro@zpd-slawoborze.pl     #(94) 364 73 54
&quot;Nowe Okno&quot; Grzegorz Sękowski ##601 455 937
Okna i drzwi PCV - Zakład Budowlany Pawłowski Robert #         okna-biuro@wp.pl     #505 473 761
Olechniccy Jan i Zdzisław Sp.j. Hurtownia Artykułów Przemysłowych #         olechniccy@neostrada.pl     #(94) 312 43 40
&quot;Olek Stolar&quot; Arkadiusz Oleksiewicz #         dawid_banach@wp.pl     #785 262 468
Opti - Remont Dariusz Węgielnik #         darecki835@wp.pl     #663 541 600
Osiński Grzegorz Usługi Remontowo-Wykończeniowe ##723 525 797
&quot;P O L D O M&quot; - Mariusz Staniaszek #         poldom-drzwi@wp.pl     #609 655 575
Patrycjusz Dąbrowski Meble na Wymiar #         dabros107@wp.pl     #733 240 437
Patryk Suchecki #         pepryk132@gmail.com     #Oceń firmę i napisz o niej opinię:
Paul Hurt #         p.paul.hurt@gmail.com     #(91) 327 93 47
Paweł Jerzy Wojnach ##660 727 167
Paweł Kwieciński #         pawelkwiecinski88@wp.pl     #Oceń firmę i napisz o niej opinię:
Paweł Lewandowski #         lewusekp@wp.pl     #Oceń firmę i napisz o niej opinię:
Paweł Michalak ##882 437 226
&quot;Perfekt&quot; Ochroński Maciej ##509 463 646
Peter Chukwu Przedsiębiorstwo Wydobywczo Handlowo-Usługowe #         nigerpol@onet.pl     #791 012 512
PHU Meranti Dariusz Wardaliński ##(91) 460 09 68
PHU Styl-Dom Małgorzata Kławsiuć ##(91) 812 15 14
Piotr Tkacz ##508 053 531
Pol-Trans F.H.U. Paweł Pawłowski #         pawlowska6@wp.pl     #881 474 424
&quot;Porta&quot; Paweł Domański #         paweldomanski58@wp.pl     #Oceń firmę i napisz o niej opinię:
PPU Dach Marek Fornal Piotr Konieczny Sp.j. ##(94) 346 79 55
Probix FPUH Tomasz Jan Piróg #         probix@o2.pl     #602 622 054
Profest Sp. z o.o. w Organizacji #         j.kerplik@kerplik.pl     #Oceń firmę i napisz o niej opinię:
Profi Rolety Dawid Witkowski #         info@rolety-szczecin.pl     #505 708 704
Profil Usługi Remontowo-Budowlane Andrzej Nowakowski ##888 238 511
&quot;Prosto z Lasu&quot; Karol Horodyski #         karolhorodyski@op.pl     #Oceń firmę i napisz o niej opinię:
Przedsiębiorstwo Eksploatacji Kruszywa Naturalnego &quot; Patryk Bonda &quot; ##503 048 958
Przedsiębiorstwo Transportowo-Handlowo-Usługowe Marek Adamów #         a.adamow@op.pl     #606 408 141
PUH Discus-Mario Mariusz Kamiński #         wystroj@wp.pl     #500 006 860
&quot;Radek&quot; Zakład Usługowo-Budowlany Radosław Ugorek ##697 975 554
Radosław Pietrzak #         radoslawpietrzak@interia.pl     #Oceń firmę i napisz o niej opinię:
Rafał Urbański #         urbanski770316@gmail.com     #Oceń firmę i napisz o niej opinię:
R.a.P. Termoplast Patrycja Brzozowska #         brzozowska-pat@o2.pl     #Oceń firmę i napisz o niej opinię:
Recpol Sp. z o.o. w Organizacji ##539 906 542
Remont Materiały i Usługi Budowlane #         marek_niedzwiedzki@op.pl     #507 421 533
Renowacje Artur Anielak #         arturanielak@wp.pl     #782 652 294
RKP Słowiany Sp. z o.o. ##692 643 107
Robert Wlazło Materiały Budowlane ##501 065 936
Roletax Dariusz Kosakowski ##508 144 956
&quot;Rolhurt&quot; Sp. z o.o. Dariusz Jakubowski ##(91) 810 10 89
Rolmar Okna Drzwi Stefan Szymczyk ##(91) 486 25 10
&quot;Rozworscy&quot; Firma Handlowo-Usługowa #         rozworski@wp.pl     #602 460 400
R.P.R. Rozworowscy ##602 460 400
R-Product Sp. z o.o. ##(94) 355 61 66
Rzemiosło Fa-Bud Jacek Gajewski ##783 772 856
Seven Project Dariusz Kundzicz ##(91) 487 67 54
Sg - Bud Stanisław Gralikowski #         jolantacelka@wp.pl     #516 344 422
SG Investment Sebastian Golisz #         sebastiangolisz@interia.pl     #Oceń firmę i napisz o niej opinię:
Silikaty Barlinek #         biuro@silikatybarlinek.pl     #(95) 746 22 60
Skalart PHU Robert Twaróg #         oknaskalart@wp.pl     #(91) 382 17 56
Smykens Patryk Majewski #         majewsqi@gmail.com     #Oceń firmę i napisz o niej opinię:
Sprzedaż i montaż Drzwi, Okien, Rolet i Bram ZBIGNIEW BIEGAŃSKI #         biuro@bieganski.szczecin.pl     #884 660 614
Stare Cegły Adrian Buzała #         adrianbuzala1@gmail.com     #Oceń firmę i napisz o niej opinię:
&quot;Starpod&quot; Kazimierz Ciołek ##603 223 769
Sylwex System Przedsiębiorstwo Remontowo-Budowlane Sylwester Hołowczak ##692 552 004
&quot;Szaf - Mar&quot; PUH Dagmara Hemperek #         gagfalka@wp.pl     #606 823 504
Szczecińskie Kopalnie Surowców Mineralnych S.A. ##(91) 462 16 58
Szewcu 100larz Adam Szewczyk ##(91) 402 49 35
&quot;Świat Wnętrz&quot; Salon Drzwi i Podłóg Porta #         biuro@swiatwnetrz.com.pl     #533 808 910
Tomasz Klamborowski #         tklamborowski@gmail.com     #Oceń firmę i napisz o niej opinię:
Tomasz Korneliusz Cysewski &quot;Szop&quot; ##601 783 001
Tomasz Olędrowicz Swedhouse #         holender7@wp.pl     #Oceń firmę i napisz o niej opinię:
Tomasz Pokorzyński New Home #         tomasz.pokorzynski@gmail.com     #Oceń firmę i napisz o niej opinię:
Tomasz Urbanowicz #         tomek.urbanowicz@wp.pl     #Oceń firmę i napisz o niej opinię:
Tomasz Wilanowski #         wilanowskit@op.pl     #Oceń firmę i napisz o niej opinię:
&quot;Tompol&quot; Przedsiębiorstwo Transportowo-Handlowe S.C. Zamiara #         tompol_zwirownia@poczta.fm     #602 523 048
&quot;Trans-Mark&quot; Firma Transportowo-Handlowa Marek Mielniczek ##(91) 418 15 63
&quot;Trans-Mark&quot; Firma Transportowo-Handlowa Marek Mielniczek #         trans-mark1840@wp.pl     #(91) 418 15 63
Usługi Budowlane Grzegorz Walczak #         stavii@wp.pl     #Oceń firmę i napisz o niej opinię:
&quot;Usługi Budowlane&quot; Jarosław Grabowski #         jarek220285@wp.pl     #Oceń firmę i napisz o niej opinię:
Usługi Budowlane Stanisław Wyrębski ##669 085 257
Usługi Geologiczno - Górnicze Dominik Wolski #         biuro@geodrilling.pl     #Oceń firmę i napisz o niej opinię:
&quot;Usługi Ogólnobudowlane&quot; - Jarosław Adamczyk ##502 257 232
Usługi Ogólnobudowlane - Robert Tocicki ##504 324 738
Usługi Ogólnobudowlane Grzegorz Grabowski #         dfagdfg@dfdf.pl     #603 909 623
Usługi Ogólnobudowlane Marcin Szczesiak #         kazik@wp.pl     #Oceń firmę i napisz o niej opinię:
Usługi Ogólnobudowlane Paweł Miłosz ##697 728 261
Usługi Ogólnobudowlane Piotr Surawski ##505 180 559
Usługi Remontowo - Budowlane Andrzej Potyralski #         potyralski84@wp.pl     #Oceń firmę i napisz o niej opinię:
Usługi Remontowo - Budowlane Piotr Sander #         piotrek-sander@wp.pl     #516 276 976
Usługi Remontowo-Budowlane Piotr Kmiecik ##661 015 852
Usługi Stolarskie Andrzej Kluska ##500 158 978
Usługi Transportowe Robert Pietruczuk #         kruszywa.gryfino@o2.pl     #502 509 466
Usługi-Handel-Transport Tomasz Łukasik ##504 088 141
Usługowy Zakład Parkieciarski Byszkiewicz Karol ##601 702 294
Ventana Stolarka Budowlana Krzysztof Płuciennik ##501 443 636
&quot;Verti&quot; FHU Piotr Zając ##(91) 327 11 22
Viz-Usługi Zbigniew Lenio #         viz.meble@wp.pl     #Oceń firmę i napisz o niej opinię:
Waldemar Antczak Doradztwo Techniczne w Budownictwie #         waldemar.tomasz.antczak@gmail.com     #794 943 530
&quot;Wenom&quot; Firma Handlowo-Usługowa Robert Niedroszlański #         fhu.wenom@gmail.com     #503 073 093
Werner&amp;Werner Wojciech Werner ##(94) 374 12 28
&quot;Windkon&quot; Konrad Stachacz #         windkon@wp.pl     #790 452 449
Windlux Pavel Yakusik #         mr.yakusik0001@gmail.com     #Oceń firmę i napisz o niej opinię:
Win-Tech PHU Grzegorz Karabela #         gkarabela@wp.pl     #693 022 985
Wk. Druplast 85 System Krzysztof Klimek #         wk.druplast85@wp.pl     #Oceń firmę i napisz o niej opinię:
Wmeble Waldemar Misiak #         koszalin@wmeble.net     #668 135 906
WOJ - Tech Wojciech Wojciechowski Usługi Ogólnobudowlane #         wojciech3407@o2.pl     #501 700 691
Wojciech Kliński ##791 927 409
Zabudowy Wnętrz Ryszard Bednarczyk #         ryszardbednarczyk@o2.pl     #604 101 629
Zakład Ogólnobudowlany Przemysław Bełej #         przemek.belej@onet.pl     #Oceń firmę i napisz o niej opinię:
Zakład Przerobu Surowców Mineralnych &quot;Minerał&quot; Sp. z o.o. ##(67) 216 02 91
Zakład Usługowy Adwit Adrian Witczak ##(91) 421 40 42
&quot;Zakłady Instalacji Budownictwa&quot; S.C. #         zakladyzib@gmail.com     #(94) 346 22 67
Zbych-Bud Janusz Pełszyk #         zbych.bud@vp.pl     #(91) 485 12 39
&quot;Zen-on&quot; Sp. z o.o. #         szczecin@zen-on.pl     #601 242 322
Ziaja Maciej ##721 473 361
ZPHU &#039;Stolmar&#039; Janusz Utkowski ##509 587 685
&quot;Żakard&quot; FPH Edyta Strzechmińska #         strzechminska@wp.pl     #(94) 352 22 14
