Iwan Spółka Cywilna Materiały Budowlane Marcin Dudek, Wiktor Szmid #         iwan@iwan.com.pl     #(15) 845 07 08
Skład Kruszyw i Materiałów Budowlanych Robert Skrzypek #         robert.skrzypek@onet.eu     #505 567 999
Centrum Materiałów Budowlanych Mach #         firmamach@wp.pl     #(16) 624 11 83
Falkon International sp. z o.o.Wynajem paneli i płyt drogowych #         info@falkoninternational.pl     #727 412 777
Kris Damian Czarnik #         mariola192@poczta.onet.pl     #793 300 307
Krintex #         krintex@interia.pl     #(13) 493 49 50
Firma Handlowo Usługowa Bis Grzegorz Kot #         bis184@poczta.fm     #(17) 225 32 21
Lara Skład Instalacyjny Karol Hubert Rury Pcv, Żeliwo Drogowe, Studnie Kanalizacyjne, Odwodnienia Liniowe #         karolman@poczta.onet.pl     #509 985 511
Ryb-Bud Janusz Rybski #         brak     #665 187 666
F.U.H. Józef Lis #         jozef_lis00@interia.pl     #603 205 659
1 &quot;Budmar&quot; 2 Usługi Ogólnobudowlane Gawor Dorota ##507 144 330
1 FUH &quot;Mag-Bud&quot; Magierowski Krzysztof2 &quot;Eko-Drew&quot; S.C. Przedsiębiorstwo-Produkcyjno- Usługowo-Handlowe Krzysztof Magierowski Tomasz Kuśnierz ##(13) 431 04 65
4 KĄTY Irena Cyzio ##607 945 955
4 Kąty Irena Cyzio #         anerj@interia.pl     #607 945 955
AB Bechcicki #         rzeszow@bechcicki.pl     #(17) 864 08 00
&quot;Abak&quot; Firma Produkcyjno-Usługowo-Handlowa ##(15) 833 21 58
Abwerg Sp. z o.o. ##788 069 007
ACA Andrzej Cyran ##668 466 249
Adam Białogłowski #         bialoglowskiadam@gmail.com     #Oceń firmę i napisz o niej opinię:
Adam Galej Zakład Transportowo-Handlowy ##606 960 865
ADF Dachy #         adfzbyszek@interia.pl     #606 242 792
Admex Andrzej Pasterczyk #         sklep@admex.pl     #786 050 111
&quot;Aga&quot; Firma Handlowo-Usługowa Agnieszka Krzyśków #         handelaga@op.pl     #(16) 642 30 06
&quot;Agart&quot; S.C. Przedsiębiorstwo Produkcyjno-Usługowo-Handlowe Włodyka Agnieszka Banaś Artur ##(17) 277 55 21
Agart Sp. z o.o. #         t.boczar@wp.pl     #606 789 136
&quot;Agmar&quot; ZUH Kata Mariusz #         agakata@wp.pl     #(17) 851 66 08
Agnieszka Dziadowiec Panelexpert ##786 171 752
Agrobbud Robert Świder ##(17) 871 60 77
Agrol-Bud Tęczar ##(17) 276 50 41
&quot;Agromax&quot; FHU Michał Sieńkowski #         mega11111@wp.pl     #Oceń firmę i napisz o niej opinię:
Agro-Mix S.C. ##(17) 226 58 17
Aidico Piotr Pańczyk #         franz.f@vp.pl     #605 120 106
&quot;Akcent&quot; FH Baran Bożena ##(17) 851 62 15
Akneo Krzysztof Piekarski #         biuro@akneo.pl     #535 554 452
A&amp;L Quartz Artur Pelc Łukasz Jeż S.C. ##501 141 378
Aleksandra Kordjak Aik Kordjak ##(16) 624 25 40
Alfa-Kor Grzegorz Budziak ##(17) 277 48 04
&quot;All - Colors&quot; Mieszalnia Farb i Lakierów Samochodowych i Przemysłowych Alina Kurzawa #         allcolors@interia.pl     #530 862 359
Alla Smoleń #         azizam.alla@gmail.com     #Oceń firmę i napisz o niej opinię:
Allbud Przemysław Pietrkiewicz Sp.j. #         allbud.lezajsk@gmail.com     #606 632 494
Allmat Leżajsk Witold Sadlej #         allmat.biuro@gmail.com     #(17) 242 84 43
Allmat Skład Budowlany M. Stępnik #         allmat.biuro@gmail.com     #(17) 242 84 43
&quot;Alutech&quot; PUH Krzysztof Łazarz ##506 860 561
Amc Dom Anna Czyżewska #         amcdom@outlook.com     #Oceń firmę i napisz o niej opinię:
Amgis Dariusz Gnida Waldemar Rettinger Sp.j. ##(13) 424 11 40
&quot;Andoor&quot; Sp. z o.o. ##602 617 355
Andrzej Bal - Balbud Materiały Budowlane Bal Andrzej i Ewa S.C. #         fhu.balbud@onet.pl     #Oceń firmę i napisz o niej opinię:
Andrzej Leszczyński ZPHU Drew-Bud #         drew_bud@wp.pl     #(13) 464 51 35
ANDRZEJ SZYLAR S.C. KOSTECH #         kostech.przemysl@o2.pl     #534 882 151
Anes Aneta Sudoł ##(17) 225 47 81
&quot;Anka&quot; FHU Anna Ulicka-Zioła #         blachy_rymanow@op.pl     #604 545 283
Anna Chrzan Firma Handlowa &quot;An-Stal&quot; #         cyfera@poczta.onet.pl     #(16) 675 13 84
Antoni Osiewicz Firma AS-POL #         as-pol1@wp.pl     #(16) 632 39 93
Apm Instal Agnieszka Kurek #         apminstal.sklep@gmail.com     #Oceń firmę i napisz o niej opinię:
&quot;Aquapipe&quot; Sp.j. Kwilosz Fus #         aquapipe@wp.pl     #(15) 844 50 22
Arko S.C. Anna Czajkowska #         biuro@arkodachy.pl     #570 537 147
&quot;Armet&quot; Sp. z o.o. ##(17) 227 08 82
&quot;Art-Bud&quot; Andrzej Wszołek Antoni Kamiński #         artbud2@vp.pl     #Oceń firmę i napisz o niej opinię:
&quot;Art-Bud&quot; Firma Handlowa Artur Obłój ##602 453 061
&quot;Art-Budrol&quot; Firma Produkcyjno-Usługowo-Handlowa Bogdan Głowiński ##508 202 798
&quot;Artmet&quot; PHU Ryszard Dąbal Plus #         sklep@artmetplus.pl     #(15) 844 56 63
Artur Stelmach Wood Center #         info@all-inwood.co.uk     #Oceń firmę i napisz o niej opinię:
Arual Okna i Drzwi #         biuro@arual.pl     #511 062 157
&quot;A.S. Bruk&quot; Firma Handlowo-Usługowa Andrzej Słomiany #         brukas@o2.pl     #(17) 243 28 86
&quot;As&quot; Firma Handlowo-Usługowa Artur Sasak ##(13) 449 31 40
Astarta-Bud Sp. z o.o. ##533 694 618
&quot;Ato&quot; Firma Handlowo-Usługowa Tomasz Orlef #         torlef.firma@op.pl     #Oceń firmę i napisz o niej opinię:
&quot;Atp Invest&quot; S.C. ##(17) 852 88 87
&quot;Atut&quot; Sp.j. Firma Handlowo-Usługowa ##(17) 856 03 68
Avis S.C. Paweł Zięba Władysław Wróbel; Avis Władysław Wróbel ##509 514 490
&quot;A-Z&quot; Edward Kozioł #         hurtdetalaz@op.pl     #(17) 855 61 08
&quot;B. J. S.&quot; Sp.j. Przedsiębiorstwo Produkcyjno-Usługowe ##(13) 434 13 62
&quot;Bakpol&quot; P.P.H.U. Stanisław Bąk #         bakpol@go3.pl     #(15) 841 01 33
Balbud #         fhu.balbud@onet.pl     #514 403 913
&quot;Balex Metal&quot; Sp. z o.o. Oddział RZESZÓW ##(17) 851 60 17
Barbara Orlof Handel Drewnem ##(13) 433 12 22
&quot;Barko&quot; Przedsiębiorstwo Wielobranżowe Piotr Kopeć #         piotrkopec1@op.pl     #512 506 963
&quot;Bart-Dom&quot; Sprzedaż Materiałów Budowlanych ##(17) 854 73 89
&quot;Bartoszek&quot; S.J. Firma Handlowa Wiesław Krzysztof Andrzej Bartoszek #         krzysztofbartoszek@adres.pl     #(16) 622 13 82
&quot;Bartoszek&quot; S.J. Firma Handlowa Wiesław Krzysztof Andrzej Bartoszek ##(16) 623 02 15
&quot;Bartoszek&quot; S.J. Firma Handlowa Wiesław Krzysztof Andrzej Bartoszek ##(16) 628 80 80
Barycza Stanisław Materiały Budowlane #         barycza@onet.pl     #(14) 672 17 29
Bazalux Sp. z o.o. #         sklep@bazalux.pl     #Oceń firmę i napisz o niej opinię:
Beata Skiba „ FHU Greend” #         greend@op.pl     #604 120 093
Bechta Stanisław Firma Transportowa #         s.bechta@onet.pl     #(17) 243 65 05
Besoma Monika Zajas #         m.besoma@wp.pl     #665 619 366
Betler Sp. z o.o. #         oferty@betler.eu     #(17) 851 74 07
&quot;Betonstal Bis&quot; S.C. Arkadiusz Susik Mariola Ogrodzka ##(13) 461 14 55
Bet-Tom Ilona Balowska #         ilbalowska@agentpzu.pl     #Oceń firmę i napisz o niej opinię:
BGO Trade Wood Sp. z o.o. #         lubomir-oligradski@wp.pl     #Oceń firmę i napisz o niej opinię:
Bielun Michał Bielak ##(17) 772 98 08
&quot;Bikom&quot; Firma Handlowa Beata Mierzwa ##664 725 101
&quot;Bikz&quot; Przedsiębiorstwo Produkcyjno-Handlowo-Usługowe ##(17) 850 44 00
Bimat Sp. z o.o. #         biuro@bimat.pl     #Oceń firmę i napisz o niej opinię:
&quot;Bimat&quot; Sp.j. ##(17) 863 63 86
Bisbud Sp. z o.o. ##(17) 852 79 07
B&amp;K-BUD S.C. ŁUKASZ KOZIOŁ, JOANNA PUSTELAK #         materialynadom@gmail.com     #Oceń firmę i napisz o niej opinię:
&quot;Blachbud-Ec&quot; Firma Handlowo-Produkcyjno-Usługowa Czuchra Ewa ##(14) 681 91 73
Black Storm Sp. z o.o. #         black.storm.polska@gmail.com     #Oceń firmę i napisz o niej opinię:
Bochenek Mariusz - FH D.M.B. #         mariuszbochenek@o2.pl     #(16) 621 85 14
Bogdan Bocek ##515 062 919
Bogdan Morski Firma Hromatex Bogdan Morski &quot;Hromatex S.C.&quot; #         hromatex@wp.pl     #(15) 642 70 30
&quot;Bognar&quot; Przedsiębiorstwo Produkcyjno-Handlowo-Usługowe Bogdan Wojdan #         bognar1@op.pl     #(17) 745 53 68
&quot;Bomar&quot; FHU Mariusz Tetlak #         bomarkolbuszowa@op.pl     #(17) 744 45 79
Bossco #         p.klusek5@gmail.com     #794 522 833
Botar I Sp. z o.o. ##(17) 581 31 85
&quot;Botar&quot; S.C. Przedsiębiorstwo Produkcyjno-Usługowo-Handlowe ##(17) 584 14 93
&quot;Boxer&quot; Firma Handlowo-Usługowa Zwiercan Mariusz #         boxer56@o2.pl     #(17) 225 44 88
&quot;Boz 3&quot; Sp. z o.o. Centrum Budowlane ##(16) 678 50 88
&quot;Bpd&quot; Andrzej Stankiewicz #         ja.stankiewicz@onet.eu     #Oceń firmę i napisz o niej opinię:
Br Transport Elżbieta Brzyska ##786 896 421
Brat - Pol&quot; S.C. J&amp;R&amp;K Kulka Krzysztof Kulka #         brat.pol@wp.pl     #Oceń firmę i napisz o niej opinię:
&quot;Bratek&quot; S.C. Mirosław Kusek i Robert Kusek #         sc.bratek@vp.pl     #604 273 906
Bratex Dachy Sp. z o.o. Sp.k. ##(14) 682 28 22
&quot;Brat-Pol&quot; S.C. J.&amp; R.&amp; K. Kulka Jerzy Kulka #         brat.pol@wp.pl     #Oceń firmę i napisz o niej opinię:
&quot;Brat-Pol&quot; S.C. J.R.K.Kulka ##(16) 622 72 00
&quot;Bratpol&quot; S.C. Przedsiębiorstwo Handlowo-Usługowe ##(16) 632 29 57
&quot;Brimat&quot; Sp. z o.o. Przedsiębiorstwo Budowlane Zakład Produkcyjny #         brimat@intertele.pl     #Oceń firmę i napisz o niej opinię:
Bruk-Bet #         biuro@bruk-bet.pl     #(17) 858 11 99
&quot;Brux&quot; Usługi Brukarskie Wojciech Czenczek Aleksander Kucło ##(17) 242 15 63
Bryś Jan Firma Usługowo-Handlowa #         jan.brys@op.pl     #(17) 229 15 62
BT Grzegorz Partyka #         g.partyka@blachotrapez.com.pl     #797 004 058
&quot;Bud Rol&quot; S.C. Firma Handlowo-Usługowa #         sklep@budrol-lubenia.pl     #(17) 871 00 17
&quot;BUDMAR&quot; s.c. Sabina Pelczar, Leszek Pelczar ##509 947 823
&quot;Budmar&quot; Sp. z o.o. ##(17) 225 28 25
Budmat S.C. Damian Wiącek Piotr Dziadura ##(15) 876 13 99
&quot;Budmatex&quot; Sp.j. ##(13) 434 03 49
Budmax Sp. z o.o. #         biuro@budmax-lancut.pl     #(17) 225 14 24
&quot;Budmet&quot; S.C. A. Uryć A Siekaniec ##(16) 652 11 35
&quot;Budohurt&quot; S.C. Firma Handlowo-Usługowa #         biuro@budohurt.com.pl     #(13) 494 02 41
Budo-Instal - Sprzedaż i Usługi Wiesław Filipek #         budo_instal@interia.pl     #(15) 845 05 14
&quot;Budoland 1&quot; Firma Handlowo-Usługowa Stanisław Motyka Grażyna Drozd ##(17) 222 88 52
&quot;Budomet&quot; Firma Handlowo-Usługowa Marek Czarnawski #         budomet2@o2.pl     #(14) 672 66 19
&quot;Budomex&quot; S.C. Przedsiębiorstwo Produkcyjno-Handlowo-Usługowe #         budomex5@wp.pl     #600 950 785
&quot;Budoterm&quot; Sp.j. T. M. Turkot ##(17) 583 25 24
&quot;Budowlaniec&quot; Firma Remontowo - Budowlana Jerzy Lechowski #         jerzy@budowlaniec24.pl     #668 185 032
Budownictwo Sprzedaż Detaliczna Mariusz Żurek ##(17) 229 52 87
&quot;Bud-Perfekt&quot; FHU - Czapka Dorota ##(15) 847 12 59
&quot;Budrol&quot; Sp.j. Przedsiębiorstwo Handlowo-Usługowe ##607 333 471
&quot;Budrol&quot; Sp.j. Przedsiębiorstwo Handlowo-Usługowe Magazyn ##(17) 229 58 35
Budster Jerzy Sterkowicz #         jerzysterkowicz@wp.pl     #510 219 441
Bursztyn Skład Makarowski Sp. K.A. #         biuro@bursztynsklad.pl     #Oceń firmę i napisz o niej opinię:
Buytrade Sp. z o.o. #         biuro@taxrzeszow.pl     #784 643 428
&quot;Carsystem-Wschód&quot; S.C. Agnieszka Pikuła-Serafin Monika Pikuła-Rokoszyńska Krystyna Pikuła ##(15) 841 29 43
Castorama Polska Sp. z o.o. #         obsluga.klienta.rzeszo@castorama.pl     #(17) 861 31 00
Castorama Polska Sp. z o.o. #         obsluga.klienta.przemysl@castorama.pl     #(16) 679 41 00
CBR Group Sp. z o.o. ##796 733 658
CDM Arkadiusz Kapinos #         arek@kapinos.pl     #506 759 885
&quot;CDR&quot; S.C. Firma Handlowo-Usługowa #         stachucdr24@wp.pl     #(13) 435 38 24
Cegielnia Polowa Marek Kozyra #         cegielniahucisko@wp.pl     #(17) 243 27 71
&quot;Cemblok&quot; Przedsiębiorstwo Wielobranżowe Stanisław Bielenda #         biuro@cemblok.pl     #602 392 287
Centrum Budowlane CBSW #         reswil@op.pl     #Oceń firmę i napisz o niej opinię:
Centrum Budowlano-Ogrodnicze Płotex Joanna Płocica ##(16) 677 46 46
Centrum Dociepleń Greinplast S.C. ##508 202 970
Centrum Kostki Brukowej Iwona Nowak Paweł Szwagiel #         pawelszwagiel@interia.pl     #(17) 772 28 88
&quot;Centrum Kostki Brukowej&quot; Renata Buczyńska #         ckb@onet.pl     #728 551 622
Centrum Lakiernicze Maciej Wuj ##570 755 197
Centrum Materiałów Budowlanych &quot;Mach&quot; Marian Mach #         firmamach@wp.pl     #(16) 624 11 83
Chanaka Tadeusz Chanaka Chumney Solutions &amp; Logistics ##607 120 558
&quot;Chemiks&quot; S.C. Hurtownia Farb i Lakierów R.Mikrut K.Nędza ##(14) 682 10 06
Ciepłotex - Opały Dariusz Kuchar ##(16) 621 79 80
Classic Parkiet Maciej Kurylak Radosław Skubisz S.C. ##881 221 400
&quot;Com-Bud&quot; Władysław Gadomski #         gadomski.conrad@gmail.com     #(13) 467 53 99
Corbud Grzegorz Selwa ##(17) 851 02 67
&quot;CSI&quot; Agencja Handlowa #         csi@pro.onet.pl     #(13) 464 81 33
Czb Sp. z o.o. ##500 191 633
Dach-Max Jerzy Pociask #         juri70@op.pl     #Oceń firmę i napisz o niej opinię:
&quot;Dachmix&quot; Sp.j. Robert i Agnieszka Dolanowscy #         robert.dachmix@wp.pl     #(16) 632 00 76
Dachy Dukla M.Szczurek M.Szyszlak S.C. #         dachy.dukla@onet.pl     #504 740 621
Dako S.C. Jemioło Krystian, Jemioło Łucja #         dako.sc@wp.pl     #Oceń firmę i napisz o niej opinię:
&quot;Dam-Drew&quot; Damian Blat Handel Drewnem ##726 554 149
Damgreen Damian Ożóg #         biurodamgreen@gmail.com     #Oceń firmę i napisz o niej opinię:
&quot;Damont&quot; Daniel Olech Damian Kamiński S.C. #         biuro@damont.pl     #(15) 845 34 23
Dantex S.C. Firma Handlowo-Usługowa A.Krzyżak Z.Gaweł ##605 843 694
&quot;Daszek&quot; S.C. FHU Grzegorz Trybuch Paweł Szegda ##(15) 642 52 72
&quot;Daszek&quot; S.C. Firma Handlowo-Usługowa Grzegorz Trybuch Paweł Szegda ##(15) 644 61 71
Dawid Gwazdacz Trading #         dawid.gwazdacz91@gmail.com     #726 577 931
Dawmar Wood Dawid Bednarz #         dawmarwood@interia.pl     #Oceń firmę i napisz o niej opinię:
Db System Sp. z o.o. ##(17) 853 35 71
Dekmet Łukasz Pasek #         biuro@dekmet.pl     #Oceń firmę i napisz o niej opinię:
&quot;Dekostyl&quot; Katarzyna Jaworska-Stadnik #         sklep@dekostyl.com.pl     #505 508 347
&quot;Dezako&quot; Sp. z o.o. Dębickie Zakłady Komunalne Skład Budowlany ##(17) 717 52 22
&quot;Dispol&quot; Przedsiębiorstwo Handlowo-Usługowo-Transportowe Eksport-Import #         michaldd10@gmail.com     #784 880 273
&quot;Dispol&quot; Przedsiębiorstwo Handlowo-Usługowo-Transportowe Eksport-Import Oddział #         dispol@dispol.com.pl     #(16) 623 19 89
&quot;Dispol&quot; Przedsiębiorstwo Handlowo-Usługowo-Transportowe Eksport-Import Oddział #         przeworsk@dispol.com.pl     #(16) 649 98 90
&quot;Dispol&quot; Przedsiębiorstwo Handlowo-Usługowo-Transportowe Eksport-Import Oddział #         przemysl@dispol.com.pl     #(16) 675 04 40
&quot;Dispol&quot; Przedsiębiorstwo Handlowo-Usługowo-Transportowe Eksport-Import Oddział #         rzeszow@dispol.com.pl     #Oceń firmę i napisz o niej opinię:
&quot;Dispol&quot; Przedsiębiorstwo Handlowo-Usługowo-Transportowe Eksport-Import Oddział #         jaslo@dispol.com.pl     #(13) 446 87 22
&quot;Dispol&quot; Przedsiębiorstwo Handlowo-Usługowo-Transportowe Eksport-Import Oddział #         lubaczow@dispol.com.pl     #(16) 632 23 50
DK Service Sp. z o.o. #         beata.decoverni@vp.pl     #(16) 621 80 14
Dom Bogusław Pleban #         boguslaw.pleban@op.pl     #Oceń firmę i napisz o niej opinię:
&quot;Dom Gaz&quot; Sp.j. Hurtownia nr 1 #         domgaz@onet.pl     #(15) 841 66 72
&quot;Domaflo&quot; Firma Handlowo-Produkcyjno-Usługowa Florian Krzyśko Adam Woźny ##(17) 863 19 56
&quot;Domat&quot; Firma Handlowo-Produkcyjno-Usługowa Janusz Drzał ##(17) 772 32 25
&quot;Dom-Bud&quot; Sp.j. Przedsiębiorstwo Handlowo-Usługowe Bolesław Tołpa Barbara Tołpa ##(17) 224 30 13
Domex Materiały Budowlane Jacek Kozak #         domex-kanczuga@wp.pl     #721 602 400
&quot;Domex&quot; Przedsiębiorstwo Handlowe Władysław Czachor #         phudomex@poczta.onet.pl     #(15) 846 41 85
&quot;Domex&quot; S.C. FHU a.S Kłak&amp;Białogłowski #         bialoglowskiadam@gmail.com     #Oceń firmę i napisz o niej opinię:
&quot;Dominex&quot; Przedsiębiorstwo Handlowo-Usługowe Jan Domino #         dominexJan@op.pl     #(17) 857 66 25
&quot;Domino&quot; S.C. ##(16) 623 40 27
&quot;Domitech &quot; Firma Budowlana Krzysztof Wróblewski ##604 475 717
&quot;Dom-Max&quot; Sp. z o.o. Przedsiębiorstwo Handlowo-Produkcyjno-Usługowe Oddział ##(14) 682 70 66
&quot;Domo-Bud&quot; Sp.j. Przedsiębiorstwo Handlowo-Usługowe Roman Czachor #         romanczach@o2.pl     #(17) 227 27 72
Domy Pasywne As Sp. z o.o. Sp.k. ##600 421 085
D.P. Dom S.C. ##502 614 829
Drewbud Mirosław Cieśla ##(14) 676 12 72
&quot;Drewno&quot; Artykuły Przemysłowe Ewa Czechowicz-Kurczyk #         alice1122@wp.pl     #Oceń firmę i napisz o niej opinię:
Drewno Kominkowe i Opałowe Maciej Dul #         maciejdul@op.pl     #669 313 203
&quot;Drewpal&quot; Marcin Pankowski #         marcin071992@interia.pl     #728 362 622
Drewpol Bosek Jacek #         jacekbosek@o2.pl     #(17) 864 02 50
&quot;Drew-Pol&quot; FH J˘Zefa Tącza ##608 596 793
Dro-Drew Sp. z o.o. #         drodrew@wp.pl     #Oceń firmę i napisz o niej opinię:
DS Systemdaniel Soja ##(17) 867 41 41
&quot;Duopol&quot; S.C. Wojciech Tarczoń Krystek Tarczoń ##(14) 694 07 52
&quot;Dwernik&quot; Janusz Byra #         byrka@op.pl     #Oceń firmę i napisz o niej opinię:
Eco-Dach Sp. z o.o. #         biuro@eco-dach.eu     #690 950 228
&quot;Edex&quot; Firma Usługowo-Handlowa Edward Szostek ##(17) 229 18 80
Eflooring Sp. z o.o. #         pawel@venidesign.pl     #Oceń firmę i napisz o niej opinię:
Ega Twierdza Piotr Kaczyński #         piotrek@ega.pl     #Oceń firmę i napisz o niej opinię:
&quot;Eko&quot; Hurtownia Materiałów Budowlanych #         eko.jarocin@gmail.com     #(13) 468 47 98
&quot;Eko Kłos&quot; Sp. z o.o. #         ekoklos@op.pl     #(14) 682 28 66
&quot;Eko-Bud&quot; FHU Andrzej Łętek #         eko.bud@interia.eu     #Oceń firmę i napisz o niej opinię:
&quot;Ekobud&quot; S.C. Stanisław i Marzanna Turkot Import-Export ##(17) 583 53 50
&quot;Eko-Dom&quot; S.C. Przedsiębiorstwo Wielobranżowe ##(17) 871 47 77
&quot;Ekogranit Polska&quot; Sp. z o.o. ##(15) 822 65 91
&quot;Ekomar&quot; Przedsiębiorstwo Wielobranżowe Marcin Osuch #         ekoklos@o2.pl     #Oceń firmę i napisz o niej opinię:
Eksplozja Kolorów Katarzyna Rączy #         kraczy@poczta.fm     #Oceń firmę i napisz o niej opinię:
&quot;Ela&quot; Sp. z o.o. Firma Handlowa Hurtownia Materiałów Budowlanych ##(13) 446 45 33
Eleo - Budmax Sp. z o.o. Sp.k. ##(13) 434 40 20
&quot;Elipsa&quot; Sp.j. Firma Handlowa W. Szoja M. Świeca #         firmaelipsa@interia.pl     #(15) 870 13 73
&quot;El-Partner&quot; Romańczyk Elżbieta ##534 858 092
&quot;Eltex T.R.&quot; Przedsiębiorstwo Usługowo-Produkcyjno-Handlowe Zakład Pracy Chronionej #         budowlanka@eltex.net.pl     #Oceń firmę i napisz o niej opinię:
Energostyl Grzegorz Królikowski #         krolikowskig@interia.pl     #602 702 856
Entros Sp. z o.o. #         biuro@entros.pl     #Oceń firmę i napisz o niej opinię:
Erbi Sp. z o.o. #         erbi.krasne@interia.pl     #(17) 855 59 10
Erbi Sp. z o.o. Sp.k. ##(17) 855 59 10
&quot;Erem&quot; PSB Mrówka #         info@erem.pl     #(16) 678 60 02
&quot;Esterbud&quot; S.C. Firma Budowlana S.Potomski K.Potomski ##607 654 181
&quot;Euro Dom&quot; Andrzej Korzec ##(13) 433 52 71
Eurobud Bis PW Janusz Ulrych #         eurobud@ks.onet.pl     #663 906 402
&quot;Euro-Dom II&quot; FHU Bogdan Korzec ##605 984 836
Eurodom Krzysztof Szostak ##(14) 658 69 13
&quot;Euro-Metal&quot; S.C. Przedsiębiorstwo Wielkobranżowe Hurt-Detal-Import-Eksport ##(15) 822 45 91
Ewmar Ewa Wróbel #         ewawrobel34@wp.pl     #603 589 559
F P H U Vomax Wojciech Guzik #         vomax@onet.eu     #600 834 099
FABRYKA WNĘTRZ ##601 446 264
Facebruk Ewelina Kurek #         biuro@facebruk.pl     #733 616 615
&quot;Fachman&quot; FHU Artur Kamiński ##602 442 371
Farb-Bud Tomasz Leja #         farbbudzolynia@gmail.com     #Oceń firmę i napisz o niej opinię:
&quot;Farm-Bud&quot; Przedsiębiorstwo Wielobranżowe Janusz Biesiadecki #         farmbud@lmr.pl     #(16) 628 49 70
&quot;FARMER&quot; Helena Łuczyk ##(16) 651 40 23
&quot;Faro&quot; Adam Olko #         faro@faro.adres.pl     #(17) 852 29 72
Fas Dom Anna Rząd #         annka0@vp.pl     #Oceń firmę i napisz o niej opinię:
&quot;Femar&quot; Centrum Handlowe Marek Fejdasz ##695 920 286
&quot;Feniks&quot; Sp. z o.o. ##512 030 480
&quot;Feramenta&quot; ZPUH Krzysztof Piela ##887 063 477
&quot;Ferzbud&quot; Firma Handlowa Mieczysław Ferenc #         firmaferzbud@wp.pl     #(14) 676 29 35
FH - Drajewicz Jerzy #         fhdraje@poczta.fm     #(17) 854 78 98
FH - Usługowa J.D.M Damian Lech ##512 482 997
FH Adamar&quot; Tadeusz Adamarek #         tadek7002@poczta.onet.pl     #607 556 400
FH Budowlana Bud-Max Szenborn Krzysztof ##(17) 779 63 75
FH Jan Wasylewicz ##(13) 438 48 08
FH Prohurt S.C. Łukasz Laskowski ##(17) 771 15 54
FHU - Zdeb Dariusz #         darek_zdeb@o2.pl     #(17) 772 88 84
FHU Adamex Magdalena Pyra #         magdalena.pyra1@wp.pl     #886 288 151
FHU Agnes Agnieszka Augustyn-Różyło ##886 644 994
FHU Aleksandra Wojnowska #         wojnowskaaleksandra7@gmail.com     #Oceń firmę i napisz o niej opinię:
FHU Art-MIX Artur Słonina #         skarbek451@wp.pl     #667 720 789
FHU Artur Rysz ##604 967 756
F.H.U. &quot;Bis&quot; Grzegorz Kot #         bis184@poczta.fm     #Oceń firmę i napisz o niej opinię:
F.H.U. &quot;Bud-Inst&quot;.S.Rzucidło ##509 780 115
F.H.U. &quot;Budmax&quot; S.C. Krystian Malec Ireneusz Kukulski ##(17) 227 19 91
F.H.U. &quot;Budmax&quot; S.C. Krystian Malec Ireneusz Kukulski #         budmaxkolbuszowa@gmail.com     #(17) 227 19 91
FHU Budowlana Ann-Bud Bernard Bazan #         b.bazan1981@wp.pl     #500 437 595
FHU Drew-Mar S.C. Marek Rojek Mariusz Krawczyk ##608 591 638
FHU Drew-Portal Sebastian Bober #         biuro@drewportal.pl     #Oceń firmę i napisz o niej opinię:
FHU Drew-Trans Wrona Jerzy ##509 442 670
FHU Evan Jacek Łapa ##777 899 906
FHU Ferzbud II Tomasz Ferenc ##(14) 683 17 91
FHU Integra Marzena Kanonik #         mkanonik@gmail.com     #Oceń firmę i napisz o niej opinię:
FHU Interbud Sławomir Kuryło ##534 135 555
Fhu Jac Jacek Nienajadło ##503 179 421
FHU Jakub Gotkowski #         jakubgotkowski@gmail.com     #Oceń firmę i napisz o niej opinię:
FHU Kameleon Kamila Krępulec #         kamila295@vp.pl     #Oceń firmę i napisz o niej opinię:
FHU Klimek Stanisław #         klimek1965@o2.pl     #(15) 845 33 96
F.H.U &quot;Kowalski&quot; - Janusz Kowalski ##606 894 816
FHU Met-Gol Małgorzata Wyszyńska #         wyszynska.mg@gmail.com     #Oceń firmę i napisz o niej opinię:
FHU Mito-Drew Bartłomiej Sitnik #         mitodrew@interia.pl     #608 656 254
F.H.U. Multikram Robert Romanko #         romankorobert@wp.pl     #(16) 631 01 22
Fhu Okno-Styl Damian Tadla #         okno-styl@o2.pl     #Oceń firmę i napisz o niej opinię:
F.H.U. Paw-Bud Paweł Bożek ##(15) 644 15 15
FHU Rurex 2 Sylwia Pęcak ##(13) 432 13 16
FHU Sg Hurt Grażyna Stadnik #         sghurt@interia.pl     #Oceń firmę i napisz o niej opinię:
FHU Tik S.C. ##721 701 400
FHU Trim-Bud Robert Palikij #         palikijr@vp.pl     #602 742 579
FHU Witold Cieślewicz ##600 561 609
FHU Witold Kraus ##(16) 621 86 66
FHUP &#039;Mik-Bud&#039; Sp. z o.o. #         biuro@mik-bud.com     #(15) 879 14 77
Filipe Aguiar Reis #         madeirasreis.geral@gmail.com     #Oceń firmę i napisz o niej opinię:
Firma Doradczo Usługowo Handlowa &quot;Obiekt&quot; Ryszard Karpiński #         r.karpinski@onet.pl     #(81) 746 55 24
Firma Handlowa &quot;Pirolex&quot; K.Szkutak R.Szkutak ##605 551 294
Firma Handlowo - Usługowa - Stanisław Łach ##661 270 811
Firma Handlowo-Budowlana &quot;Janik&quot; Sp. z o.o. #         janik@janik.pl     #(17) 241 11 90
Firma Handlowo-Produkcyjno-Usługowa &quot;Gowa&quot; Danuta i Stanisław Walat ##(17) 772 37 40
Firma Handlowo-Usługowa AGNES BUD - Agnieszka Rękas #         agniesia-rekas-1985-07-13@wp.pl     #782 095 425
Firma Handlowo-Usługowa &quot;Agra&quot; ##(17) 788 12 32
Firma Handlowo-Usługowa Atut Marek i Alicja Janeczek - Sp. J. ##(17) 583 31 24
Firma Handlowo-Usługowa Marbud Piotr Piątek #         fhu_marbud@o2.pl     #Oceń firmę i napisz o niej opinię:
Firma Handlowo-Usługowa &quot;Myszka&quot; Spółka Jawna Czesława Myszka Wiesław Myszka Małgorzata Paniec ##(15) 822 70 31
Firma Handlowo-Usługowa Perfekt Tomasz Markowski #         perfekt.przeworsk@interia.pl     #(16) 307 48 88
Firma Mach S.C. Renata Machała-Mach i Marian Mach ##(16) 627 11 88
Firma &quot;Mat- Bud&quot; Handel - Produkcja - Usługi Sieniawski Mirosław ##(15) 879 83 93
Firma &quot;Platan&quot; - Bogusław Dyjak #         bodic@wp.pl     #502 102 697
Firma &quot;Skatpol-Bud&quot; S.C. Łukasz Kuzak Robert Kuzak ##(13) 491 50 28
Firma Transportowo-Budowlana Delta Ciupa Bartłomiej #         baaartek111@wp.pl     #Oceń firmę i napisz o niej opinię:
Firma Usługowo-Handlowa Alfa Piotr Bienias ##510 535 453
Firma Usługowo-Handlowa Marbud Maria Kozak ##699 288 027
Firma Usługowo-Handlowo-Produkcyjna &quot;Pleksa&quot; Stanisław Para #         pleksa@onet.pl     #662 441 435
Forbet Marek Małecki #         forbet@forbet.pl     #(15) 823 45 57
&quot;Forest Bieszczady&quot; FHU Łuczyński Krzysztof ##663 990 536
FPHU Ceram-Bud Bis Daniel Zieliński #         ziolek20@o2.pl     #(13) 462 20 26
Fryzpol Furdyna Stanisław ##500 049 611
FUH Bud - Max Sp. z o.o. #         budmaxjaslo@op.pl     #(13) 445 85 87
FUH Krezus Bolesław Kozak #         krezus@k-t.com.pl     #(17) 745 45 22
F.U.H. Oszczędzaj 24 Piotr Chmaj ##793 020 052
F.U.H. Strefa Ciepła Renata Dzierżawska-Świder #         strefaciepla@wp.pl     #661 643 380
Full Control Building Company Sp. z o.o. ##601 257 225
&quot;Garden&quot; Sp. z o.o. ##(17) 226 76 13
&quot;Gasp UHFB&quot; Hurtownia Budowlana #         mihu33@wp.pl     #(17) 857 11 03
Gazdo-Inwest Sp. z o.o. ##731 750 001
Gc Projekt Sp. z o.o. ##(17) 230 20 23
Gerjo S.C. Blacharstwo Budowlane Grzegorz Ryszard i Józef Ślimak #         gerjo@wp.pl     #(17) 224 53 31
&quot;Germot&quot; S.C. Hurtownia ##(13) 446 28 18
Gonet Witold Agencja Handlowo-Usługowa #         witold.gonet@tlen.pl     #(13) 435 46 98
&quot;Gowa&quot; Firma Handlowo-Produkcyjno-Usługowa ##(17) 772 37 40
Górniak Renata Firma Handlowo-Usługowa ##(16) 628 10 82
&quot;Grab-Bet&quot; Zakład Betoniarski Marian Grab #         tony_1986@wp.pl     #(15) 879 81 71
Gradec Pol Sp. z o.o. ##(17) 283 82 01
Gradient Sp. z o.o. #         dfe.export@gmail.com     #Oceń firmę i napisz o niej opinię:
&quot;Greinplast Plus&quot; Sp. z o. o. Sp.k. #         greinplastlubaczow@greinplast.pl     #663 959 038
&quot;Greinplast Plus&quot; Sp. z o. o. Sp.k. ##(16) 676 00 52
&quot;Greinplast Plus&quot; Sp. z o. o. Sp.k. #         greinplastjaroslaw@greinplast.pl     #(16) 623 29 09
Greinplast Podkarpacie Sp. z o.o. ##(13) 432 75 75
Greinplast Prim Sp. z o.o. Sp.k. ##(17) 771 35 00
&quot;Greinplast Wschód&quot; Sp. z o.o. Sp.k. ##663 663 430
&quot;Gremur&quot; S.C. Przedsiębiorstwo Handlowo-Usługowe ##(17) 277 00 49
&quot;Gruncik&quot; FHU Tomasz Pęcak #         tomaszpecak0@gmail.com     #882 106 786
Grupa GE #         zet-bud2@wp.pl     #609 013 010
&quot;Grzegorz&quot; Firma Handlowo-Produkcyjna #         raczkagrzegorz@gmail.com     #(17) 277 32 01
GS &quot;Samopomoc Chłopska&quot; ##(13) 467 70 02
GS &quot;Samopomoc Chłopska&quot; ##(16) 621 28 81
GS &quot;Samopomoc Chłopska&quot; Magazyn Towarów Masowych #         gsjaroslaw@jaroslaw.pl     #Oceń firmę i napisz o niej opinię:
GS &quot;Samopomoc Chłopska&quot; Magazyn Towarów Masowych ##(17) 871 43 18
GS &quot;Samopomoc Chłopska&quot; Skład Materiałów Budowlanych ##(16) 621 49 74
GS &quot;Samopomoc Chłopska&quot; Skład Materiałów Budowlanych ##(13) 434 19 62
GS &quot;Samopomoc Chłopska&quot; Towary Masowe Magazyn nr 1 ##(16) 621 49 74
GS &quot;Samopomoc Chłopska&quot; Zarząd #         gs_frysztak@data.pl     #(17) 277 79 05
&quot;Gucio&quot; FHU Andrzej Łapiński ##737 419 440
&quot;Halicz&quot; Spółdzielnia Handlowo-Usługowa-Sklep budowlany &quot;Nr 33&quot; ##(13) 468 91 05
Handel Hurtowy i Detaliczny Sylwia Kułaga-Czarnecka #         sylwiaczernecka2@wp.pl     #504 358 476
Handel Obwoźny I Usługi Transportowe Bogdan Rojek #         brojek.materialybudowlane@gmail.com     #606 184 048
Handel Towarami Masowymi Mieczysław Zygmunt #         mieczyslawzygmunt@wp.pl     #(17) 242 98 78
Handlomix Rafał Sieńkowski #         rafalk-800@o2.pl     #785 395 932
Harmony International Sp. z o.o. ##606 322 323
H&amp;T Partner Andrzej Tylus #         tylus75@gmail.com     #Oceń firmę i napisz o niej opinię:
Hurtownia Artykułów Przemysłowych L. Powęska Spółka Jawna #         hurtownia1@poczta.onet.pl     #(15) 841 10 95
Hurtownia Materiałów Budowlanych Sp.j. Sklep ##(14) 670 87 65
Hydraulik S.C. ##504 228 808
&quot;Hydro-Bud&quot; Marcin Bodnar #         poczta.bodnar@gmail.com     #(16) 631 71 88
Hydromax Dachy Rafał Wałek i Grzegorz Rokosz Sp.j. ##535 552 295
Hydromont - Piotr Krawczyk #         hydromont90210@onet.pl     #606 323 140
Hydromonter Bis Monika Siwek, Alina Wróbel, Jan Szczepanik S.C. #         biuro@hydromonter.pl     #Oceń firmę i napisz o niej opinię:
Hydro-Ren Renata Pliszka ##692 548 898
Hygge Sławomir Watrak #         biuro.hygge@gmail.com     #Oceń firmę i napisz o niej opinię:
I. &quot;Argo&quot; Elżbieta Gilarska II. Firma &quot;Alicja&quot; Elżbieta Gilarska ##604 400 541
Instalex II #         poczta@instalex2.pl     #510 245 050
In-Teh Andrzej Melnyk ##(16) 670 51 68
Inter - Foam Poland Sp. z o.o. #         igorpoltrade@gmail.com     #664 612 443
Ital-Dekor Anna Czeszyk Kudlik #         anna.czeszyk.kudlik@gmail.com     #886 187 621
Ital-Dekor Kudlik - Kudlik Jan #         kudlik@op.pl     #Oceń firmę i napisz o niej opinię:
ITG D.Strzałka M.Strzałka S.C. #         mateusz.strzalka@gmail.com     #509 321 276
&quot;Itoito&quot; Produkty Ekskluzywne Agnieszka Rzewnis #         itoito@itoito.com     #663 430 093
Ivi Iwona Piotrowska #         ivi@interia.com     #Oceń firmę i napisz o niej opinię:
Iwan Sp. z o.o. #         iwan.klimkowka@gmail.com     #133 073 133
Iwan Sp. z.o.o Sp.k #         iwan.klimkowka@gmail.com     #(13) 307 31 33
&quot;Iwmar&quot; Iwona Jarecka #         biuro.iwmar@gmail.com     #Oceń firmę i napisz o niej opinię:
Jachym Andrzej Usługi Transportowe ##500 152 303
Jack Sp.j. Bizoń i Nycz ##(17) 224 26 32
&quot;Jamix&quot; Sp. z o.o. #         jamix@onet.pl     #(13) 446 85 52
Jar S.C. Zakład Produkcyjno-Handlowo-Usługowy Jan Synoś Ryszard Rząsa #         biuro@jar.itl.pl     #(17) 221 93 11
Jarex Jarosław Borsukiewicz #         jaro43@poczta.fm     #Oceń firmę i napisz o niej opinię:
Jarex Jarosław Chmura #         jarekchmura123@gmail.com     #Oceń firmę i napisz o niej opinię:
&quot;Jastrząb&quot; Skład Materiałów Budowlanych Marek Jastrząb #         mjastrza@wp.pl     #(13) 432 02 44
Józefa Pałys Hart-Met FHU ##(13) 464 46 07
&quot;Juna&quot; FHU Krzysztof Zajdel ##(13) 442 80 00
Junona Sp. z o.o. ##(71) 506 57 20
&quot;Kaba&quot; S.C. ##(17) 863 64 04
Kambit Urszula Karczyńska #         kambit.ustrzyki@gmail.com     #(13) 307 07 00
&quot;Kamelia&quot; Usługi Handel Tomasz Wielgosz #         matrix01@o2.pl     #(13) 461 19 55
Kamfarm Kamil Krzeszowski #         krzeszowskikamil4@gmail.com     #Oceń firmę i napisz o niej opinię:
Kamil Międlar Bezpieczne Budownictwo Sp. z o.o. ##888 088 125
Kamil Wójcik ##608 622 524
&quot;Kamix&quot; Hurtownia Nagrobków Piotr Maziarz ##507 933 148
&quot;Kan-Pol&quot; Przedsiębiorstwo Handlowo-Usługowe Punkt Sprzedaży Stanisław Kania ##(17) 242 06 67
&quot;Kan-Pol&quot; Przedsiębiorstwo Handlowo-Usługowe Stanisław Kania ##(17) 772 91 81
&quot;Karbo&quot; Sp.j. Przedsiębiorstwo Produkcyjno-Usługowo-Handlowe Z. Szklarz ##(17) 583 44 55
Kare Karol Kijanka #         renia2426@op.pl     #793 226 323
&quot;Kargol&quot; S.C. #         kargolsc@gmail.com     #(15) 879 31 15
&quot;Kargol&quot; S.C. FHU Bartłomiej Kargol ##(15) 879 14 75
&quot;Kargol&quot; S.C. FHU Maria Kargol ##(15) 879 14 75
&quot;Kaszycki&quot; S.C. Firma Handlowo-Transportowa Zygmunt i Grzegorz Kaszycki ##(16) 651 11 46
Kaz-Jan S.C. Kazimierz Demkowicz Jan Demkowicz ##607 617 928
&quot;Kleberg&quot; Renata Błaszczyk ##(13) 432 14 89
Kneller Artur &quot;Galakon&quot; Artur Kneller Nazwa Skrócona: &quot;Galakon&quot; ##(17) 853 20 81
&quot;Kobi&quot; Sp. j. K. Chrobak K. Kopacki B. Kopacki ##(16) 651 11 47
&quot;Kobi&quot; Sp. j. K. Chrobak K. Kopacki B. Kopacki #         kobi@kobi.rzeszow.pl     #(17) 864 22 15
Kociołek Zdzisław Zakład Produkcji Drzewnej ##(16) 631 11 62
Kolin-Styl Wolicki Krzysztof #         kolin.brzostek@gmail.com     #Oceń firmę i napisz o niej opinię:
Kołcz Aleksander Firma Handlowo-Transportowa ##(16) 671 26 43
Komerc Group Sp. z o.o. ##606 797 974
Konrad Kotowicz Skup-Sprzedaż Drewna Budowlanego &quot;Jan&quot; #         drewnojan@interia.pl     #795 701 469
Kopacz Paweł Nazwa Firmy Transko #         pawel-kopacz@wp.pl     #Oceń firmę i napisz o niej opinię:
&quot;Kora&quot; S.C. Przedsiębiorstwo Produkcyjno-Handlowo-Usługowe Z. Serwan R. Pulsakowski #         cbkora@interia.pl     #Oceń firmę i napisz o niej opinię:
&quot;Kornik&quot; FHU Tomaszek Wacław #         71kornik@gmail.com     #605 513 408
Kos Mariusz Ledsight S.C. Mariusz Kos Tomasz Bielatowicz #         kos.mariusz@gmail.com     #510 206 766
&quot;Kosta-Bis&quot; #         kosta.bis@op.pl     #(17) 226 23 33
&quot;Kostech&quot; S.C. Kostuś Andrzej Kostuś Wojciech #         akostek1@o2.pl     #507 180 060
Kowal Jan Materiały Budowlane ##(17) 229 88 32
Kozłowska Grażyna Firma Wielobranżowa ##(16) 631 32 39
Krępulec Ryszard Firma Handlowo-Usługowa ##(13) 467 31 38
Kris-Mat Sp. z o.o. #         krismat7@poczta.onet.pl     #Oceń firmę i napisz o niej opinię:
&quot;Krosglass&quot; S.A. #         krosglass@krosglass.com.pl     #(13) 432 85 03
&quot;Krusz-Bud&quot; Sp. z o.o. #         m.urbanskii@wp.pl     #(13) 430 30 47
&quot;Kruszgeo&quot; S.A. ##(15) 641 50 40
Kruszywa S.C. ##601 887 410
&quot;Kruszywo&quot; S.C. Sp.j. #         smereka@interia.pl     #607 895 365
Krzysztof Chmielowski Usługi Transportowe. ##608 502 407
&quot;KSM-System&quot; Sp. z o.o. #         ksm@ksm-system.pl     #(16) 632 42 16
Kuźniar Witold PHU B &amp; G Kuźniar Witold ##(13) 446 33 15
Kwiatkowska Małgorzata Przedsiębiorstwo Produkcyjno-Handlowo-Usługowe #         kwiatkowskaborowa@interia.pl     #(17) 581 52 91
&quot;Kz&quot; Firma Handlowo-Usługowa Zdzisław Kozioł ##(14) 672 50 11
&quot;Lara&quot; S.C. Hurtownia ##(17) 863 01 84
Las - Daro Dariusz Pierożek ##698 642 654
&quot;Las - Ogród&quot; FH - Usługowo Marzena Paluch ##506 039 266
&quot;Las-Bud&quot; Przedsiębiorstwo Produkcyjno-Handlowo-Usługowe ##(15) 836 13 03
Lasek Jan FH Las-Met Jan Lasek ##(17) 771 10 96
&quot;Lawel&quot; Przedsiębiorstwo Produkcyjno-Handlowo-Usługowe Anna Brzęk-Szela ##604 775 967
L.B. Drew II Tadeusz Sagan ##600 702 839
Lech Tomasz Firma Handlowo-Usługowa ##(14) 672 61 54
Leon-Bud Centrum Hurtowe Leszek Szlama ##728 883 744
Leroy Merlin #         krasne.sklep@leroymerlin.pl     #(17) 867 58 00
Leszek Midura &quot;Hurt-Detal&quot; #         miduraleszek@poczta.fm     #(14) 666 96 73
&quot;Lib-Bor&quot; Firma Handlowo-Usługowa Mariusz Borys ##(14) 682 28 02
&quot;Lidjola&quot; S.C. Przedsiębiorstwo Handlowo-Usługowe #         lidjola@op.pl     #(17) 774 33 46
Lorbud Józef Lorenowicz #         lorbud2@wp.pl     #(16) 623 20 72
&quot;Lotos Asfalt&quot; Sp. z o.o. Dział Dystrybucji ##(13) 446 65 44
&quot;Lustoń&quot; Zenon Lustyk ##602 528 611
Luxpol Okna Drzwi Podłogi #         luxpol_nisko@interia.pl     #695 443 100
Łukasz Tomkiewicz Sch-Kom #         schkomrzeszow@gmail.com     #690 480 834
Łukasz Żurawski ##508 202 970
Łuk-Bud Sp. z o.o. #         luk-bud.spzoo@wp.pl     #Oceń firmę i napisz o niej opinię:
Maat Budowlani Niemczak Sp. J. ##(17) 851 05 70
&quot;Mach&quot; Firma Handlowo-Usługowa Renata Machała-Mach #         renata.mach@wp.pl     #(16) 624 11 83
&quot;Mach&quot; Firma Handlowo-Usługowa Renata Machała-Mach ##(16) 621 07 53
Maciej Wzorek T.i.F. #         maciej@tifoam.com     #509 962 192
Madex Sp. z o.o. ##698 954 381
&quot;Maga-San&quot; Zakład Wielobranżowy Tadeusz Kiełbowicz #         biuro@magasan.pl     #(17) 240 17 11
Mag-Pol Sp. z o.o. ##692 574 856
Magstone Magdalena Kuprowska-Pietrucha ##796 797 394
&quot;Majster&quot; Firma Usługowo-Handlowa Krzysztof Bieńko ##(15) 879 83 10
Majster Rudnik ##507 145 449
&quot;Małys-Bud&quot; S.C. Materiały Budowlane Patrycja Małys Marcin Małys #         malysbud@interia.pl     #728 303 343
&quot;Marbet&quot; Przedsiębiorstwo Produkcyjno-Handlowo-Usługowe Maria Grzesiakowska ##(14) 683 09 00
&quot;Mar-Bud&quot; S.C. Hurtownia Materiałów Budowlanych #         martawojda@wp.pl     #Oceń firmę i napisz o niej opinię:
Marcin Brański Mat-Bud #         marcinbranski@op.pl     #667 444 581
Margańska Barbara PW #         parkiety.rzeszow@parkiety.rzeszow.pl     #(17) 864 21 97
&quot;Mariusz&quot; Skład Materiałów Budowlanych Mariusz Chorzępa ##(17) 771 31 30
Mariusz Wołowiec Przedsiębiorstwo Produkcyjno-Usługowo-Handlowe &quot;Trak-Star&quot; ##606 131 513
Mariusz Zajdel Okna Drzwi #         m.zajdel@interia.pl     #515 668 100
&quot;Mark Dom&quot; Czesława Feret Nazwa Skrócona: &quot;Mark Dom&quot; ##(17) 851 31 74
Mark Dom Józef Feret #         mark-dom@mark-dom.eu     #(17) 851 31 74
Market Instalacyjno-Budowlany Kmiecik #         hurtownia.kmiecik@wp.pl     #(13) 441 56 92
&quot;Mar-Pol&quot; Firma Handlowo-Usługowa Mariola Sokołowska #         marpolrym@onet.eu     #509 661 576
Mar-Stan Mariusz Żmij #         marstan.lubaczow@gmail.com     #667 057 466
&quot;Martex&quot; S.C. Firma Handlowo-Usługowa Marcin Kasprzyk &amp; Artur Łuc ##(16) 621 22 10
&quot;Mat&quot; S.C. #         biuromat@vp.pl     #Oceń firmę i napisz o niej opinię:
&quot;Mat-Bud&quot; Marta Warzocha #         wrys@wp.pl     #509 122 278
Materiałów Budowlanych i Opału Skóra Mirosław i Skóra Dariusz ##692 306 722
Materiały Budowlane Damian Rojek #         info.ceramika@gmail.com     #660 454 290
Materiały Budowlane &quot;Iwan S.C.&quot; Marcin Dudek Wiktor Szmid #         iwan@iwan.com.pl     #(15) 845 07 08
Mateusz Cybulski ##513 152 968
Matys &amp; Słocik Zenon Ficek ##796 919 015
&quot;Mazbud&quot; Firma Handlowo-Produkcyjno-Usługowa #         mazbud270@gmail.com     #(13) 431 16 09
&quot;Mazowiecki&quot; Witold Mazowiecki #         witek2050@hotmail.com     #790 689 090
Mączka Ewa FHU Aquacomfort ##694 197 248
&quot;Mb&quot; S.C. Marcin Natorski Bartłomiej Sowa ##508 720 957
MBK Solution Sp. z o.o. w Organizacji ##604 906 430
Meldom Mariusz Laszczyk #         laszczyk.mariusz@gmail.com     #(17) 857 62 59
Merkury Market Sp. z o.o. #         biuro@merkurymarket.pl     #(13) 436 38 88
Metal-Styl Chamot Krzysztof #         krzysztofchamot@onet.pl     #504 384 824
&quot;Met-Bud&quot; S.C. Skład Materiałów Budowlanych #         metbudjacek@poczta.onet.pl     #(17) 276 01 10
Metik Piekło Maria #         mariapieklo@gmail.com     #(17) 861 19 73
Metik Piekło Ryszard #         ryszardpieklo@gmail.com     #(17) 861 19 73
Michalik Ludwika Firma Handlowo-Usługowa &quot;Bud-MIX&quot; ##(16) 642 70 30
&quot;Mid-Max&quot; Firma Produkcyjno-Handlowo-Usługowa #         midurajarek@poczta.fm     #(14) 666 98 71
&quot;Mikronal&quot; Irena Stysiał ##(16) 672 40 61
&quot;Milema&quot; Jan Bysiewicz #         biuro@milema.com.pl     #Oceń firmę i napisz o niej opinię:
Mineralchem Sp. z o.o. #         biuro@mineralchem.pl     #Oceń firmę i napisz o niej opinię:
Mineraleco Sp. z o.o. #         mineraleco5@gmail.com     #Oceń firmę i napisz o niej opinię:
&quot;Mini-Max&quot; Handel Hurtowy i Detaliczny Artykułami Przemysłowymi - Mariusz Pełka M. Ciszek ##(17) 242 89 77
&quot;Mk Trade&quot; Mariusz Fedorek #         mkmik@wp.pl     #696 063 794
&quot;MM&quot; FHU Mokrzycki Mateusz #         sklepmm@wp.pl     #(17) 277 71 46
Molte Paweł Rokosz ##665 107 108
&quot;Monter&quot; FHU Produkcyjna Barbara Sulowska ##692 118 930
Mont-Instal Farby i Drzwi Józef Czetyrbok ##729 628 410
Moodule Karolina Majczak #         biuromoodule@gmail.com     #721 204 733
&quot;Moto Ogród&quot; FHU Tomasz Bukowski ##(14) 681 94 00
Moto Ogród-Serwis S.C. Tomasz Bukowski Rafał Moździerz ##(14) 681 94 00
MR Complex Sp. z o.o. ##(17) 200 01 99
Multicolor Adam Hnatyk #         andrzej.hnatyk@gmail.com     #(16) 679 14 49
&quot;Multi-Form II&quot; Sp. z o.o. ##(16) 678 48 31
Multikolor Hurtownia Szymon Gackowski #         multikolor.jaslo@gmail.com     #Oceń firmę i napisz o niej opinię:
Murdra FHUP Drapała Stanisław #         murdra@o2.pl     #(17) 227 46 81
Muza Paweł Stelmach ##507 011 800
M&amp;w Inwest Sp. z o.o. #         biuro@miwinvest.eu     #601 229 091
Nautile Polska Robert Kwiatkowski #         kontakt@nautilepolska.pl     #721 688 619
Nevada S.C. Krzysztof Zajchowski Dariusz Przypek #         nevadabudownictwo@gmail.com     #886 140 476
Nevada S.C. Krzysztof Zajchowski Dariusz Przypek ##886 140 476
Niedziałek Alicja Przedsiębiorstwo Produkcyjno-Usługowo-Handlowe &quot;Romex&quot; ##(17) 862 43 73
Niekowal Marian Materiały Budowlane ##(13) 431 46 74
Niko Sp. z o.o. #         biuro@geoniko.pl     #881 690 290
Niko Sp. z o.o. Sp.k. #         biuro@geoniko.pl     #881 690 290
No - Mo Rafał Ochęduszko #         japex78@interia.pl     #508 080 992
Nowy Dom S.C. #         ndsanok@poczta.fm     #(13) 464 89 61
Nowy Dom S.C. #         ndjaroslaw@poczta.fm     #(16) 623 00 98
&quot;NTB&quot; Sp. z o.o. Oddział #         ntb@pro.onet.pl     #(15) 823 48 13
OKNA SOLO PPHU ##(17) 850 02 89
Okno Lider Bełzo Robert ##(17) 717 52 74
&quot;Oknomontaż&quot; PPUH Dariusz Hałucha #         adphalucha@wp.pl     #(16) 732 39 48
&quot;Oknower&quot; Przedsiębiorstwo Handlowo-Usługowe Rafał Polak #         oknower@op.pl     #(13) 432 04 11
&quot;Omega&quot; Firma Produkcyjno-Handlowo-Usługowa Monika Krupa ##(17) 745 41 08
OMR Studio Monika Uliasz #         muliasz72@gmail.com     #600 368 675
Orimat Sp. z o.o. #         offer@orimat.eu     #535 801 701
Orkus Sp. z o.o. #         biuro.orkus@gmail.com     #Oceń firmę i napisz o niej opinię:
&quot;Orlef&quot; Przedsiębiorstwo Budowlane Jerzy Orlef #         jorlef@interia.pl     #(13) 469 67 69
Owltech Sp. z o.o. ##795 025 004
Pabax Krzysztof Bajdas #         pabax@poczta.onet.pl     #(15) 841 85 50
Pankowski Mirosław Przedsiębiorstwo Produkcyjno-Handlowo Usługowe #         pankowski@onet.eu     #(15) 873 80 43
&quot;Parkan&quot; Firma Handlowo-Produkcyjno-Usługowa Sklep z Materiałami Budowlanymi Edward Brodowicz #         damian.b@parkansc.pl     #(16) 648 89 03
Paweł Pięta Materiały Budowlane i Transport ##661 614 060
&quot;Pbj&quot; PHU Maria Kozak ##697 004 666
Pd Profil Sp. z o.o. ##(13) 491 42 21
&quot;Pepe&quot; Sp.j. Piotr Maciąg ##601 636 447
Perfect Anita Sierzputowska #         perfect.rzeszow@gmail.com     #Oceń firmę i napisz o niej opinię:
Perfekt Dystrybucja Marta Matyszewska #         biuro@perfekt-dystrybucja.pl     #Oceń firmę i napisz o niej opinię:
PHU Adamex Adam Krajewski #         rada@hyzne.pl     #Oceń firmę i napisz o niej opinię:
PHU Andex Andrzej Depa ##(17) 862 06 20
PHU Elżbieta Szajstek ##(17) 221 71 38
PHU Insbud Rząsa Andrzej #         arzasa111@poczta.fm     #(17) 229 04 02
PHU Kan-Pol Stanisław Kania #         kanpol@wp.pl     #(17) 772 99 06
PHU Pierres Piotr Mierzwa ##692 971 831
PHU Tartacznictwo #         tartacznictwo-adam.malecki@wp.pl     #510 763 163
Piekarska Dorota Firma Handlowo- Usługowo- Produkcyjna &quot;Alex&quot; ##(17) 227 85 32
Piotr Czerwień Firma Produkcyjno Handlowo- Usługowa &quot; Cornus &quot; ##(13) 433 03 45
Piotr Misztal E.P.J. &quot;Granit&quot; ##606 719 078
&quot;Pjb Dach-Bud&quot; Paweł Borowiec #         pjb.dachbud@gmail.com     #509 309 773
&quot;Pjb Dach-Bud&quot; Paweł Borowiec ##502 166 936
Playwood Piotr Sulikowski #         playwood.peter@gmail.com     #Oceń firmę i napisz o niej opinię:
&quot;Plus&quot; Janusz Chruszcz #         firmaplus@onet.eu     #(17) 229 87 47
&quot;Płytki&quot; Centrala Materiałów Budowlanych Krzysztof Pyz #         k.pyz@wp.pl     #(15) 844 60 35
Podkarpackie Centrum Materiałów Budowlanych Sp. z o.o. ##(17) 858 04 50
P.O.L.D.A.M Sp. z o.o. ##500 780 449
&quot;Pol-Dom&quot; Józef Nowak ##(15) 843 99 51
Pollas Plus Dariusz Gwizdała #         pollasplus@husqvarna.pl     #(17) 242 69 57
&quot;Polmad&quot; PHU Mączka-Malik Dorota D.Mączka ##(17) 851 62 70
P.P.H. &quot;Kolbruk&quot; Zbigniew Filip #         kolbruk@kolbruk.com.pl     #(16) 648 28 94
P.P.H.u Aik Kordjak Aleksandra i Krzysztof Kordjak S.C. ##(16) 622 40 10
P.P.H.U. &quot;Gamart&quot; S.A. Skład ##(14) 670 33 65
P.P.H.U. &quot;Gamart&quot; S.A. Skład ##(17) 225 82 41
P.P.H.U. &quot;Gamart&quot; S.A. Skład ##(13) 432 55 53
P.P.H.U. &quot;Gamart&quot; S.A. Skład ##(15) 844 50 66
PPHU Stm Tadeusz Mazur #         stm.salon@wp.pl     #(17) 854 97 60
&quot;P.P.Plast&quot; Firma Handlowa Piotr Piątek ##505 408 096
PPUH Halina Podyma ##607 470 747
PPUH Kopaczyński Janusz ##(17) 229 83 55
PPUH Victoria Tomasz Strzyżewski #         pphuvictoria.s@gmail.com     #725 310 680
Pro - Farb Radosław Prorok #         profarb15@gmail.com     #530 524 530
&quot;Progres Technik&quot; Przedsiębiorstwo Wielobranżowe Spółka z Ograniczoną Odpowiedzialnoscią #         progres.technik@yahoo.pl     #785 179 569
&quot;Progress&quot; Sp. z o.o. Centrum Handlowe Nisko #         progress75@interia.pl     #(15) 841 65 22
Promit Maciej Mita #         maciejpawel1@wp.pl     #178 574 729
Przedsiebiorstwo Produkcyjno-Handlowo-Usługowe Dacher Mateusz Klimek #         mateuszklimek02@wp.pl     #535 208 104
Przedsiębiorstwo Budowlano-Handlowe Ekobudowa Lisowski Sp.j. ##607 141 062
Przedsiębiorstwo Handlowo-Usługowe Anmar a.Przywara i M.Przywara #         anmar-ropczyce@tlen.pl     #Oceń firmę i napisz o niej opinię:
Przedsiębiorstwo Handlowo-Usługowe Bud-Pol #         budpol1@gmail.com     #(17) 221 64 51
Przedsiębiorstwo Handlowo-Usługowe Budrol Spółka Jawna Roman Cudo Ewa Cudo ##(17) 227 23 96
Przedsiębiorstwo Handlowo-Usługowe Rol-Bud Spółka z o.o. #         biuro@rol-bud.eu     #(13) 441 56 18
Przedsiębiorstwo Produkcji Materiałów Drogowych Sp. z o.o. #         ppmd@ppmd.com.pl     #(13) 433 00 45
Przedsiębiorstwo Usługowo Handlowe &quot;Fargips&quot; S.C. ##(16) 678 33 16
Przedsiębiorstwo Usługowo-Budowlane Moraniec Marcin #         moran88@op.pl     #503 843 425
Przedsiębiorstwo Usługowo-Handlowe &quot;Sport-Chem&quot; B. R. K. Rychtarscy #         sportchem@wp.pl     #(17) 853 50 43
Przedsiębiorstwo Wielobranżowe &quot;Buddom&quot; Wojciech Chruścicki #         buddom1@o2.pl     #(16) 678 97 52
&quot;Przempol&quot; Sp. z o.o. #         biuro@przempol.com     #601 454 900
Przemysław Szukalski FHU &quot;Szukalski&quot; #         przemek@dankros.com     #660 404 930
Przewierty Sterowane &quot;Krag&quot; Szczepan Michalski #         krag13@wp.pl     #691 667 404
&quot;Przyjazny Duch Ii&quot; PPHU Elżbieta Kasper ##(16) 622 85 16
Puh Bognar Hurt Michał Wojdon #         bognarhurt@gmail.com     #Oceń firmę i napisz o niej opinię:
PW Cem Bud Radomska Elżbieta #         boho.e@wp.pl     #(17) 772 84 32
PW C&amp;M Dach-Dom Ireneusz Rogała #         dach.dom@o2.pl     #Oceń firmę i napisz o niej opinię:
PW Elmi-2 Jakub Biłas ##(13) 464 66 10
Pygustudio Piotr Pyzia Krzysztof Guzik S.C. #         biuro@pygustudio.pl     #501 787 166
&quot;Pytka&quot; FHU Jolanta Pytka #         a.pytka@vp.pl     #608 329 135
RCMB Dębica ##(14) 670 68 70
RCMB Rzeszów ##(17) 866 87 77
RCMB Sanok ##(13) 464 41 44
RCMB Sanok ##(13) 434 19 25
Rdkupiec S.C. ##793 204 020
&quot;Red-Lak&quot; FHU Artur Redman #         arturek75@poczta.onet.eu     #600 538 440
&quot;Regamet&quot; Sp.j. Przedsiębiorstwo Produkcyjno-Handlowo-Usługowe Krzysztof Boroń Wacław Tryba #         jaslo@regamet.com.pl     #(13) 448 14 36
&quot;Regamet&quot; Sp.j. Przedsiębiorstwo Produkcyjno-Handlowo-Usługowe Krzysztof Boroń Wacław Tryba #         krosno@regamet.com.pl     #(13) 420 20 88
&quot;Regamet&quot; Sp.j. Przedsiębiorstwo Produkcyjno-Handlowo-Usługowe Krzysztof Boroń Wacław Tryba ##(17) 584 08 08
&quot;Regamet&quot; Sp.j. Przedsiębiorstwo Produkcyjno-Handlowo-Usługowe Krzysztof Boroń Wacław Tryba ##(17) 242 85 44
&quot;Regamet&quot; Sp.j. Przedsiębiorstwo Produkcyjno-Handlowo-Usługowe Krzysztof Boroń Wacław Tryba ##(15) 822 59 59
&quot;Regamet&quot; Sp.j. Przedsiębiorstwo Produkcyjno-Handlowo-Usługowe Krzysztof Boroń Wacław Tryba #         rzeszow@regamet.com.pl     #(17) 854 72 84
&quot;Regamet&quot; Sp.j. Przedsiębiorstwo Produkcyjno-Handlowo-Usługowe Krzysztof Boroń Wacław Tryba ##(15) 642 69 89
&quot;Regamet&quot; Sp.j. Przedsiębiorstwo Produkcyjno-Handlowo-Usługowe Krzysztof Boroń Wacław Tryba ##(13) 466 64 80
&quot;Regamet&quot; Sp.j. Przedsiębiorstwo Produkcyjno-Handlowo-Usługowe Krzysztof Boroń Wacław Tryba #         jaroslaw@regamet.com.pl     #(16) 621 10 91
&quot;Regamet&quot; Sp.j. Przedsiębiorstwo Produkcyjno-Handlowo-Usługowe Krzysztof Boroń Wacław Tryba ##(14) 682 70 80
Regina Kaszycka - Firma Handlowo Transportowa &quot;Kaszycki&quot; S.C. Zygmunt i Regina Kaszycki ##(16) 651 11 46
Rem-Bud Tadeusz Piela ##505 104 874
Renata Szkutak FUH Hydraulik ##(14) 670 21 55
Renata Wojdyło PPH Prodrew ##693 377 099
Rexton Tomasz Machała #         biuro@rexton.pl     #(17) 771 12 77
Robert Cisowski Firma Handlowo-Usługowa &quot;Cisowski&quot; ##502 490 690
&quot;Rolbud&quot; Zakład Produkcyjno-Handlowo-Usługowy Stanisław Godek ##(13) 442 40 19
&quot;Rolmex&quot; Firma Handlowo-Usługowa Roman Żala ##(14) 666 95 27
Rol-Przem i Radosław Kubrak ##530 806 492
Roman Ostrowski Nowsan FUH S.C. ##(13) 464 41 65
Roofol S.C. ##(17) 863 02 76
&quot;Różbud&quot; FHU Katarzyna Różak ##502 463 819
Rutaren Sp. z o.o. ##(17) 226 24 57
&quot;Rut-Bud-Trans&quot; S.C. Przedsiębiorstwo Handlowo-Usługowe ##(15) 641 13 28
Ryb-Bud Rybski Janusz ##(17) 221 24 49
Ryszard Chłopek Materiały Budowlane ##(14) 672 12 31
Ryszard Chwistek Przedsiębiorstwo Handlu Usług i Produkcji ##(14) 654 27 46
Ryszard Ciuła Transport i Handel Materiały Budowlane Opał Nawozy Sztuczne ##(13) 433 08 70
&quot;Rzeka&quot; S.C. Firma Handlowo-Usługowo-Budowlana Stanisław Mądry Jan Mądry Radosław Mądry #         ekop@poczta.onet.pl     #500 195 012
Rzepka Anna FHU Trapez Anna Rzepka ##(14) 682 70 80
Rzeszowska Centrala Materiałów Budowlanych S.A. #         marketing@rcmb.com.pl     #(16) 633 00 30
Rzeszowskie Przedsiębiorstwo Instalacji Sanitarnych S.A. ##(13) 463 01 12
Salon Drzwi Drewnianych Łukasz Niemiec #         kontakt@drzwi-drewniane.com     #726 917 940
&quot;Sam-Bud&quot; Sp. z o.o. #         sambud@oknoplast.com.pl     #(13) 446 95 40
&quot;Sanakiewicz&quot; Sp. z o.o Biuro Zarządu ##(16) 623 01 20
&quot;Sanbud&quot; Sp.j. Przedsiębiorstwo Handlowo-Usługowe ##(13) 464 12 41
&quot;Sandra&quot; FHUP Danuta Sroka ##(13) 447 15 26
Sasso Bis Sp. z o.o. ##(22) 101 04 29
Sauny Ogrodowe Mb S.C. Marcin Natorski Bartłomiej Sowa #         info@vogmaskpolska.com     #508 720 957
&quot;Sawa&quot; Wilisowski &amp; Berkowicz Sp. z o.o. #         transgam.spedycja@tlen.pl     #(13) 491 45 79
S-Bud Mirosław Stabryła #         mir.st@interia.pl     #508 332 595
&quot;Sch&quot; Gminna Spółdzielnia &quot;Samopomoc Chłopska&quot; ##(17) 229 66 28
&quot;SDI&quot; Strefa Dystrybucji Inżynieryjnej ##600 395 881
Sebastian Łuczycki Wisbud #         luczycki@vp.pl     #(13) 464 49 21
&quot;Selena&quot; S.A. Makroregion Podkarpacie ##(17) 582 53 11
Selima Sp. z o.o. ##(16) 633 00 24
Siding Wojciech Micek #         micekw@gmail.com     #501 477 174
SIG Sp. z o.o. Oddział Przemyśl ##(16) 678 78 96
SIG Sp. z o.o. Oddział Rzeszów ##(17) 859 07 41
Sigma Sp. z o.o. ##(13) 432 13 61
Signum D.Dróżdż i M.Głód S.C. #         dominik@signa.tm.pl     #Oceń firmę i napisz o niej opinię:
Simply Technical Oresta Micek #         oresta.micek@gmail.com     #Oceń firmę i napisz o niej opinię:
Sinar Sp. z o.o. ##601 395 989
SK Polska Sp. z o.o. ##(17) 711 60 14
Skaramusz Maciej Łagowski #         mattilagowski@gmail.com     #785 777 706
&quot;Skat-Pol&quot; Przedsiębiorstwo Handolowo-Inżynieryjno-Budowlane Jadwiga Kuzak #         skatpolkuzak@o2.pl     #(13) 491 50 28
Sklep Gospodarczy - Teresa Cyran #         cyryl10@o2.pl     #695 384 883
Sklep PSB-Mrówka ##(13) 434 23 64
Sklep PSB-Mrówka ##(16) 678 60 02
Sklep PSB-Mrówka ##(14) 682 29 22
Sklep PSB-Mrówka ##(13) 469 44 40
Sklep PSB-Mrówka ##(17) 722 27 22
Sklep PSB-Mrówka ##(16) 631 98 08
Sklep PSB-Mrówka ##(16) 623 02 15
Sklep PSB-Mrówka ##(15) 844 88 78
Sklep PSB-Mrówka ##(13) 445 60 25
Sklep PSB-Mrówka ##(17) 277 47 99
Sklep PSB-Mrówka ##(17) 783 42 43
Sklep PSB-Mrówka ##(15) 823 91 70
Sklep Wielobranżowy &quot; U Halinki&quot; Halina Tereszczak #         iwonahalinka@wp.pl     #509 670 275
Sklep z Drewnem Monika Bobrowska #         zajacmonika265@gmail.com     #Oceń firmę i napisz o niej opinię:
Sklep Żelazny Beata Piech #         beatakrzeminska1@interia.pl     #Oceń firmę i napisz o niej opinię:
&quot;Skład-Gałuszka&quot; Sp.j. PPHU ##(16) 621 08 53
Solidom Hurtownia Budowlana G.Gwóźdź B.Kosowski S.C. ##608 517 875
&quot;Solo&quot; Przedsiębiorstwo Produkcyjno-Usługowo-Handlowe Marcin Sobota ##(17) 850 02 89
&quot;SOLO&quot; w Krakowie ##(15) 642 62 35
&quot;Sołonres BW&quot; Firma Ewa Wanat ##(17) 857 80 66
&quot;SpólNet&quot; Sp. z o.o. Przedsiębiorstwo Produkcyjno-Handlowo-Usługowe ##(16) 621 26 99
Spółdzielnia Transportu Wiejskiego ##(13) 434 11 88
Sprzedaż Hurtowa Drewna - Matusz Dariusz ##691 314 110
&quot;Sta&quot; Wojciech Stawarski #         sta.rzeszow@op.pl     #(17) 860 05 25
Sta-Bud Dubiel Stanisław ##(14) 681 97 52
&quot;Stalbet&quot; Sp. z o.o. Przedsiębiorstwo Produkcji Betonów ##(13) 464 54 35
&quot;Stal-Bud&quot; Firma Handlowa Władysława Dryblak ##(16) 632 01 31
&quot;Stalmet&quot; Sp. z o.o. #         stalmet@pro.onet.pl     #(15) 844 34 01
&quot;Stalzbyt Plus&quot; FH Grzegorz Zając #         grzesiekzajac@gmail.com     #(13) 434 19 74
Stamp Sp. z o.o. #         pdv07086@mousquetaires.com     #(16) 648 81 62
&quot;Stan-Dan&quot; Sprzedaż Materiałów Budowlanych Stanisław Trześniowski ##(13) 468 41 09
Standartpark Sp. z o.o. ##784 919 145
Stanisław Cichoń PPUH ##(13) 431 30 01
Stanisław Frydrych #         frydrychstanislaw@op.pl     #(13) 431 63 12
Staren Wyłazy Dachowe Stanisław Fuksa #         biuro@wylazydachowe.com     #511 978 280
&quot;Stella-Kam&quot; FHU Stanisława Lisowska #         ss.con@wp.pl     #Oceń firmę i napisz o niej opinię:
&quot;Stempex&quot; Sp.j. Firma Usługowo-Handlowa A.Stępień G.Stępień ##(17) 242 85 44
Stira Door Mateusz Kozłowski #         mateusz@erkado.pl     #(15) 838 10 57
&quot;Sto - ispo&quot; Sp. z o.o. Centrum Sprzedaży #         ca.rzeszow.pl@sto.com     #(17) 863 67 81
Stojko Tomasz &quot;Ataks&quot; ##602 507 142
Stopa Janina Sklep Wielobranżowy ##(17) 851 81 80
&quot;Strzemex&quot; Łukasz Szwaja #         strzemex@op.pl     #886 583 665
Studio-Meks Stanisław Woś ##513 102 550
Styl-Profil Szyszka Paulina ##(17) 229 33 39
Sudoł Grzegorz Przedsiebiorstwo Produkcyjno-Handlowo-Usługowe &quot;Mag-Greg&quot; ##601 425 305
Sufigs Sp. z o.o. ##(17) 788 77 90
&quot;Sufigs&quot; Sp. z o.o. Grupa PSB #         debica@sufigs.pl     #(14) 681 18 88
&quot;System&quot; FHU Sławomir Olech ##504 258 246
Systemy Podłogowe Sp. z o.o. ##513 268 855
Świat Okien Radosław Reizer ##601 785 534
Tartak Fendryk Karol Fendryk #         fendrykkarol@gmail.com     #Oceń firmę i napisz o niej opinię:
Tasz Jarosław PHU Jatrex ##(13) 439 10 92
Tech-Met FHU Polechoński Krzysztof ##(17) 583 14 46
Technid 2 Grzegorz Potwora ##509 985 411
&quot;TechNid&quot; Sp. z o.o. Przedsiębiorstwo Handlowo-Usługowo-Produkcyjne #         technid@technid.pl     #Oceń firmę i napisz o niej opinię:
&quot;TechNid&quot; Sp. z o.o. Przedsiębiorstwo Handlowo-Usługowo-Produkcyjne ##(17) 863 49 80
&quot;Tech-Pol&quot; PHU Dorota Pietrucha #         dmpl@poczta.fm     #Oceń firmę i napisz o niej opinię:
&quot;Tehabex&quot; Firma Usługowo-Handlowa Zdzisław Pelc ##(17) 224 61 78
&quot;Terbuk II&quot; S.C. FPH K.Dzikiewicz i A.Rut ##(16) 648 48 15
&quot;Tercet&quot; Dystrybutor Urządzen Technicznych Andrzej Felon ##(17) 852 65 82
&quot;Term - Gaz&quot; Zakład Usługowo - Handlowy Bąk Adam #         termgaz@op.pl     #604 396 291
&quot;Termico&quot; Sp. z o.o. ##(17) 250 60 30
&quot;Termix&quot; ZHU Janusz Klocek #         termix@vp.pl     #(13) 435 60 07
&quot;TERMOBILD&quot; PHU Konrad Pyszczek #         konradpyszczek@interia.eu     #508 045 352
&quot;Termwall&quot; Rafał Zieliński #         r.zielinski@termwall.eu     #Oceń firmę i napisz o niej opinię:
&quot;Tesbud&quot; Materiały Budowlane Wacław Tesakowski ##500 329 417
&quot;Testpol&quot; S.C. Przedsiębiorstwo Produkcyjno-Handlowo-Usługowe #         biuro@test-pol.pl     #(14) 677 95 89
&quot;The Doors&quot; Drzwi Zewnętrzne i Wewnętrzne Daniel Kukla #         thedoors@onet.pl     #662 940 390
Thermo-Bud Sp. z o.o. #         thermo-bud@o2.pl     #793 300 695
Tom Bud Firma Handlowo-Usługowa Tomasz Dzięgielowski ##501 323 688
&quot;Tomar&quot; PPH Maria Tomczyk #         tomar.tomczyk@op.pl     #606 767 509
&quot;Tomar&quot; PPHU #         atnd@vp.pl     #(15) 846 26 61
Tomasz Gilewski Bionatic #         dukla@bionatic.pl     #733 964 400
&quot;Tom-Bud&quot; Tomasz Kolczak #         tomaszkolczak@wp.pl     #Oceń firmę i napisz o niej opinię:
&quot;Tomex&quot; FHU Import - Eksport Urszula Szybiak #         tomex.las@onet.eu     #500 226 927
&quot;Tomex&quot; S.C. FPUH Dariusz Kot Tomasz Kuźniar ##601 292 457
Tompol Tomasz Ozimek ##536 271 022
&quot;Tom-Truck&quot; FHU Tomasz Markowicz ##501 670 427
&quot;Ton-Stal&quot;S.C. Przedsiębiorstwo Handlowo-Usługowe Hućko Piotr Hućko Barbara ##(13) 433 09 89
Top-System Instalacje - Osetek Joanna ##697 881 174
Trakpol Sławomir i Sylwia Traka Witold i Aneta Traka Sp.j. #         trakpol@vp.pl     #692 633 215
&quot;Trans Bruk&quot; Józef Bator ##(17) 854 36 22
&quot;Trans Bruk&quot; Józef Bator ##(17) 276 34 68
&quot;Trans Bruk&quot; Józef Bator ##(17) 771 00 88
&quot;Trans-Handel&quot; Skład Materiałów Budowlanych Anna Mokrzycka ##(17) 277 79 32
&quot;Trans-Handel&quot; Usługi Transportowe Anna Mokrzycka #         sklepmm@wp.pl     #(17) 277 79 32
Transkops.C.Bis Julian, Bis Henryka,Wnuk Beata #         transkop.sc@gmail.com     #602 517 119
&quot;Transpol&quot; Skup-Sprzedaż-Usługi Krystyna Siuśko ##(17) 221 47 11
&quot;Trans-Żwir&quot; S.C. Zakład Handlowo-Usługowo-Produkcyjny Waldemar Fornalczyk Bogusław Muszański ##502 106 226
Trocina Marcin Dróżdż #         klejone.drewno@gmail.com     #Oceń firmę i napisz o niej opinię:
T.S.M Deco - Teresa Działo ##576 266 027
Turek Marzena Firma Handlowo-Usługowa&quot;Bezpieczny Dom&quot; ##(13) 436 85 99
Tycner Sp. z o.o. #         podatki@tycner.com.pl     #Oceń firmę i napisz o niej opinię:
Tymres Wojciech Tymowicz #         biuro@tymres.pl     #535 174 050
&quot;U Wacka&quot; FHU Wacław Pliś #         uwacka@poczta.onet.eu     #(17) 224 50 10
&quot;U Wacka&quot; FHU Wacław Pliś ##(17) 224 30 62
&quot;Uni-Bud&quot; Hurtownia Materiałów Budowlanych ##601 164 458
&quot;Unikat&quot; Firma Handlowa #         fhunikat@vp.pl     #(15) 822 96 76
&quot;Unimex&quot; Przedsiębiorstwo Produkcji Usług i Handlu Sp. z o.o. #         unimex_biuro@poczta.onet.pl     #Oceń firmę i napisz o niej opinię:
Unimex Sp. z o.o. ##(17) 856 55 55
u.P. Synteza Sp. z o.o. ##(17) 864 17 68
Usługi Transportowe Przewozowe - Handlowe Bogusław Lechowicz ##(16) 675 78 88
V4 Trading Sp. z o.o. w Organizacji ##667 985 777
Verona Sp. z o.o. Sp.j. ##888 864 396
Via Dua Sp. z o.o. ##503 423 699
Via Dua Sp. z o.o. #         viadua@prokonto.pl     #503 423 699
&quot;Waldi-Bud&quot; Usługi Handlowo-Usługowa Waldemar Pazera #         waldek_pazera@vp.pl     #Oceń firmę i napisz o niej opinię:
Waltoś Waldemar - Sklep Artykułów Przemysłowych &quot;Mixt&quot; ##(16) 670 57 20
Wapiterm Piotr Warchoł ##(17) 772 33 39
Wasiak Dystrybucja Sp. z o.o. Sp.k. ##(17) 852 84 21
Water Iwona Oręczak ##660 446 036
Wawrzaszek Krzysztof &quot;Bartek&quot; ##(17) 225 67 91
&quot;Weimur Plus&quot; FHU Małgorzata Weimer #         weimax@o2.pl     #Oceń firmę i napisz o niej opinię:
Wenus S.C. ##693 558 243
&quot;Wiar&quot; Przedsiębiorstwo Handlowo-Usługowe Józef Martowicz ##609 609 331
&quot;Wista&quot; S.C. Przedsiębiorstwo Wielobranżowe Jurek Stanisław Jurek Witold ##602 518 737
Witold Lisowski FHU Vito #         fhu.vito@onet.pl     #606 295 955
&quot;Wiw-Bud&quot; S.C. Firma Handlowo-Usługowa #         wiwbud@poczta.fm     #(16) 621 87 85
WKD A.Dziedzic K.Dziedzic B.Chmielewski Sp.j. #         wkd@onet.com.pl     #Oceń firmę i napisz o niej opinię:
WKM Jacek Wróbel #         wkm0@interia.pl     #(17) 850 54 84
Władysław Mołdoch Olimp ##885 249 087
&quot;Wobar&quot; S.C. Zakład Usługowo-Handlowy ##(17) 226 31 22
Wobi Drewno Daniel Nowak #         biuro@dndrewno.pl     #Oceń firmę i napisz o niej opinię:
&quot;Wod-Bud&quot; S.C. Firma Usługowo-Handlowa Józef Wacht ##(13) 436 56 60
Wojciech Myrta 1 Wspólnik Piryt S.C. 2 Wspólnik Intech S.C. 3 Bau-Tech #         wm@bau-tech.pl     #(13) 434 03 80
Wojdyła Tomasz Udział w Spółce Cywilnej F.H.&quot;Żelbud&quot; ##(13) 441 09 70
&quot;Woj-Mar&quot; Firma Handlowo-Usługowa Wojciech Rozmus ##(17) 229 37 49
&quot;Wolbud 95&quot; PPHT A. Wolanin H. Wolanin A. Dąbrowski ##(13) 434 71 63
&quot;Wolbud 95&quot; Przedsiębiorstwo Produkcyjno-Handlowo-Transportowe Andrzej i Henryk Wolanin ##(13) 434 90 05
&quot;Wolbud 95&quot; Przedsiębiorstwo Produkcyjno-Handlowo-Transportowe Andrzej i Henryk Wolanin ##(13) 434 33 52
&quot;Woldrew&quot; Handel Materiałami Opałowymi Drzewnymi i Budowlanymi Agnieszka Wołoszyn ##(15) 871 36 88
&quot;Wolftrans&quot; S.C. FH Praktic Bartłomiej Wilk Bartłomiej Wilk ##(17) 583 23 04
Worbud Wojciech Pilecki ##883 381 816
&quot;Wrobud&quot; Wiesław Wróbel Sklep ##510 129 025
Wrobud Wróbel Sp.j. ##(17) 225 02 91
Wszołek Andrzej FHU &quot;Art-Bud&quot; Sklep Spożywczo-Przemysłowy &quot;Mix&quot; Skołyszyn 403 ##515 098 550
Wyka Lucyna Przedsiębiorstwo Wielobranżowe &quot;Kami&quot; ##661 342 710
YES Color S.C. #         biuro@rzeszow-farby.pl     #662 933 979
Zajbet Piotr Zajączkowski #         zajbet@interia.pl     #600 916 273
Zajdel Józef Hurtownia Materiałów Budowlanych #         piotr.zajdel@onet.eu     #(13) 435 19 16
Zakład Produkcyjny Wyrobów Betonowych &quot;Betbud&quot; S.Nenutil M. Nenutil M. Nenutil Spółka Jawna #         betbud501@poczta.fm     #(15) 822 63 19
Zakład Przerobu Drewna Pluty Sp. z o.o. ##(17) 584 22 49
&quot;Z.B.J.&quot; S.j. Firma Handlowa Sklep z Materiałami Budowlanymi Jan Dudycz i S-ka #         zbj@interia.eu     #692 434 523
&quot;Zefir&quot; FUH Cecylia Szurlej ##607 642 610
&quot;Zydroń&quot; #         zygmuntdawid@wp.pl     #515 080 116
&quot;Żniwo&quot; Spółdzielnia Pracy ##(14) 670 31 64
&quot;Żniwo&quot; Spółdzielnia Pracy Skład Materiałów Budowlanych ##(14) 670 31 64
&quot;Żwirkol&quot; S.C. J.Mierzwa S.Lach P.Piękoś ##694 396 605
Domstyl Pokrycia dachowe i systemy rynnowe Sylwia Sowa #         domstyllesko@gmail.com     #665 460 333
Glazurnik Firma remontowo budowlana Sławomir Wrażeń #         slawek.turbo@interia.eu     #782 029 904
Sławex Usługi Sprzętem Budowlanym, Kopalnia Piasku Sławomir Jazownik #         slawek428@op.pl     #601 211 379
Global Krystyna Gut #         glob-gut@wp.pl     #698 835 445
Grys-Bud Radosław Mądry #         grysbud@poczta.fm     #606 743 997
Dekoratornia Okien i Wnętrz Aneta Piersiak #         aneta.piersiak@interia.pl     #787 193 505
Grastar Spółdzielnia Handlowa #         wssch@wp.pl     #(13) 439 50 21
Speed-Bet Posadzki Przemysłowe Sp. z o.o. Sp.k. #         speed-bet@wp.pl     #736 625 434
Rad-Rol Radosław Myjak #         radoslaw.myjak@o2.pl     #608 522 305
Chemal Hurtownia Farb Klejów Lakierów #         ksiegowosc@chemal.debica.pl     #(14) 676 54 40
Krusz-Max Skład Kruszyw #         kruszmax2@gmail.com     #535 026 637
Grzegorz Kiełbasa Usługi Budowlane #         gkielbasa240@gmail.com     #790 720 054
Kam-Bud Tynki Maszynowe Kamil Leus #         kamil20@vip.onet.pl     #668 627 203
Transport materiałów sypkich, transport węgla, transport zboża,Koko Ernest Szajdecki #         jogus1990@onet.pl     #661 196 503
Centrum Kamienia Ogrodowego #         trans-met@wp.pl     #665 542 163
Komet Sp. z o.o. Sp.k. #         komet@komet.rzeszow.pl     #(17) 863 44 76
Elbud spółka z ograniczoną odpowiedzialnością spółka komandytowa #         elbudzpk@gmail.com     #510 188 380
Elektro-Spaw Dopart Antoni #         elektrospaw1@gmail.com     #(16) 678 45 27
Przedsiębiorstwo Handlowo-Transportowo-Spedycyjne Jawil Anna Wilk #         jwilk70@wp.pl     #604 374 071
Phu Budmax Wiktor Ruszkowski #         wiktorusz@poczta.onet.pl     #606 620 927
Grzegorz Skibicki Zakład Handlowo Usługowy Elnar #         zhuelnar@wp.pl     #668 535 223
Manwe Instalacje Hvac Mateusz Szarek #         manweinstalacje@gmail.com     #601 157 529
Tynk-Bud Dudek Daniel #         tynkbuddudek@interia.pl     #609 583 330
Radek-Trans Radek K #         krzysiekradek@op.pl     #506 142 308
Adr Polska Sp. z o.o. #         atw@atwsystem.pl     #(13) 468 93 33
Brukexpert Usługi Brukarskie ##570 601 601
Piotr Bacza Usługi Przeładunkowo-Transportowe #         uptbacza@wp.pl     #603 037 776
Hydrogaz G.K. Kopeć Sp.j. #         info@hydrogaz.eu     #(15) 811 91 96
Antom-Service Zakład naprawy i handlu sprzętu ogrodniczo-leśnego Tomasz Blicharczyk #         antomservice@box43.pl     #(13) 436 59 55
Expressbud Hubert Kusak #         kusakhubert@gmail.com     #883 451 111
Ali-Trans &amp; Euro Company #         ali.trans2018@gmail.com     #883 433 421
Tomasz Zygmunt Perfect Home Usługi Remontowo-Budowlane #         perfecthomerzeszow@gmail.com     #737 979 799
Sprint Bus Witold Radek #         witekradek@interia.pl     #606 882 297
Przedsiębiorstwo Budowlane Jp Domek Jacek Płodzień #         jpdomek@poczta.onet.pl     #600 892 435
M-Finance Biuro Rachunkowe Magdalena Maciejak #         m_finance@onet.pl     #734 497 487
Wojciech Pacławski Biuro Projektowania, Nadzoru I Realizacji Inwestycji Budowlanych Bud-Expert #         bud-expert@wp.pl     #698 500 881
Lucyna Powęska Hurtownia Art Przemysłowych Sp.j. #         hurtownia1@poczta.onet.pl     #(15) 841 10 95
Wojciech Grzech Instal-Bud Hurt Detal Materiałów Instalacyjnych i Przemysłowo Budowlanych #         wojtek_grzech@o2.pl     #600 581 421
1. Zakład Produkcji Kruszywa Czarnas.C. Augustyn Pitak Arkadiusz Pitak2. Arkadiusz Pitak ##604 627 899
Adam Tajchman F.H.U &quot;Ad-Bud&quot; #         adam72275@wp.pl     #(16) 733 80 72
Adam Wojciechowski- Wspólnik ##604 197 226
ADM Dariusz Matwijczyk #         daro24140@wp.pl     #535 119 575
&quot;Agat&quot; FUH Witold Miś #         witoldmis@gmail.com     #Oceń firmę i napisz o niej opinię:
Agnieszka Pieniążek Firma Handlowo-Usługowa &quot;Witek&quot; #         agnesniem@interia.pl     #Oceń firmę i napisz o niej opinię:
&quot;Akropol&quot; Zakład Kamieniarski Beata i Tomasz Kisała #         biuro@akropol.pl     #(17) 857 76 66
ALE Dom Grzegorz Gawlik #         grzgaw@gmail.com     #793 000 206
&quot;Alpino&quot;S.C. Leszek Walczyna Witold Karnas ##609 525 835
ALU - Instal Marcin Świerczek ##696 361 910
&quot;Alu-Drew&quot; PPUH Paweł Kusek ##696 349 231
Aluwik Wiktor Nowak #         takczyowakjestemnowak@gmail.com     #Oceń firmę i napisz o niej opinię:
Amigo Łukasz Furtak ##796 860 777
Andrzej Sawicki F.U. &quot;Andre&quot; ##604 501 764
Anex Meble Na Wymiar Dariusz Rudziński #         anexmeblenawymiar@gmail.com     #Oceń firmę i napisz o niej opinię:
Anna Bierut Cegielnia Kazimierz Grot Jarosław Bierut Anna Bierut-Chwałowice 37-455 Radomyśl nad Sanem ##601 856 280
Anna Dróżdż Energooszczędne Systemy Grzewcze Materiały Budowlane ##(13) 464 03 09
Arko S.C. Piotr Ziobroń Arkadiusz Ziobroń #         arkomielec@interia.pl     #(17) 784 48 95
Bargiel Łukasz Usługi Stolarsko - Montażowe #         l.bargiel@interia.pl     #512 045 671
Bartkiewicz Z. Guzenda Z. S.C. Ceramika Budowlana ##(17) 772 90 04
Bartłomiej Flaga Budowlane Technologie ##880 776 056
Bartłomiej Zygmunt Twój Dom #         zygi1063@wp.pl     #(17) 242 98 87
Bartosz Kordas #         bartek.kordas@onet.eu     #603 119 560
Bas-Meb Paweł Basara ##797 238 354
&quot;Bazalt&quot; Tomasz Orłowski ##(17) 307 05 38
BBC Czaja Stanisław Czaja #         bbcczaja@wp.pl     #Oceń firmę i napisz o niej opinię:
Beluch Artur #         arturbeluch@gmail.com     #(17) 870 16 71
Bernard Dworak Bendoors Stolarka #         stolarka.wwa@gmail.com     #698 039 108
&quot;Bii-Pii&quot; Materiały Budowlane Sklejka Krzysztof Cebulak #         cebulak.k@poczta.fm     #790 369 106
&quot;Bii-Pii&quot; Materiały Budowlane Sklejka Krzysztof Cebulak ##(15) 649 27 74
&quot;Bogbud&quot; ZPUH Bogdan Wronkowicz ##663 144 149
Bogdan Adam #         bogdanadam@op.pl     #600 129 571
&quot;Bog-Dar&quot; Dudek Bogdan ##601 162 508
Bogmat Sp. z o.o. #         bogmat@bogmat.pl     #(16) 678 65 62
Bogumił Wilisowski Meble na Wymiar ##697 671 779
&quot;Bom&quot; Sp.j. ##(15) 843 26 02
Bovi - Lex Kruszywa Sp. z o.o. ##(17) 854 75 23
B.R.a. Grzegorz Pitak #         grzegorz.pitak@gmail.com     #604 975 997
Budi-Krusz Sp. z o.o. ##698 533 434
Budinstel Sp. z o.o. ##(16) 649 04 50
&quot;Bud-Mario&quot; Przedsiębiorstwo Budowlane Mariusz Gumienny #         budmario@vp.pl     #Oceń firmę i napisz o niej opinię:
Burda Stanisław Sklep Wielobranżowy ##(17) 243 60 58
&quot;Bu-Tra&quot; Robert Rychlak Zbigniew Górski ##604 583 626
&quot;Cegielnia i Betoniarnia&quot; Eugenia Kułaga i Sylwia Kułaga - Czernecka #         sylwiaczernecka2@wp.pl     #(15) 644 62 58
Cegielnia Kazimierz Grot, Jarosław Bierut, Anna Bierut #         gbcegielnia@gmail.com     #Oceń firmę i napisz o niej opinię:
Cegielnia Otałęż Stanisław Głowacki ##(17) 774 10 09
Cegielnia Podborze S.C. Ewa Miękoś Roman Miękoś #         cegielniamiekos@wp.pl     #602 185 584
&quot;Cegielnia Polowa&quot; Adam Wojciechowski i Spółka ##605 418 551
Cegielnia Polowa Artur Śpiewak Ewa Śpiewak S.C. #         cegielnia_spiewak@vp.pl     #605 576 954
&quot;Cegielnia Polowa&quot; Grzegorz Kułaga Wojciech ##502 084 640
Cegielnia Polowa Łabuda Adam ##(15) 836 16 84
Cegielnia Polowa Małgorzata Grzegorzek-Lesław Dul ##604 654 269
Cegielnia Polowa S.C. Zawolski Jan ##728 488 372
Cegielnia Polowa Zaleszany Jan Zawolski ##602 536 120
Cegielnia S.C.Zofia Maj Iwona Pasztaleniec ##(15) 845 33 57
Cegielnia Siedleszczany Łabuda Kazimierz i Łabuda Maria S.C. ##600 773 046
Cegielnia Wysoka S.C.Szkutnik Stanisława Szmuc Marek Szmuc Antoni ##(17) 225 46 73
Cenart Filip Cena #         filip.cena1992@gmail.com     #Oceń firmę i napisz o niej opinię:
Ceramika Polska Sp. z o.o. ##(17) 861 10 63
&quot;Chata&quot; FHU Golik Dariusz ##(15) 844 43 14
&quot;Chata&quot; Firma Handlowo-Usługowa Dariusz Golik #         dgolik@vp.pl     #(15) 844 43 14
&quot;Cs Studio&quot; Spółka Cylwilnia #         kontakt@cleverstudio.pl     #Oceń firmę i napisz o niej opinię:
&quot;Czarna&quot; S.C. Zakład Produkcji Kruszywa Augustyn Pitak Arkadiusz Pitak #         zpk.czarna@gmail.com     #(13) 461 90 43
Czesław Segiet &quot;Kruszbud&quot; ##(16) 679 11 14
Daniel Ważny #         de.wazny@yahoo.pl     #731 772 140
Danmar Marek Smykla #         danmar.co@wp.pl     #(17) 773 12 51
Dariusz Szymaszek Profil ##504 295 220
Dariusz Twardy - Usługi Budowlane #         dariusztwardy@yahoo.pl     #788 550 128
Dawid Krupa Krups-Bud #         dawidkrupa191221@gmail.com     #Oceń firmę i napisz o niej opinię:
Dawid Wilas #         wilasdavid@hotmoil.com     #Oceń firmę i napisz o niej opinię:
Dawkar S.C. ##668 678 838
Dawpol Serwis Dawid Bomba #         dawidc4@vp.pl     #Oceń firmę i napisz o niej opinię:
&quot;Dekor&quot; Firma Handlowo-Usługowa ##602 617 793
&quot;Dekor-Studio&quot; S.C. Maciej Dańczura ##(16) 732 55 55
Dołęga Paweł Usługi Stolarskie ##(17) 224 74 27
Domat Sp. z o.o. ##(17) 225 77 59
&quot;Domek&quot; Lucyna Gugała ##(15) 845 42 02
Domena Roman Barański #         domena.krosno@gmail.com     #787 414 004
&quot;Domex&quot; PPUH Mieczysław Rewera #         biuro@domex.rzeszow.pl     #(17) 863 40 69
Dorota Toruń PHU Dormer II #         dormerii@gazeta.pl     #609 153 515
Dpa Meble na Wymiar Damian Zapała #         dpameble@gmail.com     #Oceń firmę i napisz o niej opinię:
&quot;Drew Pol&quot; Aneta Puziewicz ##603 240 243
Dryka Jan Wilk Jacek S.C. Zakład Ceramiki Budowlanej ##662 849 468
Dudek Waldemar - FHU #         fhuwdudek@interia.pl     #Oceń firmę i napisz o niej opinię:
&quot;Dul&quot; Cegielnia A.Dul-Grzegorzek J.Grzegorzek K.Grzegorzek-Kot - Anna Dul-Grzegorzek ##(15) 836 22 70
Dul Helena i Anna Grzegorzek Jan i Karolina Cegielnia #         karolina.grzegorzek@wp.pl     #602 740 135
Dym-Bud Usługi Remontowo - Budowlane Damian Skrzyniarz ##788 192 560
Dziubek Dariusz Indeco #         indecorzeszow@interia.pl     #(17) 852 68 58
Dziubek Marta Indeco #         indecorzeszow@interia.pl     #Oceń firmę i napisz o niej opinię:
&quot;Eko-88&quot; Zakład Usługowy Jan Smereka #         smereka@interia.pl     #(16) 621 70 17
Eksploatacja Kruszywa Roboty Ziemne Andrzej Pacia ##(17) 856 03 34
&quot;El-Bud&quot; Przedsiębiorstwo Budowlane Hurtownia #         info@elbud.sanok.pl     #(13) 464 00 76
&quot;Euro-Marmur&quot; Przedsiębiorstwo Produkcyjno-Handlowo-Usługowe Anna Zając #         euromarmur@wp.pl     #(15) 842 94 82
&quot;Eurovia Polska&quot; S.A. Oddział #         rzeszow@eurovia.pl     #(17) 223 19 00
Fac Grzegorz #         szvagier@poczta.fm     #Oceń firmę i napisz o niej opinię:
FH - Usługowa Projectjakub Kierepka #         kubakierepka@o2.pl     #880 681 635
FHU &quot; Kamko&quot; Kamil Gil #         f.h.u.kamko@wp.pl     #509 509 524
FHU - Renpio - Zelik Piotr ##516 174 827
FHU Aneta Śliwa ##723 230 440
FHU A-Rem Adam Poniatowski #         arem74@wp.pl     #Oceń firmę i napisz o niej opinię:
FHU Bartłomiej Michalak #         m.bartek.194@gmail.com     #Oceń firmę i napisz o niej opinię:
FHU Bramat Justyna Tunia #         j.basiak@op.pl     #Oceń firmę i napisz o niej opinię:
FHU Fach - Mont Okna Mieczysław Jędrzejczyk #         fachmont.okna@gmail.com     #Oceń firmę i napisz o niej opinię:
FHU Fenster Okna Premium Paweł Zajdel ##536 812 059
F.H.U. Geopiask Lipianin S.C. #         geo-piask@wp.pl     #Oceń firmę i napisz o niej opinię:
FHU G.w. Grzegorz Woźniak ##508 091 301
FHU Haes-Okno S.C. Krzysztof Misielak &amp; Piotr Jędrzejczyk #         haesokno@firma.pl     #Oceń firmę i napisz o niej opinię:
F.H.U Kris Color Krzysztof Piela #         kpiela_75@tlen.pl     #Oceń firmę i napisz o niej opinię:
FHU Lukmet Chłopek Łukasz #         lukmet@poczta.fm     #(17) 584 12 52
F.H.U. &quot;Matran-Saf&quot; Wanda Lipian ##(17) 242 07 17
FHU Mebloluc Łukasz Kmuk #         kmukpadew@interia.pl     #508 254 649
FHU Robert Lesiak #         bodnar.adam@vp.pl     #Oceń firmę i napisz o niej opinię:
FHU Skup Złomu Materiały Budowlane Jacek Czapor ##796 737 690
FHU Tadeusz Kufel ##504 036 744
FHU &quot;Trans - Piotr&quot; Piotr Herdzik #         piotr.herdzik@vp.pl     #539 682 226
Fijałek Bogusław Usługi Ogolnobudowlane Nor_pol #         bodzio77@interia.eu     #(14) 681 69 68
Firma Amikos Grzegorz Klimczak ##600 077 837
Firma Budowlana Łukasz Bielat #         lukaszbielat@interia.pl     #788 600 748
Firma Budowlana &quot;Ms&quot; Marszałek E. Stopyra w. S.C. Wojciech Stopyra ##(17) 229 57 60
Firma Budowlana Solid Tomasz Kulpa ##725 375 937
Firma Handlowo-Usługowa &quot;Art-Pol&quot; Artur Pająk #         artpol-kominki@o2.pl     #(14) 670 32 23
Firma Liwia Stanisław Kawiński ##510 507 214
Firma Mak-Bud Sp.j. J. Kostuś i Współnicy #         j.kostus@makbud.net     #(16) 675 08 85
Firma Transportowo-Usługowo-Handlowa &quot;Auto-Trans&quot; Bogusław Bąk #         boguslawbak@o2.pl     #608 161 884
Firma Usługowa Fab-Bud Fabian Żyła #         fabian3107@interia.pl     #Oceń firmę i napisz o niej opinię:
Firma Usługowa Rząsa Dariusz ##723 806 244
Forek Andrzej Furman #         andrefur@onet.pl     #692 031 984
F.U. Damont Daniel Olech #         damont@interia.eu     #666 944 470
F.U.H. Sobtrans Grzegorz Sobkiewicz ##606 266 008
FUH Styl Jacek Borowiec #         stylokna@o2.pl     #691 602 919
FUH Zelbud Marcin Zelik #         biuro@zelbud.pl     #Oceń firmę i napisz o niej opinię:
Galbud FHU Piotr Gala ##600 728 571
Geopalbud Łukasz Kluz #         iuro@geopalbud.pl     #515 664 125
Gg Grzegorz Glina #         gglina@interia.pl     #607 051 500
&quot;G-Krusz&quot; S.C. Piotr Sujdak Artur Cichowski #         artur.pilzno@gmail.com     #603 703 336
&quot;Greinplast&quot; Sp. z o.o. ##(18) 449 03 16
Groovywoodz Paweł Wikiera ##792 960 390
Grot Kazimierz -Cegielnia Kazimierz Grot Jarosław Bierut Anna Bierut-Chwałowice 37-455 Radomyśl nad Sanem ##601 856 280
Grysztar Dariusz Materiały Budowlane ##782 757 920
Grzegorz Golański Usługi Remontowo-Wykończeniowe ##604 412 312
Grzegorzek Jan - Cegielnia &quot;Dul&quot; H.Dul A.Dul-Grzegorzek J.Grzegorzek K.Grzegorzek-Kot ##(15) 836 22 70
Guzior Andrzej ZUH Guzior ##(17) 744 67 12
Hekobentonity Sp. z o.o. ##(14) 681 89 62
Horizon Firma Usługowa Tomasz Katyński ##660 632 087
Hpm Henryk Puterla #         hputerla123@gmail.com     #Oceń firmę i napisz o niej opinię:
&quot;HSW-Lorresta&quot; Sp. z o.o. ##(15) 813 44 10
Hubert Partyka Oknopart #         hubert.partyka@wp.pl     #Oceń firmę i napisz o niej opinię:
Hurtownia Blach &quot;Akryl&quot; Materiały Budowlane Grzegorz Siwak #         hurtownia.blach@gmail.com     #607 912 944
Inny Wymiar Mebli Mariusz Kopacz Andrzej Stefanowicz S.C. ##512 828 968
Instal- Door Łukasz Bijoś ##512 085 762
Interior Pro Sp. z o.o. #         klaudiusz.interiorpro@gmail.com     #(17) 229 92 33
Intersystem Paweł Łabuda ##501 535 428
Jacek Kisiołek ##(16) 621 33 43
Jacek Kopyć Sztukaternia #         jkopyc@yahoo.com     #721 238 186
Jacek Świzdor Firma Produkcyjno-Usługowo-Handlowa &quot;Salamandra&quot; ##(17) 854 52 28
&quot;Jawil&quot; #         jwilk70@wp.pl     #604 374 071
&quot;Jaworski&quot; Ceramika Budowlana B. Cebula z. Jaworski; Pośrednictwo Ubezpieczeniowe Barbara Cebula #         barbara.cebula@onet.pl     #Oceń firmę i napisz o niej opinię:
J.C.V. Polska Grzegorz Sobolewski #         montajesjcv@interia.pl     #Oceń firmę i napisz o niej opinię:
Jędrzejak K. i S-Ka S.C. Kopalnia Odkrywkowa Kruszywa ##604 952 913
&quot;Joker&quot; Piotr Gaweł #         ewaudi@o2.pl     #608 324 795
&quot;Jovanna&quot; FUH Joanna Bielawa ##691 364 667
K7 Karol Nowak ##664 004 128
&quot;Kalo-Bud&quot; FHU Grzegorz Osiadły #         grzegorzo@vp.pl     #Oceń firmę i napisz o niej opinię:
&quot;Kamar&quot; Materiały Budowlane #         biuro@karmar.rzeszow.pl     #607 057 034
Kamil Piątek #         kamil123629@gmail.com     #Oceń firmę i napisz o niej opinię:
Kamil Sas #         kamilsas4@wp.pl     #Oceń firmę i napisz o niej opinię:
Karol Brzyski #         meble.brzyski@gmail.com     #Oceń firmę i napisz o niej opinię:
Karol Lenard Dralen Woodworking&amp;Crazy #         karol_lenard@onet.pl     #Oceń firmę i napisz o niej opinię:
Karol Pietras #         damiansroka1@gmail.com     #731 183 904
Kasicki, Producent Okien i Drzwi Pcv, Andrzej Kasicki, 37-625 Krowica Sama 4 #         kasicki@vp.pl     #(16) 632 62 46
Kazax Szymon Kazak #         szymon198309@o2.pl     #Oceń firmę i napisz o niej opinię:
Kb Mont Krzysztof Bełzo #         1987krzysiek@wp.pl     #Oceń firmę i napisz o niej opinię:
Kłosowska Renata Producent Stolarki Aluminiowej ##(15) 642 11 18
Kłosowski Stolarka Aluminowa Renata Kłosowska, Krystian Kłosowski #         biuro@klosowski-okna.com.pl     #(15) 642 11 18
Koher S.A. ##(14) 681 20 32
Komfrotex Tarczon Sebastian ##(17) 741 58 83
Konieczny Wiesław Firma Handlowo-Usługowa #         milena22071996@interia.pl     #605 561 658
Kopalnia Odkrywkowa Kruszywa Krzysztof Jędrzejak ##604 952 913
Kopalnie Kruszywa &quot;Jarosz&quot; Piotr i Adam Jarosz S.C. ##600 146 775
&quot;Kop-Trans&quot; Piotr Jarosz #         piotr.102@interia.pl     #(14) 672 14 96
&quot;Kop-Trans&quot; Wydobycie Sprzedaż i Transport Kruszywa Restauracja Zajazd Parkosz Adam i Piotr Jarosz S.C. Kopalnie Kruszywa &quot;Jarosz&quot; Piotr i Adam Jarosz S.C. ##600 829 714
Kriksbud-Krzysztof Penar #         penar157@interia.pl     #Oceń firmę i napisz o niej opinię:
Kris FHU Krzysztof Grabowski ##664 976 786
Kris-Bud S.C. Krzysztof Wiglusz Tomasz Dobrowolski ##(17) 852 82 45
Krupa Piotr Firma Usługowo-Produkcyjna ##(15) 879 92 62
&quot;Kruszgeo&quot; S.A. ##(17) 583 80 26
&quot;Kruszgeo&quot; S.A. ##(16) 678 00 17
&quot;Kruszgeo&quot; S.A. ##(13) 446 56 67
&quot;Kruszgeo&quot; S.A. ##(14) 672 26 24
&quot;Kruszgeo&quot; S.A. ##(17) 222 64 86
&quot;Kruszgeo&quot; S.A. ##(16) 672 01 87
&quot;Kruszgeo&quot; S.A. ##(13) 462 72 15
&quot;Kruszgeo&quot; S.A. ##(17) 851 62 98
&quot;Kruszgeo&quot; S.A. ##(16) 642 77 03
&quot;Kruszgeo&quot; S.A. ##(14) 672 21 33
&quot;Kruszgeo&quot; S.A. Zakład Eksploatacji Kruszywa ##(14) 672 11 78
&quot;Kruszgeo&quot; S.A. Zakład Remontowy ##(14) 679 70 61
Krusznet Sp. z o.o. ##793 622 666
Krusznet Sp. z o.o. #         biuro@krusznet.pl     #793 622 666
Krusz-Piask Sp. z o.o. ##882 170 713
&quot;Kruszpol&quot; Gruszka &amp; Podkul Sp.j. Zakład Produkcji Kruszywa #         kruszpol@wp.pl     #(13) 493 99 75
&quot;Krusztar&quot; Sp. z o.o. #         krusztar@krusztar.pl     #(15) 822 55 42
&quot;Krusz-Trans&quot; S.C. FPUH ##512 513 363
Kruszywa Kot Sp.j. #         kruszywakot@gmail.com     #608 803 018
&quot;Kruszywa Sanockie&quot; S.C. Adam Czech Andrzej Czech Robert Czech ##510 168 027
Kruszywa Trans-Grunt #         transgrunt@gmail.com     #512 755 997
Kruzber Sp. z o.o. #         kruzber.spzoo@gmail.com     #Oceń firmę i napisz o niej opinię:
&quot;Kruźwir Grupa&quot; S.C. Przedsiębiorstwo Ireneusz Michnal Jan Majewski Władysław Hejnar ##605 252 393
Krystian Dziepak Hard Door #         krystiandziepak@gmail.com     #Oceń firmę i napisz o niej opinię:
Krzysztof Górny Usługi Remontow-Budowlane #         christofg71@op.pl     #606 592 604
Krzysztof Wierdak Transport Towarowy Wierdak #         zwirpol@onet.pl     #609 316 740
Kubalewski Natan Budowlane Materiały #         biuro@cegielnia-nad-sanem.pl     #502 778 287
&quot;Lafarge Kruszywa i Beton&quot; Sp. z o.o. Wytwórnia Betonu ##(14) 681 40 41
&quot;Lafarge Kruszywa i Beton&quot; Sp. z o.o. Wytwórnia Betonu ##(13) 436 92 80
&quot;Lafarge Kruszywa i Beton&quot; Sp. z o.o. Wytwórnia Betonu ##(17) 850 59 00
&quot;Laskowski&quot; Cegielnia Jarosław Laskowski Elżbieta Legwand #         ceglask@tg.onet.pl     #(15) 836 37 93
L.B.Drew ##600 702 839
Lichota Maria Przedsiębiorstwo Produkcyjno-Usługowo-Handlowe ##(16) 671 96 41
&quot;Luka&quot; Łukasz Rzeźnik #         luka5@onet.pl     #668 500 406
Lukas-Bud Łukasz Jopek #         l.jopek87@gmail.com     #Oceń firmę i napisz o niej opinię:
Łukasz Jaśkiewicz #         lucas.jaskiewicz@gmail.com     #Oceń firmę i napisz o niej opinię:
Maciej Wąs ##733 871 528
&quot;Maj&quot; PPHU Iwona i Wiesław Pasztaleniec S. C. Cegielnia Iwona Pasztaleniec ##600 898 244
Majewski J. Michnal I. S.C. Przedsiębiorstwo Produkcyjno-Handlowe ##603 053 403
&quot;Mako&quot; Mateusz Kocur #         biuro@mako.rzeszow.pl     #733 923 144
Mal Meb Andrzej Bartkowicz ##691 218 951
Małys Marek Materiały Budowlane #         sunrise69@interia.eu     #(15) 836 11 55
Mar-Bud Marek Dziubek #         marek.dziubek@wp.pl     #(17) 771 24 81
Mariot Sp. z o.o. ##(17) 859 09 85
&quot;Martex&quot; S.C. #         martex30@gmail.com     #(16) 621 22 10
Max-Stone Sp. z o.o. Sp. k. #         biuro@maxstone.pl     #609 565 626
Maziarz Franciszka Kopalnia Łazów #         f.maziarz@onet.pl     #Oceń firmę i napisz o niej opinię:
Mądro Stefan Dom Handlowy Agrol ##534 459 444
Md Montaż Drzwi Łukasz Smołkowicz #         smolkowicz.l@gmail.com     #Oceń firmę i napisz o niej opinię:
&quot;Mebelek&quot; FHU Wojciech Smoter ##606 945 748
Meble Na Wymiar Paweł Tryka #         tryka@onet.eu     #(15) 879 22 27
&quot;Merkury&quot; Sp. z o.o. Firma Handlowo-Usługowa ##(13) 436 38 88
&quot;Merkury&quot; Sp. z o.o. Firma Handlowo-Usługowa ##(13) 464 54 61
&quot;Merkury&quot; Sp. z o.o. Firma Handlowo-Usługowa ##(13) 448 32 40
&quot;Merkury&quot; Sp. z o.o. Firma Handlowo-Usługowa ##(16) 624 11 34
&quot;Merkury&quot; Sp. z o.o. Firma Handlowo-Usługowa ##(17) 581 06 70
&quot;Merkury&quot; Sp. z o.o. Firma Handlowo-Usługowa ##(14) 676 60 00
&quot;Merkury&quot; Sp. z o.o. Firma Handlowo-Usługowa #         sekretariat@merkurymarket.pl     #(15) 822 41 81
Michał Magdoń Firma Budowlana &quot;Mimag&quot; #         michalma@vp.pl     #792 266 777
&quot;Miwa&quot; Sylwia Majcher #         sylwiamajcher@interia.pl     #Oceń firmę i napisz o niej opinię:
&quot;Mok-Bud&quot; Sp.j. ##(15) 822 34 69
Montaż Stolarki Okiennej Marek Gałuszka ##784 464 974
Mont-Dekor Łukasz Knap #         lukas.knap@poczta.onet.pl     #607 349 384
MPT Transport Michał Pakla #         kontakt@mpt-transport.pl     #782 864 016
&quot;MS Konstrukcje&quot; Sp. z o.o. ##530 818 641
M-Ter Michał Czerwonka #         therwonka@gmail.com     #Oceń firmę i napisz o niej opinię:
&quot;Multidom&quot; Biuro Handlowe Dariusz Kowalski ##604 113 644
Multidom Leżajsk #         janusz.multidom@gmail.com     #(17) 242 08 25
Multidom Leżajsk Sp. z o.o. #         janusz.multidom@gmail.com     #(17) 242 08 25
Murpol Plus Karol Murias #         murpol@o2.pl     #Oceń firmę i napisz o niej opinię:
MURPOL Zbigniew Murias #         murpol@o2.pl     #604 050 966
Murpol Zbigniew Murias #         murpol@o2.pl     #604 050 966
Myśliwiec Paweł Fima Produkcyjno-Usługowa &quot;Alter&quot; #         fphualter@o2.pl     #(17) 852 04 39
Natalia Sp. z o.o. ##(17) 850 47 33
Norbud Robert Norko #         danek0121@wp.pl     #Oceń firmę i napisz o niej opinię:
&quot;NTB&quot; Sp. z o.o. ##(17) 851 74 31
Ntmont Tomasz Nizioł #         tomi0227@op.pl     #Oceń firmę i napisz o niej opinię:
&quot;Okienko&quot; FHU Sławomir Gryga #         okienko3@wp.pl     #(13) 446 31 32
&quot;Okland&quot; FHU Grzegorz Kosiba ##604 377 227
Oknolux Marek Szumigraj #         beniap7@wp.pl     #Oceń firmę i napisz o niej opinię:
&quot;Okno-Mar&quot; FHU Marcin Tatara ##509 367 600
Omi-Tech Firma Usługowo-Montażowa Kamil Składzień #         kamil.skladzien@interia.pl     #Oceń firmę i napisz o niej opinię:
Opusel Spóła z Ograniczoną Odpowiedzialnością #         info@opusel.pl     #(13) 445 31 43
P &amp; Pf Paweł Frankiewicz Piotr Frankiewicz S.C. #         kruszywo.munina@gmail.com     #691 273 595
Paleń Jan Kopalnia Piasku ##509 910 650
Pater ##(14) 680 89 50
Paterak Andrzej Stanisław #         andrzejpaterak@interia.pl     #665 571 823
Paweł Ciurko #         witja1988@o2.pl     #(17) 241 53 27
Paweł Szych Montaż #         p.szych@icloud.com     #Oceń firmę i napisz o niej opinię:
Pawmont Garstka Paweł ##533 285 111
PHU Irena Bałdos ##604 983 877
P.H.U. &quot;Rol-Bud&quot; Sosnówka Maria #         maria_rol_bud@interia.pl     #(15) 873 81 01
PHU Rolfix Maciej Zięba #         rolfixx@o2.pl     #660 578 774
PHU Vido-Mont Kajetan Siwiec #         vidomont@gmail.com     #727 901 403
&quot;Piach-Pol&quot; - Walas Wojciech #         wojciechwalas1@wp.pl     #602 393 388
Piach-Trans Marcin Bałdos #         hmbobaldos@wp.pl     #693 682 631
&quot;Piaskopol II&quot; Przedsiębiorstwo Handlowo-Usługowe Sp.j. Grażyna Godzisz Waldemar Godzisz ##600 905 701
Pikor Eleonora Cegielnia #         cegielnia.rakszawa@wp.pl     #(17) 226 17 40
Piotr Dobrzański - Usługi Remontowo-Wykończeniowe #         pietrekdobrzanski@wp.pl     #668 185 652
Piotr Maziarz-Usługi Budowlane #         bumcyk86@autograf.pl     #(15) 876 46 20
Piotr Sałek Przedsiębiorstwo Usługowo-Handlowe &quot;Wersal&quot; ##693 229 010
Piotr-Bud Słowik Piotr #         piotr.slowik@onet.com.pl     #889 118 656
&quot;Piotrek&quot; Piotr Łoza ##781 782 672
Podkarpacka Grupa Okienna Okno-Rest S.C. Bukała P. Krajewski a. #         oknorest@wp.pl     #883 606 609
Podkarpacka Grupa Okienna Okno-Rest S.C. Bukała P. Krajewski a. #         jaslo@oknorest.pl     #(13) 446 27 35
Podkarpacka Grupa Okienna Okno-Rest S.C. Bukała P. Krajewski a. #         strzyzow@oknorest.pl     #(17) 276 26 65
Podkarpacka Grupa Okienna Okno-Rest S.C. Bukała P. Krajewski a. #         jaroslaw@oknorest.pl     #(16) 621 55 97
Podkarpacka Grupa Okienna Okno-Rest S.C. Bukała P. Krajewski a. #         przeworsk@oknorest.pl     #(16) 648 28 89
Podkarpacka Grupa Okienna Okno-Rest S.C. Bukała P. Krajewski a. #         oknorest@oknorest.pl     #(17) 852 27 74
&quot;pod-Klucz&quot; Firma Remontowo-Budowlana Wiesław Głowiak #         wieslawglowiak@vp.pl     #882 187 578
Polgrys Kruszywa Sp. z o.o. #         biuro@polgrys.pl     #(17) 863 67 25
Polgrys Sp. z o.o. #         biuro@polgrys.pl     #(17) 852 29 01
Pol-Mont Łukasz Kawałek #         pol-mont@o2.pl     #608 272 848
Polskie Kruszywa Budowlane Sp. z o.o. #         biuro.pkb@gmail.com     #662 382 878
Poniatowski Producent Kamienia Elewacyjnego ##(13) 446 90 59
POPIELSAN #         m.popiel@o2.pl     #508 332 579
POPIELSAN Skład Kruszyw #         m.popiel@o2.pl     #729 870 870
Pphu. Nat-Bud. Norbert Harla ##793 987 300
&quot;Prestiż&quot; FPUH Bogusław Matuszewski ##605 267 802
Prim Sp. z o.o. #         oknoplast@okanprim.pl     #Oceń firmę i napisz o niej opinię:
&quot;Prodom&quot; S.C. Firma Handlowo-Usługowa ##509 952 028
&quot;Prof - Mont&quot; Michał Jacek ##(17) 277 15 76
Pro-Fach Artur Dyakiv Stolarka Budowlana ##510 170 995
Prof-Bud Firma Produkcyjno-Usługowo-Handlowa Dariusz Radoń #         prof-bud@prof-bud.pl     #(16) 652 18 12
Promateo Mateusz Bartkowicz #         pro-mateo@wp.pl     #728 985 644
&quot;Propan&quot; Firma Handlowo-Usługowa ##(17) 772 60 06
&quot;Przecław&quot; Cegielnia ##(17) 581 34 23
Przedsiebiorstwo Produkcyjno-Handlowo-Usługowe San-Torf S.C. Kopalnia Torfu i Piasku Teresa Surmacz Władysław Wanat ##510 108 905
Przedsiębiorstwo Budowlane &quot;Max-Best&quot; Grzegorz Łupicki ##(17) 857 83 07
Przedsiębiorstwo Handlowe Miron Mirosław Jurkiewicz #         phmiron@interia.pl     #(16) 675 14 86
Przedsiębiorstwo Produkcji Kruszywa i Usług Geologicznych Kruszgeo S.A. ##(17) 853 60 51
Przedsiębiorstwo Produkcji Materiałów Drogowych w Rzeszowie Sp. z o.o. ##(17) 854 93 89
Przedsiębiorstwo Produkcyjno-Handlowe &quot;Krusz-Bet&quot; Sp. z o.o. ##(13) 430 31 28
PUH Oknopol Pietrzyk Wacław #         oknopol@vp.pl     #502 244 881
PW Art-Wik Sp. z o.o. #         biuro.artwikbudowa@gmail.com     #507 116 626
Qsand Sp. z o.o. ##(17) 856 28 95
Qsand Sp. z o.o. Sp. J. ##606 637 428
Radek-Trans Krzysztof Radek #         krzysiekradek@op.pl     #506 142 308
&quot;Renowator&quot; Usługi Remontowo Budowlane Jan Mazepa #         jasiek.krysia1290@gmail.com     #Oceń firmę i napisz o niej opinię:
Rolmasz Usługi Tartaczne ##601 453 066
&quot;Salamandra&quot; Firma PHU Agnieszka Świzdor ##(17) 853 66 57
Salon Turkan #         rzeszow@zen-on.pl     #(17) 852 34 13
Sandcom Sp. z o.o. #         sandcom@o2.pl     #Oceń firmę i napisz o niej opinię:
Sembli Jakub Strażewski #         biuro@sembli.pl     #663 841 163
Serwatka Barbara Firma Handlowa ##601 621 816
&quot;Siedleszczany&quot; S.C. Cegielnia Kazimierz i Maria Łabuda ##(15) 822 93 25
Siemiączko Andrzej Udział w Spółce Cywilnej: PPUH Tosand II Andrzej Siemiączko ##(13) 448 21 48
Siemiączko Zuzanna Udział w Spółce Cywilnej: PPUH Tosand II Zuzanna Siemiączko ##(13) 448 21 48
Skład Kruszyw #         robert.skrzypek@onet.eu     #505 567 999
Skład Kruszyw i Węgla Edward Kochmański #         g.kochmanski@op.pl     #606 893 861
Skład Kruszyw Sławomir Wrażeń #         slawek.turbo@interia.eu     #782 029 904
Skład Materiałów Budowlanych Kruszyw i Węgla &quot;ROLMASZ&quot; #         rolmasz@poczta.fm     #(17) 227 93 50
Sławomir Nowak Usługi Remontowo-Budowlane #         slaweknowak2208@interia.pl     #Oceń firmę i napisz o niej opinię:
&quot;Solbud&quot; Mirosław Solarz #         miroch11@wp.pl     #Oceń firmę i napisz o niej opinię:
&quot;Solo&quot; Barszczak Artur ##607 730 320
Sowa Pluk Sp. z o.o. ##791 171 086
&quot;Spółka Produkcji Cegły&quot; Łukasz Cetnarski ##(15) 836 39 62
&quot;Stanli&quot; Jan Stanisz #         bjstanisz@o2.pl     #(13) 433 06 10
Stefmark Sp. z o.o. ##692 151 023
Stobpol Handel-Usługi Lesław Cyrek ##(17) 772 36 12
&quot;Stol - Mont&quot; Szopa Emil ##606 822 092
Stolarnia Maestroarte Bożena Zielińska ##724 319 061
Stróż Jan Kopalnia Piasku #         kopalniapiasku@wp.pl     #602 464 464
&quot;Studio-Aw S.C.&quot; P.Pańczyk M.Kaperczak ##(17) 853 68 67
Szwarc Stone ##(17) 229 17 55
&quot;Świat Drzwi&quot; S.C. PHU Wojciech Gębuś Łukasz Gazda ##503 023 530
&quot;Świat Drzwi&quot; S.C. PHU Wojciech Gębuś Łukasz Gazda #         biuro@swiatdrzwi.eu     #503 023 530
Tadeusz Brach Zakład Wydobycia Kamienia Budowlanego #         tbrach56@onet.eu     #(13) 435 44 12
&quot;Tagrapol&quot; Firma Przedsiębiorstwo Handlowo-Usługowe T. Radzikowski ##(13) 435 37 42
&quot;Tech-Mont&quot; Tomasz Urban #         viking1940@op.pl     #783 136 804
Techniczne Wyposażenie Wnętrz Bąk Roman ##607 063 595
Tomasz Cieszyński ##666 645 300
Tomasz Hołota PPUH Budmax #         tomaszholota@interia.pl     #(16) 678 46 43
Tomasz Przysławski Jt Solution #         tomprz.tp@gmail.com     #Oceń firmę i napisz o niej opinię:
Trans-Handel Paweł Libucha #         pawel.libucha@tlen.pl     #694 345 865
&quot;Transhen&quot; Paweł Sołdan #         pawelsoldan@interia.pl     #602 753 810
&quot;Transkop&quot; S.C. Henryka Bis : Bis Henryka Wnuk Beata Bis Grażyna Bis Julian #         transkop.sc@gmail.com     #602 517 119
Transport i Załadunek Handel Materiałami Budowlanymi i Drogowymi Firlej Zenon ##509 334 819
Transport Samochodowy Tadeusz i Stanisław Borowiec #         tborowiec@o2.pl     #601 504 857
Usługi Budowlane Mariusz Puchta ##602 617 125
Usługi Ogólnobudowlane Antoni Puchalski ##(15) 841 49 03
Usługi Ogólnobudowlane Tomasz Filip #         tomus.02@wp.pl     #Oceń firmę i napisz o niej opinię:
Usługi Remontowo - Budowlane Artur Romanek #         artur14050@onet.pl     #Oceń firmę i napisz o niej opinię:
Usługi Remontowo - Budowlane T.n. Contractors Tomasz Niemczyk #         pniak74@onet.pl     #Oceń firmę i napisz o niej opinię:
Usługi Remontowo Wykończeniowe Jakub Kozioł #         kubakodzak@gmail.com     #Oceń firmę i napisz o niej opinię:
Usługi Remontowo-Budowlane Ireneusz Kępka ##796 516 687
Usługi Remontowo-Budowlane Piotr Framęga ##604 262 403
Usługi Remontowo-Wykończeniowe Krzysztof Idzik ##793 280 409
Usługi Techniczne w Ceramice Budowlanej Czech Mariusz #         info@aquamax.pl     #606 671 259
Usługi Transportowo - Budowlane Jakub Kozłowski #         kozia21abq@wp.pl     #661 238 192
Usługi Transportowo-Budowlane Marcin Siry #         marcin1127-10@o2.pl     #Oceń firmę i napisz o niej opinię:
Usługi Transportowo-Sprzętowe Szacik Tomasz ##605 682 517
Usługowy Zakład Ogólnobudowlany Jarosław Wronkowicz #         uzorymanow@wp.pl     #603 344 241
U.T.S.Pokrywka Sławomir ##506 071 667
Valdeco Design Waldemar Śledź ##886 407 021
Wagner Zdzisław - Zakład Usługowy Wa-Cia ##669 632 911
w.B.o. Sp. z o.o. ##515 195 444
Wbt Dawkar S.C. #         biuro@dawkar.pl     #787 910 838
Wilimex Sp. z o.o. #         wilimex@pro.onet.pl     #(15) 879 41 63
Wilmont Bator Lidia i Wiesław ##604 413 048
&quot;Wilmont&quot; Lidia i Wiesław Bator #         lidiab66@o2.pl     #(17) 772 48 50
Windoor S.C. Zossel Janusz Zossel Anna #         windoor@o2.pl     #(13) 441 02 48
Win-Wood Patryk Winiarski #         biuro@win-wood.pl     #Oceń firmę i napisz o niej opinię:
&quot;Wira&quot; Radosław Witek ##(13) 434 03 05
&quot;Wist&quot; FHU Stanisław Tkaczyk #         kinga.tka@gmail.com     #Oceń firmę i napisz o niej opinię:
Witrynal Tobiasz Marek #         witrynal@interia.pl     #793 707 374
Wojciech Wojciechowski- Wspólnik ##(15) 842 86 81
Wojnarowska Maria Usługi Grabarskie ##(17) 221 43 07
&quot;Womar&quot; Marian Pielech #         womarsanok@poczta.onet.pl     #Oceń firmę i napisz o niej opinię:
&quot;Wood Pol&quot; Grzegorz Jan Kulczyk #         kulczyk@alice.it     #Oceń firmę i napisz o niej opinię:
&quot;Wysock&quot;  Żwirownia  S.C. #         zwirownia_sc@wp.pl     #(16) 628 33 90
Wysock-Brzeg Sp. z o.o. ##604 952 913
Zakład Budowlano-Drogowy &quot;Bieszczady&quot; Sp. z o.o. #         zbdbieszczady@op.pl     #Oceń firmę i napisz o niej opinię:
Zakład Budowlano-Remontowy Janusz Rejman #         rejman@pro.onet.pl     #602 751 747
Zakład Ceramiki Budowlanej Jan Dryka ##662 849 468
Zakład Ceramiki Budowlanej S.R. Mikuszewscy Cegielnia Glinik Dolny S.C. ##(17) 277 79 33
Zakład Eksploatacji Kruszywa i Wyrobów Betoniarskich Sp. z o.o. #         zekiwb@wp.pl     #604 213 796
Zakład Górniczy Komańcza-Jawornik Sp. z o.o Oddział: Komańcza 1A #         sprzedaz@kruszywakomancza.pl     #604 207 702
Zakład Robót Regulacyjnych #         zrrjeziorek1@vp.pl     #(17) 771 24 10
Zakład Robót Ziemno-Regulacyjnych i Eksploatacji Kruszywa Marek Andrzej i Halina Lech #         lech44@vp.pl     #(17) 771 24 12
Zakład Usługowo Handlowy Rolpias S.C. Teresa Sus, Czesława Lis #         rolpias@vp.pl     #Oceń firmę i napisz o niej opinię:
Zakład Usługowo-Handlowy Sprzedaż Piasku i Żwiru &quot;Ryśko&quot; Ryszard Szacik #         rysko79@wp.pl     #(14) 682 40 92
Załadunek Usługi Handel &quot;G-Krusz&quot; Joanna Gałuszka #         zuh_g@op.pl     #Oceń firmę i napisz o niej opinię:
&quot;Zelbud&quot; Kazimierz Zelik i Marcin Zelik Sp. Jawna #         biuro@zelbud.pl     #(15) 832 22 25
Zetka Eryk Winiarski #         erykw2@gmail.com     #Oceń firmę i napisz o niej opinię:
ZHU Tęcza Tomasz Zakrzewski #         dab.zt@wp.pl     #512 556 200
ZHUP &quot;Trans-Żwir&quot; S.C. Waldemar Fornalczyk Bogusław Muszański; ZHUP &quot;Trans-Żwir&quot; Waldemar Fornalczyk ##502 106 226
&quot;Ziół-Piach&quot; Grzegorz Ziółkowski #         piasek.ziolkowski@op.pl     #662 066 018
&quot;Złote Piaski&quot; Sp. z o.o. ##509 040 300
Znp Paweł Seklecki #         nataliajurkiewicz@onet.eu     #Oceń firmę i napisz o niej opinię:
ZUPH Wojciech Wojtaszek #         w-wojtasek@wp.pl     #Oceń firmę i napisz o niej opinię:
Zygmunt Karaba #         karaba.z@wp.pl     #665 888 652
&quot;Żwirex&quot; Sp.j. Kułacz Halina i Kułacz Rafał ##(15) 844 79 99
&quot;Żwirgeo&quot; S.C. Guzik Grzegorz Przedsiębiorstwo Produkcji Kruszywa ##(13) 433 12 87
&quot;Żwirgeo&quot; S.C. Przedsiębiorstwo Produkcji Kruszywa ##(13) 433 12 87
&quot;Żwirownia&quot; Bolesław Koziara Marek Orkisz S.C. ##507 166 593
Żwirownia Wietlin #         witmarsj@onet.pl     #(16) 624 40 40
&quot;Żwirpol&quot; S.C. Przedsiębiorstwo Wydobycia Kruszywa Kazimierz Owczarski Krzysztof Wierdak #         zwirpol@onet.pl     #(13) 441 30 48
