Zespół Ratownictwa Drogowego, Szybkie Ratownictwo Sportowe I Szkoła Doskonalenia Techniki Jazdy Jacek Hoffman #         srsratownik@gmail.com     #502 683 473
Kancelaria Adwokacka Łukasz Bałaga #         lukasz@balaga.pl     #(41) 368 04 64
Kancelaria Adwokacka Adwokat Juliusz Duda #         adw.jd@interia.pl     #607 305 351
Ak-Med Krzysztof Okła #         ak_med@onet.pl     #503 008 353
Endogast Nzoz Ewa Wrzesińska-Ambroż #         ewaambroz@op.pl     #605 593 045
Edyta Musiał-Tewińska Usługi rehabilitacyjno-medyczne #         e_tew@wp.pl     #600 983 973
Anna Centrum opiekuńczo - pielęgnacyjne dla dorosłych #         anna_koneczna@o2.pl     #(41) 271 49 38
Nat&amp;estetic Natalia Wołowiec #         oliwier2305@interia.pl     #725 047 905
Promed Ośrodek Leczniczo-Profilaktyczny Spółka Lekarska Suda i Partnerzy #         promed.ostrowiec@op.pl     #(41) 266 78 50
Borgis Drukarnia Pieczątki #         sborgis@poczta.onet.pl     #(41) 344 22 66
Piotr Szmajdel Zakład Tapicerski #         szmajdelmeble@op.pl     #603 352 613
Niepubliczny Zakład Opieki Zdrowotnej Supramed-Trans Jan Jacek Miśta #         j.mista@interia.pl     #695 205 010
Joanna Gibalska Tłumacz przysięgły języka francuskiego #         gibalska@poczta.onet.pl     #602 359 516
Sklep Medyczny, Ortopedyczny Małgorzata Cichońska Profesjonalny Sprzęt Ortopedyczny #         gosia.8op.pl@op.pl     #695 243 335
Ostrowska Alina Gabinet Refleksoterapii i Akupunktury #         alka.ostrowska@interia.eu     #512 019 335
GRUPA OCHRONY PARTNER #         pckielce@gmail.com     #(41) 366 44 77
Sokołowski Marek - Kancelaria Adwokacka #         marek_sokolowski4@wp.pl     #536 345 356
ProELtech Małgorzata Król #         proeltech@wp.pl     #609 296 223
DLfloor Dawid Ligas #         dlfloor1@gmail.com     #504 459 308
Specjalistyczna Praktyka Pielęgniarska Justyna Chrobot #         justyna.chrobot73@gmail.com     #500 146 239
System-Med Prywatny Ośrodek Terapii Uzależnień i Współuzależnień Tadeusz Czapka - Leczenie Alkoholizmu i Innych Uzależnień #         biuro@systemmed.pl     #730 509 030
Kancelaria Adwokacka Adwokat Justyna Musielska #         kancelaria@justynamusielska.pl     #503 993 834
OSK Gadacz Piotr Gadacz #         piotr.gadacz@wp.pl     #728 557 313
Pękala Sławomir, lek. med. Praktyka Lekarska. #         s.pekala@interia.pl     #692 501 588
Go-Leasing Leasing #         biuro@pozyczki-unijne.pl     #795 991 862
Kamex #         biuro@kamex24.pl     #781 996 447
Magdalena Kardyś Angielski Nauka Tłumaczenia #         magdakardys@yahoo.pl     #509 927 837
Igloomasz Chłodnictwo, Klimatyzacja - Konrad Sadowski, Henryk Sadowski #         chlodnictwo@igloomasz.com     #(41) 332 50 00
Symetria Fizjoterapia Funkcjonalna Elżbieta Woś #         ellaw@o2.pl     #695 405 040
Prywatny Gabinet Psychiatryczny - Psychiatra Anna Blejder #         anble@wp.pl     #509 645 005
Halina Sielska Dr Nauk Med Spec Dermatolog Wenerolog Laseroterapia #         halinasielska9@gmail.com     #608 573 525
1. NZOZ Zdrowie 2. Indywidualna Specjalistyczna Praktyka Lekarska Hanna Chojnacka - Gładysz 3 . Gryzole. Akcesoria Dla Dzieci. ##(15) 832 31 75
21 Wojskowy Szpital Uzdrowiskowo-Rehabilitacyjny ##(41) 378 24 17
Abc Zdrowia S.C. Joanna Jabłońska Ewa Magdziarz #         abczdrowia@wp.pl     #662 224 549
Adrian Wróżek NZOZ Admed ##(41) 378 31 61
Agamed Usługi Medyczne Agata Maj #         majagata@onet.pl     #Oceń firmę i napisz o niej opinię:
Agmed Arkadiusz Gabryś Przedsiębiorstwo Handlowo Usługowe #         gabrys.arek@02.pl     #Oceń firmę i napisz o niej opinię:
Agnieszka Balicka - NZOZ #         iru@poczta.onet.pl     #(41) 378 61 95
Ajk Usługi Transportowe Janusz Kochański #         janusz.kochanski@op.pl     #691 590 802
Aldent Pracownia Protetyki Stomatologicznej Agnieszka Larkowska #         aldent.a.larkowska@o2.pl     #Oceń firmę i napisz o niej opinię:
Alergo-Med Niepubliczny Zakład Opieki Zdrowotnej ##(41) 344 65 83
Alfa Med Sklep Medyczny ##(41) 343 47 80
Anamed NZOZ Laboratorium Analiz Medycznych Anna Zięba #         anamed@wp.pl     #(41) 266 55 21
Andrzej Sarzyński Usługi Medyczne Certyfikaty Energetyczne #         kukims@poczta.onet.pl     #669 862 005
Anna Czarny Pracownia Psychologiczna. Wspieranie Edukacji ##693 092 905
Anna Zawłocka Pracownia Protetyki Stomatologicznej ##(41) 271 16 66
Apteka Prywatna Alicja Felcman Dorota Brzezińska ##(41) 311 09 24
Armed ##(41) 378 72 89
Armed Hurtownia Sprzętu Medycznego #         biuro@armed.pl     #(41) 378 72 89
Artimed Niepubliczny Zakład Opieki Zdrowotnej #         artimed@artimed.pl     #(41) 367 17 00
Artmed Iwona Kasperek #         sklepmedyczny@autograf.pl     #607 899 393
Auxilium S.C. Aleksandra Harla-Olechowska, Urszula Harla ##(15) 867 40 36
Bacha S.C. Gabinet Rehabilitacji Barbara i Aleksander Kabzińscy ##(41) 362 62 23
Barbara Nasternak Pracownia Protetyki Stomatologicznej ##692 279 840
Bądel Anna Centralne Laboratorium Analityki Medycznej ##(41) 369 21 35
Bejmed Sp. z o.o. ##(41) 351 10 06
Biuro Rozliczeń Usług Medycznych Beata Krzak ##517 463 817
Caritas Diecezji Kieleckiej Centrum Medyczne ##(41) 344 22 90
Caritas Diecezji Kieleckiej Ośrodek Zdrowia ##(41) 301 15 80
Caritas Diecezji Kieleckiej Zakład Opieki Leczniczej i Rehabilatacji Ambulatoryjnej ##(41) 306 13 33
Caritas Diecezji Kieleckiej Zespół Przychodni Lekarskich i Ośrodków Zdrowia ##(41) 394 40 07
Caritas Kielecka Centrum Medyczne im. ks. J. Pawłowskiego ##(41) 344 22 90
Cedent Michał Cedro #         orzech789@gmail.com     #Oceń firmę i napisz o niej opinię:
Centrum Medyczne Crossmed Sp. z o.o. ##(41) 344 40 53
Centrum Medyczne OMEGA H Skowerska Sp. z o.o. ##(41) 366 31 21
CENTRUM MEDYCZNE OMEGA Sp. z o.o. ##(41) 345 47 44
Centrum Medyczne Opiekun Sp. z o.o. #         opiekun2@onet.pl     #722 268 684
Centrum Medyczne Plus-Med Sp. z o.o. #         plusmed.kielce@gmail.com     #570 758 888
Centrum Medyczne Sp. z o.o. Niepubliczny Zakład Opieki Zdrowotnej ##(15) 865 63 95
Centrum Medyczne Sp. z o.o. Niepubliczny Zakład Opieki Zdrowotnej ##(15) 864 48 23
Centrum Pielęgniarstwa Środowiskowo-Rodzinnego i Rehabilitacji przy Stacji Opieki Caritas w Sandomierzu ##(15) 832 11 45
Centrum Sp. z o.o. Niepubliczny Zakład Opieki Zdrowotnej ##(41) 361 42 86
Centrum Sp. z o.o. Niepubliczny Zakład Opieki Zdrowotnej ##(41) 317 12 53
Centrum Sp. z o.o. Niepubliczny Zakład Opieki Zdrowotnej ##(41) 361 29 74
Centrum Sp. z o.o. Niepubliczny Zakład Opieki Zdrowotnej ##(41) 317 00 18
Centrum Sp. z o.o. Niepubliczny Zakład Opieki Zdrowotnej ##(41) 362 91 48
Centrum Sp. z o.o. Niepubliczny Zakład Opieki Zdrowotnej ##(41) 348 36 63
Centrum Sp. z o.o. Niepubliczny Zakład Opieki Zdrowotnej ##(41) 361 67 12
Centrum Usług Medycznych i Szkoleniowych Neuron Aneta Gaj #         aneta_gaj@op.pl     #504 071 570
Centrum Usług Medycznych Promont - Med Sp. z o.o. ##(41) 366 10 91
Centrum Zaopatrzenia Placówek Oświatowych Medycznych Biur i Instytucji Danuta Wójcik #         dlaoswiatykielce@wp.pl     #Oceń firmę i napisz o niej opinię:
Centrum Zdrowia Kielce Sp. z o.o. ##(41) 369 55 55
CENTRUM ZDROWIA KOBIETY KOMED Sp. z o.o. #         biuro@czkkomed.pl     #(41) 331 44 44
Cezal S.A. Centrum Zaopatrzenia Medycznego ##(41) 342 69 26
Champion Medical System Sp. z o.o. #         usg@usgnowak.pl     #Oceń firmę i napisz o niej opinię:
Chronowscy D.J. S.C. Praktyka Lekarska #         chronos@poczta.onet.pl     #609 700 943
College Medyczny #         sekretariat@college-med.pl     #(41) 330 88 00
Corrado Polska Spółka Jawna Jan Głowacki ##(41) 346 42 40
Czerwik Katarzyna Dunal Halina Baranowska Bożenna Przychodnia Rodzinna ##604 844 502
Dagmara Drab Sklepy Medyczne Galeria Zdrowia ##(41) 386 11 65
Dalmed Sp. z o.o. Niepubliczny Zakład Opieki Zdrowotnej Filia ##(41) 344 73 19
Dalmed Sp. z o.o. Niepubliczny Zakład Opieki Zdrowotnej Filia ##(41) 342 85 30
Darimed Centrum Zdrowia Sp. z o.o. #         malgorzatapawlik11@gmail.com     #(41) 300 01 00
Dar-Medica S.C. Ośrodek Rehabilitacji #         dar-medica@wp.pl     #(41) 348 34 34
Dav-Med Dawid Gajos Ratownictwo Medyczne #         dawid492@gmail.com     #Oceń firmę i napisz o niej opinię:
Dentakol Artykuły Protetyczne i Stomatologiczne Iwona Mączyńska #         dentakol@poczta.fm     #Oceń firmę i napisz o niej opinię:
Dental Studio Laboratorium Techniki Dentystycznej Katarzyna Chabowska #         dental.studio@op.pl     #Oceń firmę i napisz o niej opinię:
Dent-Am Pracownia Protetyki Stomatologicznej Agnieszka Miernik ##(15) 864 11 10
Denta-Med Sklep Medyczny #         dentamed@o2.pl     #(41) 366 31 32
Diagnostyka Medyczna Anna Gonciarz #         ajgon2@o2.pl     #Oceń firmę i napisz o niej opinię:
Diagnostyka Sp. z o.o. Centrum Medyczne Rokitek Punkt Pobrań i Laboratorium ##(15) 832 07 03
Diagnostyka Sp. z o.o. Punkt Pobrań ##602 254 119
Diagnostyka Sp. z o.o. Punkt Pobrań ##(15) 868 41 05
Diagnostyka Sp. z o.o. Punkt Pobrań ##(41) 267 12 28
Diagnostyka Sp. z o.o. Punkt Pobrań ##509 408 787
Diagnostyka Techniczna-Badania Sp. z o.o. ##603 596 483
Dom Dla Niepełnosprawnych w Piekoszowie Zakład Rehabilitacji Leczniczej ##(41) 306 13 55
Domedic Specjalistyczny Zakład Opieki Zdrowotnej ##(41) 362 91 06
Domedic Specjalistyczny Zakład Opieki Zdrowotnej Przychodnia Akademicka ##(41) 344 56 60
Dzierzgwa Andrzej ##600 412 768
Elżbieta Szostak - Sklep Zielarsko Medyczny Sawa #         elzbieta.szostak@o2.pl     #(41) 378 37 95
Enduro-Med Dominik Pasek #         biuro@enduromed.pl     #Oceń firmę i napisz o niej opinię:
Eskulap Niepubliczny Zakład Opieki Zdrowotnej ##(41) 274 57 70
Eskulap Niepubliczny Zakład Opieki Zdrowotnej ##(15) 832 32 03
Eskulap Niepubliczny Zakład Opieki Zdrowotnej ##(41) 274 85 48
Eskulap Niepubliczny Zakład Opieki Zdrowotnej #         eskulap.starachowice@wp.pl     #Oceń firmę i napisz o niej opinię:
Eskulap NZOZ Laboratorium Analityczne ##508 153 007
Eskulap Przychodnia #         eskulap.starachowice@wp.pl     #(41) 274 57 70
Eskulap Przychodnia Lekarska ##(15) 868 42 92
Estetic-Dent - Pracownia Techniki Dentystycznej Paweł Czubala #         estetic-dent@wp.pl     #602 365 047
Esthetica Milena Piskulak Klinika Kosmetologii Medycznej i Laserowej ##790 330 035
Euro-Med Przychodnia Lekarska ##(41) 381 60 56
Euromedical Ireneusz Bijoch ##606 123 723
FHU Telmed Grzegorz Telicki, Szkoła Pilotażu Skywings #         gtelicki@wp.pl     #Oceń firmę i napisz o niej opinię:
Firma Produkcyjna Kazimierz Wójcik ##887 759 984
Fizjoterapiamgr Barbara Dulnik #         barbara.dulnik@wp.pl     #516 255 970
Foteliki Rehabilitacyjne #         vital-med@o2.pl     #535 073 010
Futura Med w Ostrowcu Swietokrzyskim NZOZ ##608 616 883
Gabinet Kosmetologii Medycznej i Trychologii Ewelina Szabla #         szablaewelina@gmail.com     #606 183 786
Gabinet Rehabilitacji Medycznej Adrian Lasota #         wolverine783@gmail.com     #789 385 334
Gabinet Rehabiltacji Medycznej Tomasz Piskulak #         pisqlak@o2.pl     #515 440 363
Gabinety Medyczne S.C. Salon Optyczny Niepubliczny Zakład Opieki Zdrowotnej ##(41) 386 41 07
Gabinety Medyczne S.C. Salon Optyczny Niepubliczny Zakład Opieki Zdrowotnej #         kkalka@wp.pl     #692 590 635
Ginecyt Ewa Klebańska #         kie45@interia.pl     #507 607 616
Giza Radosław Gabinet Lekarski #         gradex@interia.pl     #(15) 832 05 43
Golamed Usługi Medyczne Sebastian Gola ##500 037 596
Gomed Niepubliczny Zakład Opieki Zdrowotnej ##(41) 264 13 90
Gomed Niepubliczny Zakład Opieki Zdrowotnej Zespół Domowej Opieki Paliatywnej Dla Dzieci ##(41) 247 03 10
Gomed Niepubliczny Zakład Opieki Zdrowotnej Zespół Domowej Opieki Paliatywnej- Hospicjum Domowe #         biuro@gomed.com.pl     #(41) 264 13 90
Graca Mieczysław NZOZ Graca Med ##516 045 358
Hipokrates S.C. Przychodnia Anna Kucharczyk #         annapoczta1@interia.pl     #(41) 345 77 39
Indywidualna Specjalistyczna Praktyka Lekarska Konrad Półtorak ##606 968 303
Informacja PKS ##(41) 247 97 87
Informacja PKS ##(15) 868 22 27
Integrum Opieka Senioralna i Poszpitalna Urszula Sepioło #         usepiolo@gmail.com     #572 640 630
Irena Dynia Protetyka Dentystyczna ##608 667 985
Is-Med Niepubliczny Zakład Opieki Zdrowotnej Przychodnia ##(41) 386 14 05
Iwona Wadowiec - PHU #         iwona.wad@op.pl     #(41) 378 68 00
Izabela Choptiany Pracownia Protetyczna ##502 714 582
Jacek Cichoń Edk ##502 222 473
Jacek Dulny Pracownia Protetyki Stomatologicznej #         jacekdulny@gmail.com     #606 489 072
Jacek Morka Prywatne Usługi Medyczne #         jm32@interia.pl     #Oceń firmę i napisz o niej opinię:
Jarosław Jarząbek Pracownia Protetyczna #         jarjarz@neostrada.pl     #785 546 689
Jedynak Mirosław Pracownia Stomatologiczna #         jedynakmiro@interia.pl     #(41) 391 40 14
Jędrzejowskie Centrum Medyczne Sp. z o.o. #         zpoz@wp.pl     #(41) 242 80 69
Joanna Majecka-Cebula Pracownia Protetyczna ##512 375 450
Jolanta Krzyżanowska Usługi Medyczne #         jolakrzyzanowska@tlen.pl     #Oceń firmę i napisz o niej opinię:
Justyna Surmańska Iris Rehabilitacja Medyczna ##665 615 953
Ka-Dent Pracownia Protetyczna Aneta Kazik ##(41) 372 96 96
Karcz Jolanta FHU Protetyka i Autonaprawa ##509 398 137
Kar-Med Karol Gąszcz #         karol_gaszcz@yahoo.com     #Oceń firmę i napisz o niej opinię:
Katarzyna Bedla Ratownik Medyczny #         kas.bedla@gmail.com     #Oceń firmę i napisz o niej opinię:
Katarzyna Pisana Sklep Zielarsko-Medyczny Vitalmed #         katarzyna.pisana@wp.pl     #604 463 154
Kokos Rescue - Marcin Krzowski #         marcink762@gmail.com     #Oceń firmę i napisz o niej opinię:
Komisja Zakładowa Nszz Solidarność Świętokrzyskie Centrum Ratownictwa Medycznego i Transportu Sanitarnego ##(41) 344 65 03
Konmed Pracownia Analiz Medycznych Ewa Koniusz #         lab@diag.pl     #(41) 378 84 68
Kosmed Sp. z o.o. #         kosmed@kielce.com     #(41) 346 18 11
Kosmed Stanisław Ostrowski ##(41) 346 25 45
Kosmed-Las Zbigniew Kowal ##(41) 253 91 27
Kris-Med Skrzątek Krzysztof ##506 116 097
Lab4you Kamil Suchojad #         iinfo@lab4you.pl     #608 695 277
Labmed Laboratorium Medyczne ##(41) 386 10 07
Labor Dent Andrzej Szot #         andrju27@poczta.onet.pl     #691 022 650
Laboratorium Iwona Zaremba-Van Den Ende #         iendelab@gmail.com     #692 346 095
Laboratorium Mikrobiologiczne Monika Gajuk ##(41) 263 13 51
Laboratorium Techniki Dentystycznej Ortoma Wierzbowicz Maciej #         dycha_maciek@interia.pl     #Oceń firmę i napisz o niej opinię:
Laryngomed Sp. z o.o. NZOZ Świętokrzyskie Centrum Leczenia Zaburzeń Głosu, Słuchu i Mowy ##(41) 362 30 54
Laser Concept Michał Madej #         madej@laserconcept.pl     #789 093 379
Latawiec Mariola Prywatny Gabinet Lekarski ##(15) 832 19 85
Lawenda Sklep Zielarsko-Medyczny Marek Wójcik #         lawenda.sklep@op.pl     #Oceń firmę i napisz o niej opinię:
L-Dent Pracownia Protetyczna Paweł Lasota #         pawel-lasota7@wp.pl     #(41) 344 70 77
Lekarz S.C. Przychodnia ##(41) 247 07 28
Lepsze Jutro NZOZ Barbara Ogonek-Wyrwał #         barbaraogonek@op.pl     #(41) 382 53 32
Life+ Sp. z o.o. Salon Medyczny ##(41) 252 47 96
Life+ Sp. z o.o. Salon Medyczny ##(15) 864 13 24
Life+ Sp. z o.o. Salon Medyczny ##(41) 367 15 40
Life+ Sp. z o.o. Salon Medyczny #         busko@life-plus.pl     #(41) 378 34 17
Life+ Sp. z o.o. Salon Medyczny ##(41) 372 44 65
Life+ Sp. z o.o. Salon Medyczny ##(41) 344 15 81
Life+ Sp. z o.o. Salon Medyczny ##(15) 864 75 83
Madical Przychodnia Medycyny Pracy ##(15) 832 06 42
Maldent Pracownia Protetyki Stomatologicznej Karol Malowański #         ppsmaldent@gmail.com     #509 206 876
Małgorzata Zając Usługi Medyczne ##668 178 269
Marek Majka Ratownictwo Medyczne #         marcom1@poczta.fm     #Oceń firmę i napisz o niej opinię:
Mariusz Kurek Rehabilitacja Medyczna #         mariuszmed@o2.pl     #696 064 983
Mateusz Piotrowski Ratownictwo Medyczne #         mateusz.piotrowski.ratmed@gmail.com     #Oceń firmę i napisz o niej opinię:
Mateusz Witek Witmed #         witekmateusz13@gmail.com     #Oceń firmę i napisz o niej opinię:
Maxmed Sp. z o.o. #         biuro@maxmed.eu     #(41) 352 23 23
Max-Medical Medyczna Wójcik Katarzyna #         termed@onet.eu     #(41) 347 93 00
M-Dent Pracownia Protetyczna Monika Szadkowska #         pracownia.mdent@gmail.com     #604 622 313
Med - Tax Rozliczenia Medyczne Aneta Głodzińska ##503 608 458
Med Lab Sp. z o.o. ##660 429 999
Medacco Sp. z o.o. ##516 054 944
Medica M.Skrobek Ł. Jankiewicz Sp.j. #         sklepmedica@gmail.com     #(41) 252 10 26
Medica Niepubliczny Zakład Opieki Zdrowotnej ##509 915 960
Medica Przychodnia Rodzinna ##(41) 332 71 73
Medica S.C. Izabella Kądzielawa-Skrzeszewska Krzysztof Skrzeszewski #         nzoz@vp.pl     #(41) 377 90 11
Medical - Med Paweł Stępień #         biuro@medica-med.pl     #Oceń firmę i napisz o niej opinię:
Medical Emergency Team Maciej Rudzki ##798 682 378
Medical Laser w Kielcach NZOZ ##(41) 344 65 83
Medicus Niepubliczny Zakład Opieki Zdrowotnej ##(15) 860 12 25
Medicus Niepubliczny Zakład Opieki Zdrowotnej #         fizjoterapeutastok@gmail.com     #(41) 331 05 68
Medicus Niepubliczny Zakład Opieki Zdrowotnej Poradnia Osteoporozy ##(41) 331 05 68
Medicus Niepubliczny Zakład Opieki Zdrowotnej Przychodnia Dziecięca ##(41) 331 05 68
Medicus-X Niepubliczny Zakład Opieki Zdrowotnej #         medicus8a@wp.pl     #(41) 252 21 10
Meditrans Sp. z o.o. ##(41) 348 25 56
Mediwet S.C. ##694 719 474
Med-Mix Przedsiębiorstwo Handlowo-Usługowe Sławomir Niebudek ##(41) 344 85 83
Med-Star Sp. z o.o. Niepubliczny Zakład Opieki Zdrowotnej ##(41) 275 64 30
Med-Star Sp. z o.o. Niepubliczny Zakład Opieki Zdrowotnej Pracownie Diagnostyczne i Rehabilitacyjne ##(41) 274 75 80
Medycyna Szkolna Niepubliczny Zakład Opieki Zdrowotnej #         w.g.mazurkiewicz@wp.pl     #Oceń firmę i napisz o niej opinię:
Medyczna Szkoła Policealna Awans ##(41) 366 02 41
Medyczne Centrum Kształcenia Wiedza S.C. Alicja Nowak Tadeusz Wójcikowski #         mckwiedza@interia.pl     #601 808 787
Medyczne Centrum Specjalistyczne S.C. A. Egsymontt U. Osmala ##(41) 249 10 49
Medyk Lekarze Specjaliści ##(41) 262 02 00
Medyk Niepubliczny Zakład Opieki Zdrowotnej ##(15) 868 39 99
Medyk Ośrodek Zdrowia ##(15) 847 61 14
Medyk Przychodnia Specjalistyczna Dorota Roch #         roch.dorota@gmail.com     #602 815 433
Medyk S.C. NZOZ Majkowski Marek Majkowska Lucyna Machaj Dominik #         medyk.nzoz@gmail.com     #(15) 847 61 14
Medyk Sp. z o.o. Niepubliczny Zakład Opieki Zdrowotnej Przychodnia Świętokrzyska ##(41) 331 59 21
Melisa Apteka Ilona Bąkowska ##509 014 168
Metabolik ##(41) 362 66 94
Michał Pająk Trade #         kontakt@hipocrates.pl     #531 681 781
Mikro-Med NZOZ Korska Mirosława #         mikro_med_korska@poczta.onet.pl     #693 419 976
Miks Med Sp. z o.o. ##412 631 822
Miłosz Leszczyński Fizjomove Rehabilitacja Medyczna ##505 085 507
Mirosław Graur Perfect Optic ##882 099 952
MJFarm Polska Sp z o.o. #         apteka.kielce@gmail.com     #(41) 361 90 59
Mobil-Activ Grzesiak Wojciech ##504 380 041
Morawica Niepubliczny Zakład Opieki Zdrowotnej ##(41) 311 86 22
Morawica Niepubliczny Zakład Opieki Zdrowotnej ##(41) 311 45 91
Musiał-Tewińska Edyta Usługi Rehabilitacyjno-Medyczne #         e_tew@wp.pl     #600 983 973
Nasza Przychodnia Niepubliczny Zakład Opieki Zdrowotnej ##(41) 300 36 97
Natura Zakład Leczniczo-Rehabilitacyjny i Wydawnictwo Medyczne Jerzy Stodolny ##(41) 344 70 69
Natura Zakład Leczniczo-Rehabilitacyjny i Wydawnictwo Medyczne Jerzy Stodolny ##(41) 378 70 56
Niepubliczne Medyczne Studium Zawodowe #         medsan@poczta.onet.pl     #(15) 832 86 00
Niepubliczny Specjalistyczny Zakład Opieki Zdrowotnej Gomed-Ostrowiec Sp. z o.o. Sp. J. ##(41) 263 11 88
Niepubliczny Zakład Opieki Zdrowotne Wiejski Ośrodek Zdrowia ##(15) 835 51 13
Niepubliczny Zakład Opieki Zdrowotnej ##(41) 302 50 18
Niepubliczny Zakład Opieki Zdrowotnej ##(15) 866 17 60
Niepubliczny Zakład Opieki Zdrowotnej ##(15) 869 12 25
Niepubliczny Zakład Opieki Zdrowotnej ##(15) 865 93 21
Niepubliczny Zakład Opieki Zdrowotnej ##(41) 302 53 67
Niepubliczny Zakład Opieki Zdrowotnej ##(15) 831 14 24
Niepubliczny Zakład Opieki Zdrowotnej #         ozpacanow@op.pl     #(41) 376 54 29
Niepubliczny Zakład Opieki Zdrowotnej #         cyranb@wp.pl     #(15) 838 51 21
Niepubliczny Zakład Opieki Zdrowotnej Damed Dariusz Kucharczyk Joanna Kucharczyk Sp.j. ##660 767 636
Niepubliczny Zakład Opieki Zdrowotnej Euro-Med Sp. z o.o. #         euromed2a@wp.pl     #(41) 381 60 56
Niepubliczny Zakład Opieki Zdrowotnej Gabinet Medycyny Rodzinnej ##(15) 866 12 85
Niepubliczny Zakład Opieki Zdrowotnej Gabinet Medycyny Rodzinnej #         nzozgmr@post.pl     #(15) 866 15 03
Niepubliczny Zakład Opieki Zdrowotnej Ośrodek Zdrowia ##(15) 861 19 83
Niepubliczny Zakład Opieki Zdrowotnej Południowa Sp. z o.o. ##(41) 372 91 80
Norbert Nowak Sprzedaż i Serwis Sprzętu Medycznego #         norbinek2@tlen.pl     #791 111 876
Novomed Niepubliczny Zakład Opieki Zdrowotnej Poradnia Ogólna Dariusz Młodawski #         novomed1@op.pl     #(41) 242 89 74
Novomed Niepubliczny Zakład Opieki Zdrowotnej Przychodnia Dziecięca Dariusz Młodawski ##(41) 394 43 17
Novomed Sp.J. Niepubliczny Zakład Opieki Zdrowotnej #         novomed@onet.eu     #(41) 266 22 00
Nowe Życie Sp.j. NZOZ - i. Ogonek z. Ogonek ##(41) 382 53 32
NZOZ Bilcza ##(41) 311 77 04
NZOZ Laboratorium Analiz Lekarskich Cito-Lab Czwarno Janina #         cito-lab@tlen.pl     #(15) 832 72 08
NZOZ Nasze Zdrowie Jolanta Figiel Andrzej Hołody Sp.j. ##(15) 836 47 09
NZOZ Poradnia Zdrowia Psychicznego S.C. Lucyna Nowak Monika Ramos-Bort ##698 652 920
NZOZ Przychodnia Lekarska Multimed Sp. z o.o. ##(41) 380 80 24
NZOZ Rezonans ##(41) 230 22 44
NZOZ Stomatologia Małgorzata Satławska ##606 786 665
NZOZ Uro-Lek Niewczas Andrzej Ziarek Maciej ##604 407 438
NZOZ Vertimed Małgorzata Nowak ##(41) 247 98 55
Ortmedic Sp. z o.o. ##600 262 348
Ortomed I. Kuryga Sp.j. Sklep Ortopedyczny Sklep Medyczny #         ortomed1@o2.pl     #(41) 330 10 82
Ortomed Sklep Medyczny ##(41) 251 52 66
Ortomed Sp.j. Sklep Ortopedyczny Sklep Medyczny ##(41) 253 85 97
Orto-Medico Sklep Medyczno-Ortopedyczny ##(41) 345 19 64
Ortospeed Paweł Boncik ##501 809 112
Ostrowieckie Centrum Medyczne S.C. Anna Olech-Cudzik Krzysztof Cudzik Agnieszka Dragan Marta Czekaj ##(41) 263 37 76
Ośrodek Diagnostyki Medycznej Sp z o.o. ##(41) 368 73 03
Ośrodek Diagnostyki Medycznej Sp z o.o. Laboratorium #         joanna.wicha@diag.pl     #(41) 368 73 01
Ośrodek Zdrowia Niepubliczny Zakład Opieki Zdrowotnej #         nzoz.monika@op.pl     #(41) 254 81 12
Pacjent S.C. Niepubliczny Zakład Opieki Zdrowotnej Agnieszka Biel-Żak Tomasz Żak ##(15) 821 53 08
Pacjent S.C. Niepubliczny Zakład Opieki Zdrowotnej Agnieszka Biel-Żak Tomasz Żak ##(15) 861 20 23
Patron NZOZ ##(41) 345 66 08
Patron NZOZ ##(41) 344 50 28
Patron NZOZ Przychodnia MPK #         nzoz.patron@poczta.onet.pl     #Oceń firmę i napisz o niej opinię:
Paweł Sidor Pracownia Protetyczna Labdent #         labdent.kielce@gmail.com     #(41) 346 21 52
Paweł Stawski Medipass #         pawelstawski140386@gmail.com     #Oceń firmę i napisz o niej opinię:
Pierścińska Anna Indywidualna Specjalistyczna Praktyka Lekarska #         agabanska@wp.pl     #607 397 447
Pierścińska Anna Indywidualna Specjalistyczna Praktyka Lekarska ##607 397 447
Piotr Gierada Usługi Medyczne #         piotr.gierada@gmail.com     #Oceń firmę i napisz o niej opinię:
Plus - Med S.C. Paweł Bodzenta Roman Gołąbek #         plusmed.kielce@gmail.com     #(41) 344 44 88
Pofam-Poznań Sp. z o.o. Sklep Zaopatrzenia Medycznego ##(41) 345 82 58
Pofam-Poznań Sp. z o.o. Sklep Zaopatrzenia Medycznego ##(41) 247 80 55
Policealna Szkoła Medyczna im. H. Chrzanowskiej #         szkolamedyczna@o2.pl     #(41) 311 46 80
Policealna Szkoła Medyczna w Zespole Szkół Zawodowych nr 1 im. H. Dobrzańskiego Hubala #         zsz1stce@pro.onet.pl     #(41) 274 52 74
Polski Związek Głuchych Specjalistyczny Ośrodek Diagnozy i Rehabilitacji Dzieci i Młodzieży z Wadą Słuchu ##(41) 343 15 53
Polskie Stowarzyszenie na Rzecz Osób z Upośledzeniem Umysłowym Koło Ośrodek Rehabilitacyjno-Edukacyjno-Wychowawczy ##(15) 864 37 09
Powiatowe Centrum Usług Medycznych ##(41) 368 30 92
Powiatowy Zakład Opieki Zdrowotnej ##(41) 274 52 02
Pracowania Protetyki Dentystycznej Jerzy Czarnecki ##(41) 344 16 13
Pracownia Elektroncefalografii Elżbieta Nowak ##605 651 002
Pracownia Protetyczna Aleksandra Goska #         alex.goska@poczta.onet.pl     #697 148 866
Pracownia Protetyczna Joanna Salwa ##692 447 005
Pracownia Protetyczna Kamil Łęski #         kamil.leski@gmail.com     #Oceń firmę i napisz o niej opinię:
Pracownia Protetyczna Leszek Kiciński ##664 759 711
Pracownia Protetyczna Monika Tomalak ##513 051 478
Pracownia Protetyczna Naprawa Protez Zębowych Dubiel Barbara ##(41) 253 98 64
Pracownia Protetyczna Teresa Kędracka #         tkedracka@gmail.com     #698 308 396
Pracownia Protetyki Stomatologicznej - Krzysztof Muszyński ##506 744 545
Pracownia Protetyki Stomatologicznej Anna Bezak ##606 667 856
Pracownia Protetyki Stomatologicznej Artur Snoch ##(41) 361 36 28
Pracownia Protetyki Stomatologicznej- Cecylia Korzewska ##513 053 019
Praktyka Lekarska Ogólna Hetel Maria Ewa ##(15) 832 32 03
Prestom Group Ociepa Krzysztof Ociepa Przemysław S.C. #         biuro@prestom.pl     #600 677 219
Pro Civitas Medyczna Szkoła Policealna Centrum Edukacji w Kielcach ##793 466 399
Prodent Pracownia Protetyki Stomatologicznej Małgorzata Białas #         mago271@wp.pl     #Oceń firmę i napisz o niej opinię:
Profilabor Pracownia Protetyczna Wojciech Zbożeń ##(41) 362 23 50
Promed Endoskopia Brodowski Chałubiński Sp.p. Lekarzy ##530 069 440
Promed Ośrodek Leczniczo-Profilaktyczny ##(41) 265 20 40
Promed Ośrodek Leczniczo-Profilaktyczny #         promed.ostrowiec@op.pl     #(41) 249 29 99
Promed Sp. z o.o. Niepubliczny Zakład Opieki Zdrowotnej Przychodnia Białogon ##(41) 345 46 21
Promed Sp. z o.o. Niepubliczny Zakład Opieki Zdrowotnej Przychodnia Podkarczówka ##(41) 366 19 61
Promed Sp. z o.o. Niepubliczny Zakład Opieki Zdrowotnej Przychodnia Zapiecek ##(41) 368 81 17
Promyk Niepubliczny Zakład Opieki Zdrowotnej ##(41) 254 30 28
Proorto Pracownia Techniki Dentystycznej Zofia Włodarczyk #         proorto.kielce@gmail.com     #532 843 176
Protech Pracownia Protetyczna Jakub Grzegorczyk #         kuba.grze@gmail.com     #Oceń firmę i napisz o niej opinię:
Provobis Sp. z o.o. ##504 946 949
Prywatne Usługi Medyczne Zbigniew Guzera #         zetguzera@poczta.fm     #Oceń firmę i napisz o niej opinię:
Przychodnia dla Rodziny Galus S.C. Ewa i Robert Brumirscy #         robert_brumirski@o2.pl     #(41) 307 30 00
Przychodnia dla Rodziny Galus S.C. Ewa i Robert Brumirscy ##(41) 344 46 64
Przychodnia Herby ##(41) 345 76 48
Przychodnia Lecha ##(41) 345 03 40
Przychodnia Na Zielnej #         mariaagata.majewska@gmail.com     #(41) 251 36 62
Przychodnia Ślichowice #         partner@zoz-system.kielce.pl     #(41) 369 88 97
Przyjaciel Sp. z o.o. Przychodnia Specjalistyczna ##(41) 362 66 89
Puls-Med Niepubliczny Specjalistyczny Zakład Opieki Zdrowotnej Agnieszka Musielak Anna Bogusz #         psychomedica@op.pl     #600 426 825
Punkt Informacji Turystycznej ##(41) 381 45 70
Punkt sprzedaży suplementow diety Centrum medyczne ZDROWIE #         cmzdrowiekielcesuplementy@gmail.com     #(41) 201 01 01
Quattro-Med Michał Kutera #         kutera0684@interia.pl     #Oceń firmę i napisz o niej opinię:
Rafał Długosz Pracownia Protetyczna ##721 224 280
Rafmed Rafał Piotrowski #         rafmed.starachowice@gmail.com     #Oceń firmę i napisz o niej opinię:
Rat. Med. Iwona Gałązkiewicz #         mala0601@vp.pl     #Oceń firmę i napisz o niej opinię:
Rat-Med Łukasz Szydłowski #         rat-medlukas@o2.pl     #507 695 613
Ratownictwo Specjalistyczne Damian Łukomski #         d.lukomski@wp.pl     #795 107 329
Regionalne Centrum Krwiodawstwa i Krwiolecznictwa w Kielcach #         office@rckik-kielce.com.pl     #(41) 335 94 00
Re-Medic Sp. z o.o. Centrum Medycyny i Diagnostyki Obrazowej ##511 623 271
Renata Kozieł - Gabinet Protetyki Stomatologicznej ##413 782 410
Renoma Centrum Opiekuńczo-Medyczne #         renomamed@interia.pl     #(41) 343 39 90
Ret-Med Usługi Medyczne Renata Kwiatkowska #         renata606@wp.pl     #Oceń firmę i napisz o niej opinię:
Rodzina Niepubliczny Zakład Opieki Zdrowotnej ##(41) 372 98 60
Rodzina S.C. Niepubliczny Zakład Opieki Zdrowotnej ##(15) 832 44 73
Rodzina Sp. z o.o. Niepubliczny Zakład Opieki Zdrowotnej ##(41) 266 38 36
Rodzina Sp. z o.o. Niepubliczny Zakład Opieki Zdrowotnej #         hpacek@interia.pl     #(41) 265 36 29
Rodzina Sp. z o.o. Niepubliczny Zakład Opieki Zdrowotnej ##(41) 265 39 52
Rokitek Sp. z o.o. Centrum Medyczne ##(15) 847 71 73
Rokitek Sp. z o.o. Centrum Medyczne #         cm_rokitek@poczta.onet.pl     #(15) 833 12 12
Samodzielny Publiczny Zakład Opieki Zdrowotnej w Skarżysku Kościelnym ##(41) 271 44 00
Samodzielny Publiczny Zespół Zakładów Opieki Zdrowotnej ##(15) 864 85 39
Sańpruch Grzegorz - NZOZ Zakład Opiekuńczo-Leczniczy i Rehabilitacyjny; Przedsiębiorstwo Handlowo-Usługowe Plus S.C. Jerzy Samela Grzegorz Sańpruch #         zolbilcza@tlen.pl     #(41) 311 78 71
Sarna Joanna Usługi Sekretarsko-Medyczne Usługi Okołoporodowe #         asia_sarna@op.pl     #602 447 858
Sklep Medyczny Małgorzata Cichońska #         gosia.8op.pl@op.pl     #695 243 335
Sklep Medyczny Medico #         sklep.medico@gmail.com     #Oceń firmę i napisz o niej opinię:
Sklep Medyczny Zdromed Ernesta Adamczyk #         zdromed@zdromed.pl     #(41) 263 33 84
Sklep Zielarsko-Medyczny Zielmed24 #         zielmed24@onet.pl     #796 997 028
Soja Analityczne Laboratorium Medyczne Halina Soja ##(41) 378 29 16
Specjalistyczne Centrum Medyczne Lensmed Sp. z o.o. ##607 270 057
Specjalistyczny NZOZ Moto-Med Sp. z o.o. ##(41) 362 75 85
Speed Med Opieka Medyczna Wyłącznie w Miejscu Wezwania Konrad Leksa ##(41) 361 53 81
Społeczny Komitet Modernizacji Oddziału Intensywnej Opieki Medycznej Szpitala Powiatowego #         info@szpital.starachowice.pl     #(41) 274 53 81
Start Edukacja Policealna Szkoła Medyczna #         szkola@start-edukacja.pl     #506 669 889
Start Edukacja Policealna Szkoła Medyczna w Kielcach #         ckedukacja@gmail.com     #506 669 889
Staszowskie Centrum Medyczne Sp. z o.o. Niepubliczny Zakład Lecznictwa Ambulatoryjnego #         scm.staszow@post.pl     #(15) 866 71 33
Staszowskie Centrum Medyczne Sp. z o.o. Niepubliczny Zakład Lecznictwa Ambulatoryjnego ##(15) 864 48 23
Stomed S.C. NZOZ Urszula Strzelec-Rokicka i Maciej Rokicki ##(41) 381 22 84
Stomix NZOZ Indywidualna Praktyka Lekarska Prywatny Gabinet Stomatologiczny Grażyna Franasik ##(41) 368 28 02
Strzelecka Grupa Poszukiwawczo-Ratownicza ##501 184 889
Studium Medyczne TEB Edukacja #         wloclawek@edicon.com.pl     #(41) 343 22 75
Supramed Sp. z o.o. Niepubliczny Zakład Opieki Zdrowotnej Przychodnia dla Dorosłych ##(41) 331 57 86
Supramed Sp. z o.o. Niepubliczny Zakład Opieki Zdrowotnej Przychodnia Sady #         supramed@zoz-system.kielce.pl     #(41) 344 75 84
Sylwia Adamczyk Unident Lab #         sylwiasss89@gmail.com     #Oceń firmę i napisz o niej opinię:
Szczurek Stanisław Usługi Protetyczne ##606 708 906
Szkoła Medyczna TEB Edukacja #         kielce@teb.pl     #(41) 343 22 75
Szlif Zakład Optyczny Swat Magdalena ##506 271 115
Szpital MSW ##(41) 349 36 08
Szpital Powiatowy ##(41) 352 21 40
Szpital Powiatowy ##(41) 354 20 17
Szpital Powiatowy ##(41) 247 80 00
Szpital Powiatowy ##(41) 357 30 31
Szpital Powiatowy im. M. Skłodowskiej-Curie ##(41) 252 02 57
Szpital Rejonowy ##(41) 378 24 01
Szpital Specjalistyczny Ducha Świętego ##(15) 833 05 50
Szpital Specjalistyczny św. Łukasza Oddział Chirurgii Ogólnej ##(41) 390 22 78
Szpital Specjalistyczny św. Łukasza Oddział Rehabilitacji z Pododdziałem Rehabilitacji Neurologicznej ##(41) 390 22 24
Szpital Specjalistyczny św. Łukasza Świętokrzyskie Centrum Chirurgii Naczyniowej i Angiologii ##(41) 390 22 55
Szpital Specjalistyczny św. Łukasza Świętokrzyskie Centrum Reumatologii ##(41) 390 23 45
Świętokrzyskie Centrum Matki i Noworodka Szpital Specjalistyczny w Kielcach ##(41) 201 38 00
Świętokrzyskie Centrum Onkologii ##(41) 367 42 08
Świętokrzyskie Centrum Profilaktyki i Edukacji #         scpie@profilaktyka.com     #Oceń firmę i napisz o niej opinię:
Świętokrzyskie Centrum Psychiatrii w Morawicy ##(41) 364 13 99
Świętokrzyskie Centrum Ratownictwa Medycznego i Transportu Sanitarnego ##(41) 344 53 71
Świętokrzyskie Centrum Ratownictwa Medycznego i Transportu Sanitarnego w Kielcach Oddział ##(41) 253 18 17
Świętokrzyskie Centrum Ratownictwa Medycznego i Transportu Sanitarnego w Kielcach Oddział ##(41) 386 76 11
Świętokrzyskie Centrum Ratownictwa Medycznego i Transportu Sanitarnego w Kielcach Oddział ##(41) 274 54 44
Świętokrzyskie Centrum Ratownictwa Medycznego i Transportu Sanitarnego w Kielcach Oddział ##(41) 352 11 10
Świętokrzyskie Centrum Ratownictwa Medycznego i Transportu Sanitarnego w Kielcach Oddział ##(41) 372 46 97
Świętokrzyskie Centrum Ratownictwa Medycznego i Transportu Sanitarnego w Kielcach Oddział ##(41) 357 28 25
Świętokrzyskie Centrum Ratownictwa Medycznego i Transportu Sanitarnego w Kielcach Oddział ##(41) 378 26 57
Świętokrzyskie Centrum Ratownictwa Medycznego i Transportu Sanitarnego w Kielcach Oddział ##(41) 265 35 44
Świętokrzyskie Centrum Ratownictwa Medycznego i Transportu Sanitarnego w Kielcach Punkt Ratowniczy ##501 639 726
Świętokrzyskie Centrum Ratownictwa Medycznego i Transportu Sanitarnego w Kielcach Punkt Ratowniczy #         scrmits@post.pl     #Oceń firmę i napisz o niej opinię:
Świętokrzyskie Centrum Ratownictwa Medycznego i Transportu Sanitarnego w Kielcach Punkt Ratowniczy ##(41) 381 10 38
Świętokrzyskie Centrum Ratownictwa Medycznego i Transportu Sanitarnego w Kielcach Punkt Ratowniczy ##(41) 354 20 54
Świętokrzyskie Centrum Rehabilitacji #         worehab@neostrada.pl     #(41) 374 11 63
Technika Dentystyczna Technet Dariusz Paliborek #         technet@protezy.pl     #(41) 344 70 77
Terapeuta Centrum Medyczne Andrzej M&#039;Hango #         terapeuta@kielce.home.pl     #(41) 343 18 64
Terapeuta S.C. Centrum Rehabilit-Medyczne Andrzej M&#039;Hango Ewa M&#039;Hango ##(41) 343 18 64
Terenowy Oddział Ogólnopolskiego Związku Zawodowego Lekarzy przy Powiatowym Centrum Usług Medycznych ##(41) 366 93 79
Termed Hurtownia Medyczna Teresa Wójcik #         termed@onet.eu     #(41) 347 93 01
Termo-Med Sp. z o.o. ##(41) 378 75 99
Tomasz Najmrodzki ##697 823 726
Transmed NZOZ Marcin Stróżyk #         transmedkielce@tlen.pl     #(41) 345 87 84
Twojewidzimisię Paweł Wydrych ##796 000 777
Twojewidzimisię Wioletta Wydrych #         wioletta_wojarska@wp.pl     #796 000 777
Unimed Eg Sp. z o.o. ##(41) 331 35 78
Uromedic Sp. z o.o. ##605 051 828
Urszula Wydrzyńska NZOZ Prywatna Pracownia Analityczna Alfa ##(41) 254 30 28
Usługi Medyczne Lucyna Mazur ##601 277 480
Usługi Medyczne Michał Zarzycki ##691 097 888
Usługi Medyczne Sebastian Ochenduszka #         s.t.o@interia.pl     #(41) 352 23 23
Usługi Ratownictwa Medycznego Karol Olesiński #         olesinskikarol@gmail.com     #Oceń firmę i napisz o niej opinię:
Ventura Kamil Ogonowski #         kaogonowski@gmail.com     #Oceń firmę i napisz o niej opinię:
Visus II #         ewelinaszlezak.visus@wp.pl     #(41) 331 15 00
Visus II ##(41) 248 00 41
Vitamed Niepubliczny Zakład Opieki Zdrowotnej ##(41) 273 35 24
Vita-Med S.C. Ewa i Stanisław Grzyb ##(41) 381 61 33
Vitamed S.C. Niepubliczny Zakład Opieki Zdrowotnej Rusak Sikorska Wyjadłowski ##(41) 261 31 40
Wibro Laboratorium Pomiarów Akustycznych Zbigniew Zaborowski ##(41) 361 02 62
Wicked Robots Sp. z o.o. #         pablo.szewczuk@gmail.com     #Oceń firmę i napisz o niej opinię:
Wizja Management Sp. z o.o. w Likwidacji ##(41) 315 43 90
Wojewódzki Szpital Specjalistyczny im. św. Rafała w Czerwonej Górze ##(41) 346 55 45
Wojewódzki Szpital Zespolony ##(41) 367 13 01
Wojewódzki Szpital Zespolony Laboratorium Diagnostyczne ##(41) 367 12 57
Zabor Piotr Usługi Medyczne #         zabor.piotr@gmail.com     #518 270 323
Zakład Optyczny i Gabinet Optometrii Jamioł Ireneusz #         irekj.07@op.pl     #601 766 784
Zakład Pielęgnacyjno-Opiekuńczy w Kielcach ##(41) 367 67 36
Zakład Rehabilitacji #         sekretariat@zoz.busko.com.pl     #(41) 378 24 01
Zakłady Naprawcze Sprzętu Medycznego PPHU Krzysztof Cieślik ##606 679 732
Ząbek Pracownia Protetyki Stomatologicznej Marta Marczewska ##(15) 832 11 91
Zdrowe Dziecko Centrum Medyczne #         kontakt@dzieckozdrowe.pl     #731 210 000
Zdrowie Niepubliczny Zakład Opieki Zdrowotnej ##(15) 832 23 31
Zdrowie Niepubliczny Zakład Opieki Zdrowotnej ##(15) 836 47 09
Zdrowie Niepubliczny Zakład Opieki Zdrowotnej #         swierzjacek@hotmail.com     #(34) 354 20 20
Zdrowie Niepubliczny Zakład Opieki Zdrowotnej ##(41) 344 85 15
Zdrowie Niepubliczny Zakład Opieki Zdrowotnej #         zdrowiesan@poczta.onet.pl     #(15) 832 31 75
Zdrowie Niepubliczny Zakład Opieki Zdrowotnej #         zdrowie_kielce@pro.onet.pl     #(41) 344 85 15
Zdrowie Niepubliczny Zakład Opieki Zdrowotnej w Moskorzewie Ośrodek Zdrowia ##(34) 354 10 03
Zdrowie Niepubliczny Zakład Opieki Zdrowotnej w Moskorzewie Ośrodek Zdrowia #         swierz@neostrada.pl     #(34) 354 61 33
Zdrowie Niepubliczny Zakład Opieki Zdrowotnej w Moskorzewie Ośrodek Zdrowia ##(34) 354 10 17
Zdrowie NZOZ w Sandomierzu Joanna Niespodziewana ##(15) 832 31 75
Zdrowie Sp. z o.o. Centrum Medyczne ##(41) 344 96 34
Zdrowie Sp. z o.o. Niepubliczny Zakład Opieki Zdrowotnej ##(15) 868 46 34
ZdrójMED NZOZ #         office@mkw.com.pl     #(41) 378 82 22
Zespół Opieki Zdrowotnej Szpital Powiatowy im. Jana Pawła II ##(41) 388 37 40
Zespół Poradni Specjalistycznych Intercard #         biuro@intercard.net.pl     #(41) 370 10 94
Zespół Poradni Specjalistycznych Krasnal Sp. z o.o. ##(41) 266 60 11
Zespół Ratownictwa Drogowego Szybkie Ratownictwo Sportowe i Szkoła Doskonalenia Techniki Jazdy Jacek Hoffman #         srsratownik@gmail.com     #Oceń firmę i napisz o niej opinię:
Zeta MI Sp. z o.o. #         kontakt@sot.ostrowiec.pl     #(41) 263 39 36
Zielarnia pod Kasztanami Sklep Zielarsko-Medyczny Iwona Nowakowska ##(41) 274 95 17
Ziołolek Sklep Zielarsko-Medyczny Aneta Nawrot ##604 168 971
ZOZ Szpital Specjalistyczny św. Łukasza w Końskich ##(41) 390 23 98
Zuzon Tomasz Klimkiewicz ##(41) 306 24 41
Żak Policealna Szkoła Medyczna w Starachowicach #         starachowice@zak.edu.pl     #(41) 274 55 56
Żak Policealna Szkoła Opieki Medycznej w Ostrowcu Świętokrzyskim #         ostrowiecswietokrzyski@zak.edu.pl     #(41) 247 60 49
