Dor-Mar Szamba Betonowe, Zbiorniki na Deszczówkę #         szamba_betonowe@onet.pl     #664 013 670
Stol Haus sp. z o.o. Budowa domów szkieletowych. #         info@stolhaus.pl     #(68) 383 64 56
Dom z Drewna Emil Jereczyński #         justyna1321@wp.pl     #538 438 901
Kamieniarstwo Drzewiecki #         kamieniarstwodrzewiecki@interia.pl     #605 349 217
Mak-Pol Zakład Tkacki Zdzisław Makowski #         biuro@makpol-tkaniny.pl     #(68) 477 77 07
Strzelecka Spółdzielnia Producentów Mleka #         biuro@sspm.pl     #(95) 763 23 96
Sanipol Sp. z o.o. #         info@sanipol.pl     #(95) 742 70 00
Pol-Plany Magda Sielicka #         polplany@wp.pl     #510 397 774
Piotr Napieralski Hydraulika siłowa #         biuro@hs-napieralski.pl     #661 945 823
Posbet Spółka z Ograniczoną Odpowiedzialnością #         posbet@posbet.pl     #(68) 385 36 03
Adler-Glas Zakład Szklarski Balustrady i poręcze ze szkła Przemysław Wawruszczak #         kontakt@adler-glas.pl     #604 366 666
Antares Manekiny Beata Żołądkowska #         manekiny.zary@wp.pl     #502 073 459
Wokar Sp. z o.o. #         kartony@wokar.biz     #(68) 352 50 48
Staltrans s.c. Wyroby hutnicze - wyroby stalowe #         biuro@staltrans.eu     #(95) 752 99 05
Relpol S.A. Producent wysokiej jakości przekażników elektromagnetycznych Wysokiej jakości przekaźniki przemysłowe i interfejsowe #         relpol@relpol.com.pl     #(68) 479 08 01
Ciekra Wiesław Ciechacki #         ciekra@gmail.com     #669 497 711
Arset-Vac Serwis Układy automatyki przemysłowej #         serwis@arsetvac.pl     #600 234 418
Infotech Przemysłowe technologie informatyczne i systemy pomiarowe Marek Twardowski #         infotech@hoga.pl     #(68) 453 65 66
Bonus-Metal Michał Morawski #         Bonusmetal.morawski@gmail.com     #957 611 640
Iron Mann s.c. #         iron_mann_gubin@interia.pl     #601 141 912
Spawsystem s.c. Piotr Matkowski Przemysław Jakubiec #         spawsystem@spawsystem.com.pl     #730 388 888
Ferma Drobiu Andrzej Kałużny #         biuro@kaluzni.com.pl     #533 023 010
Jerzy Skrzypek Zakład Produkcyjno-Handlowo-Usługowy #         motocentrumbabimost@wp.pl     #(68) 351 33 00
Kamiński Siłowniki hydrauliczne Produkcja Naprawa #         kamjan@interia.pl     #(68) 374 83 21
Agreco Service Sp. z o.o. #         sekretariat@agrecoservice.pl     #507 092 545
Piotr Krajniak Przetwórstwo Spożywcze #         pkrajniak@pkrajniak.pl     #(95) 731 74 37
Tomstol Tamasz Kwieciński #         tomstol-81@wp.pl     #790 345 649
Mrdesign Robert Matlak Meble kuchenne na wymiar #         mrdesign.zg@gmail.com     #698 967 514
Zakład Drzewny Bartosz Kałużny #         kaluzny_tartak@vp.pl     #601 356 352
Mebleplanner Nataliia Akopova #         nataakopova75@gmail.com     #787 139 540
Flabek Sp. z o.o. #         flabek@flabek.com     #(68) 374 49 64
Abies Szkółka Drzew i Krzewów Ozdobnych Mirosław Czyrwony Radosław Czyrwony #         kontakt@czyrwony.com.pl     #(95) 751 37 37
Zakład Produkcyjno-Usługowy Międzyrzecz Polskie Rury Preizolowane Sp. Z O.O. #         zpu@zpum.pl     #(95) 742 33 00
Dan-Drut Zakład produkcyjno usługowy Danuta Falecka #         falek912@op.pl     #607 483 132
Pol-Pland Zakład produkcji plandek Kosmala W. #         polpland@op.pl     #505 913 857
Zakład Tapicerski Andrzej Sury #         tapicer@opoczta.pl     #509 918 750
Qattro Zakład wulkanizacyjny Anna Drzewiecka #         qattroslawek@wp.pl     #502 321 427
M-Interio Spółka Cywilna Mariusz Kowalaszek Sławomir Łuczak #         info@m-interio.pl     #881 435 538
Jar-Gum Jarosław Wrzeszcz #         jarecki009@o2.pl     #601 241 103
BB-Tech Producent Opakowań #         bb-tech@wp.pl     #509 341 871
Niger Bar Kawowy Zbigniew Głuszczuk #         barkawowyniger@gmail.com     #603 869 867
Judek Andrzej. Kamieniarstwo Budowlane I Nagrobkowe #         kamieniarstwojudekmiedzyrzecz@onet.pl     #(95) 741 18 92
Garderoba Katarzyna Kąkolewska Produkcja Czyściwa i Sprzedaż Odzieży Używanej #         garderoba1@interia.pl     #532 512 371
JS Integral Sp. z o.o. Przedsiębiorstwo Elektrometalowe #         biuro@jsintegral.pl     #(68) 327 52 39
PowerMax Mieczysław Żarski #         mieczyslaw.zarski@sterowniki9-60v.pl     #602 630 600
Eskudo Sp.j. Hurtownia Mięsa, Wędliny, Drobiu Danuta Zenon Dziki-Sereda #         eskudogorzow@op.pl     #(95) 723 85 00
Szkółka Drzew i Krzewów Wrzos Mgr Inż. Małgorzata i Paweł Karalus #         m.p.karalus@wp.pl     #502 653 505
Eko-Pol Producent Dekoracji Cukierniczej Marta Sielka #         eko.pol.maszewo@gmail.com     #600 217 259
Inox Project Robert Maksymienko #         kontakt@inoxproject.pl     #608 479 885
Zakład Produkcji Zanęt Wędkarskich Stil Michał Leśniowolski Robimy to, w czym jesteśmy najlepsi - Produkcja zanęt i przynęt wędkarskich #         biuro@stil.pl     #(95) 742 16 46
Bumet PPU Okna i Drzwi Aluminiowe Jerzy Hilburger #         biuro@bumet.com.pl     #(95) 725 00 30
Sowood Sp. z o.o. #         sowood@pro.onet.pl     #(95) 717 00 21
Swerima Sp. z o.o.Akwaria,Terraria Produkcja #         biuro@swerima.pl     #698 625 442
Kamień i Styl #         biuro@kamienistyl.com.pl     #609 608 933
ICEQB Sp. z o.o. #         biuro@iceqb.pl     #(68) 422 74 90
Jar Pol-Granit #         jar-pol-granit@o2.pl     #697 210 415
Tomasz Klewiński Zakład Usługowy #         tomasz-klewinski@wp.pl     #606 922 323
Almex Recykling Sp. z o.o. #         almex@almex-recykling.pl     #(95) 732 60 80
Drewform #         drewform@wp.pl     #(95) 752 33 33
Eko-Invest s.c. #         j.cierzniak.@hartwigtargi.pl     #733 333 319
Polmet Zakład mechaniczny Andrzej Pęcak #         andrzej.pecak@polmet.zagan.pl     #606 838 778
Węgier Glass Firma Wojciech Węgier #         info@wegierglass.com.pl     #(68) 374 35 59
FHU Katami Katarzyna Mizera #         info@katami-containers.eu     #697 616 904
Rg Zaune Rafał Gintowt #         info@rg-zaeune.de     #690 032 660
Mediatim s.c. Małgorzata Wojtaś, Magdalena Rzetelna #         info@mediatim.pl     #(95) 736 22 11
Firma Euro-Tex odzież używana Elżbieta Pioterek #         euro-tex@tlen.pl     #(68) 376 24 51
Apas FHU Zbigniew Sapa #         apas@op.pl     #601 529 693
MHS Serwis hydraulika siłowa Mikulski #         mhs@mhs.com.pl     #(68) 382 84 61
Never Ppuh #         never@never.net.pl     #(68) 325 71 75
Greg - Meble Grzegorz Fabich #         gregomeble@wp.pl     #693 731 979
Nowbud Nadzory i Projektowanie Tomasz Pryputniewicz #         tomasz.pryputniewicz@gmail.com     #532 077 736
Catalyst Recycling Sp. z o.o. #         catalyst-recycling@protonmail.com     #607 778 565
Gotech Sp. z o.o. #         info@gotech.pl     #(95) 732 00 55
Zakład Ślusarski Mirosław Bodnar #         mbkompresor@wp.pl     #691 703 397
Redklim Montaż i Serwis Klimatyzacji Marcin Koszela #         marcinkoszela@gmail.com     #729 693 466
Sterex Natalia i Ryszard Stepaniuk #         sterex@wp.pl     #504 239 925
Pama Producent Rolet Materiałowych Paweł Kochański #         pawel42e@gmail.com     #607 287 457
Adk Dominik Antkowiak #         info@adk-system.com     #607 308 466
Del-Mebel Pracownia Meblarstwa #         del-mebel@wp.pl     #887 744 396
ABC Czarnecka, Skup Złomu i Skład Opału #         anettczarnecka@gmail.com     #661 918 870
Raven Sp. z o.o. #         raven@raven.net.pl     #(95) 752 41 17
Doradca Podatkowy Mariusz Gendera #         biuro@gendera.pl     #(68) 328 09 45
Perfekt Plus Teresa Czerwińska #         teresa.perfekt.plus@gmail.com     #502 281 610
Argus Spółka z Ograniczoną Odpowiedzialnością w Zielonej Górze #         argus@argus.pl     #602 312 416
Famix Krzysztof Jankowski #         biuro@famix.org     #603 111 570
PRO-TECH Binkowski Sp. z o.o. #         protech@firmaprotech.pl     #(65) 540 18 10
Betoniarnia Krusz-bet Sława Agnieszka Jęśkowiak #         biuro@jeskowiak.pl     #608 529 596
Welmar ZPHU Adam Waldemar #         welmar@op.pl     #603 754 689
Prima Sp. z o.o. Przedsiębiorstwo Handlowo-Usługowe #         biuro@tkaniny-prima.pl     #(95) 735 11 35
Deux Tomasz Dysiewicz #         biuro@ogrodzenia24.com     #664 205 940
Meble Dekor Producent Mebli Na Wymiar Patryk Dąbrowski #         patryk-dabrowski15@wp.pl     #883 426 600
Shop.Wrrc Marta Kobylańska - odzież sportowa, sprzęt sportowy, sprzedaż internetowa #         info@wrrc.shop     #508 141 127
Warta-Bau Holding Sp. z o.o. #         zbigniew.karczmarz@wartabau.com     #664 244 585
Furniture Meble na Wymiar #         biuro@furniture-gubin.pl     #512 086 177
Galvsystem Dariusz Hładki #         biuro@galvsystem.pl     #664 096 268
Przedsiębiorstwo Zaopatrzenia Producentów Mebli Betty Profesjonalna Hurtownia Akcesoriów Meblowych #         betty@betty.pl     #(68) 325 46 37
Studio Perfect Body Anna Śmigiel #         2710as@gmail.com     #780 181 118
TARTAK Mbud Marek Łebek #         marek.lebek@op.pl     #662 563 148
Rotovia Miedzyrzecz Sp. z o.o. #         miedzyrzecz.office@rotovia.com     #(95) 742 94 15
Tartak Łagówek PPHU Mirosław Zdanowicz #         tartaklagowek@wp.pl     #665 531 360
Colmet Przemysław Potrawiak #         biuro@colmet24.com     #(68) 478 25 77
Przedsiębiorstwo Wdrożeniowe Inmel Sp. z o.o. #         inmel@inmel.com.pl     #699 993 843
Firma Badacz Zaopatrzenie Szkół, Przedszkoli, Biur Krzysztof Badacz #         biuro@badacz.pl     #(95) 720 32 97
P.P.U. Elektron s.c. Bogdan Szymański Jerzy Ostrowski Andrzej Wilczyński #         elektron@zgora.com.pl     #(68) 326 78 10
Anado- Oklejanie Reklamowe Aut Piotr Kaluga #         anado24@op.pl     #502 129 252
Alcor Komputery #         alcor@pnet.pl     #602 318 478
Emaliernia Paweł Mackiewicz Marcin Dedko #         emaliernia.zgora@gmail.com     #501 578 501
Zakład Wielobranżowy Wimat Wiesław Matysik #         bramywimat@gmail.com     #609 192 766
Air Products Sp. z o.o. #         mondzem@airproducts.com     #683 299 760
Galstyan ArturArmen Produkcja Wyrobów Tartacznych #         galstyan@wp.pl     #509 872 872
Fundacja Angel Home #         angelhome45@gmail.com     #500 789 550
Alpha Aluminium Kinga Kowalewska #         kontakt@alphaaluminium.pl     #509 758 887
Kowal-Art Krzysztof Nowosad #         kowal-art.83@wp.pl     #724 135 988
Lubmet Piotr Święs #         piotr.swies@op.pl     #605 356 833
Park Dinozaurów #         biuro@park-dinozaurow.pl     #(95) 781 41 08
Valentin sp. z o.o. Akcesoria meblowe, płyty meblowe, drzwi #         sprzedaz@valentin.com.pl     #(95) 742 70 00
C-Styl Paweł Cierpik #         info@cstyl.eu     #790 800 878
Treza Mariusz Dobrzański #         zaune.treza@gmail.com     #(95) 751 55 40
Riva Sp. z o.o. #         riva@riva.pl     #504 231 502
Norelem sp.z o.o. #         info@norelem.pl     #572 895 704
1.Mieczysław Starek Przedsiębiorstwo Produkcujno Handlowo-Usługowe Starek2.Phu Furman S.C. M.Starek R.Kita #         starek.mieczyslaw@gmail.com     #Oceń firmę i napisz o niej opinię:
2kaminski Maksymilian Kamiński #         maxymiliankaminski@gmail.com     #Oceń firmę i napisz o niej opinię:
4S Sp. z o.o. ##724 590 500
A Cam Studio Sp. z o.o. ##575 737 570
Ada Doner Sp. z o.o. #         adadoner@wp.pl     #Oceń firmę i napisz o niej opinię:
##test
Adamy.Zaun Adam Jaros #         adamy.zaun@gmail.com     #665 433 557
Adrianna Przedsiębiorstwo Wielobranżowe Jerzy Deptuła ##605 054 018
Advanced Graphene Products Sp. z o.o. #         office@agp-corp.com     #504 112 980
Aero Solutions Sp. z o.o. ##609 546 943
Agos Group Marek Zientecki ##(95) 741 16 27
Agrafki Kinga Graczyk #         agrafki.graczyk@wp.pl     #Oceń firmę i napisz o niej opinię:
Agro-Grabik Sp. z o.o. ##666 393 766
Agrojar Sp. z o.o. Przedsiębiorstwo Rolne #         agrojar@pro.onet.pl     #(95) 763 11 15
Agrokultura 2 Sp. z o.o. ##(95) 757 60 46
Agrokultura Sienno Sp. z o.o. #         agrokulturasienno@wp.pl     #(95) 757 60 46
Agrostart Sp. z o.o. ##790 757 717
Ak-Metal Arkadiusz Konopa #         info@ak-metallzaune.de     #513 897 363
AKNI POLSKA Arkadiusz Ostojski #         hurt@mugga.pl     #570 555 950
Alanex Krzysztof Rączkowski ##601 560 029
Aldekor Aldona Słupińska ##697 069 472
Alicja Garczyńska #         tgarczyna@wp.pl     #734 135 328
Alkatraz Przedsiębiorstwo Produkcyjno-Usługowo-Handlowe Michał Matecki ##603 525 356
All - Carter Crafts Sp. z o.o. ##(68) 385 22 58
Allpack Polska Sp. z o.o. ##(68) 385 42 22
Allspaw Paweł Sinkowski ##724 440 284
Almar Sp.j. ##602 795 120
Al-Nat PHU Tomasz Kusz #         tomasz.kusz@o2.pl     #Oceń firmę i napisz o niej opinię:
Alpol Express ##(32) 750 30 70
Alsa Przedsiębiorstwo Wielobranżowe Alicja Swaryczewska-Serafin ##(95) 763 41 68
Alterboxdamian Wawrzeńczyk #         biuro@alterbox.pl     #663 243 424
Aluart Katarzyna Wysoczańska #         lomzarenata@gmail.com     #Oceń firmę i napisz o niej opinię:
Alumika Sp. z o.o. #         mskostrzyn@op.pl     #601 882 402
Amigo Produkcja Chemii Gospodarczej Jan Walkowiak Urszula Gorzelańczyk ##607 236 587
Amigo S.C. PPH ##693 167 722
Aneri-Studio Irena Billewicz-Wysocka #         irenabillewicz@o2.pl     #Oceń firmę i napisz o niej opinię:
Anko Zakład Wdrożeniowo-Produkcyjny Andrzej Kołodyński #         anko.swiebodzin@gmail.com     #(68) 382 59 84
Ankora Sp. z o.o. ##(68) 385 35 31
Anna Samoraj PHU A - Mts #         ania260180@interia.pl     #665 304 777
Anrochem Anna Małgorzata Dunajska #         adunaj@op.pl     #Oceń firmę i napisz o niej opinię:
Antom Zakład Krawiecki Krystyna Maćkowiak ##(68) 376 38 82
Antoni Staruszkiewicz Zakład Elektroniczny ##601 854 822
Apweld Apanasewicz Bartosz #         office@apweld.com     #728 325 761
Arcobaleno Sp. z o.o. Producent Obuwia Inblu ##(68) 321 91 01
Arczi Artur Mierzwiak #         info@arczi.pl     #609 847 502
Ares - Krzysztof Ciesielski ##531 826 100
Arkadiusz Czerniecki - Metall Zaune #         magdalenka_86@wp.pl     #609 055 069
Arpi Sp.j. Arkadiusz Wasilenko Piotr Dratwiński ##(95) 726 39 57
Arpol Sp. z o.o. Przedsiębiorstwo Handlowo-Usługowe #         arpol@arpol.net.pl     #(68) 457 57 00
Art-Dekor Sławomir Kaszuba ul. Wyszyńskiego 8/44 65-536 Zielona Góra #         artdekorzgora@interia.pl     #606 764 055
Art-Floor PHU Artur Śniecikowski ##(68) 451 83 42
Art-Floor PHU Artur Śniecikowski #         biuro@art-floor.com.pl     #792 095 266
Art-Floor PHU Artur Śniecikowski #         artur1650@wp.pl     #792 095 266
Art-Metal Krystyna Skórska ##(95) 752 23 06
Arton Artur Cierniak #         artonprojekt@gmail.com     #606 735 598
Artur Filipiak Zakład Usługowy ##697 101 316
A.S. Aktuell Ag S.A. Oddział w Polsce #         oddzial2@as-aktuell.pl     #Oceń firmę i napisz o niej opinię:
Astarte Sp. z o.o. ##(95) 763 52 60
Astrantia Sp. z o.o. ##503 927 112
ATELJE Ilona Ślemp ##505 743 430
Attar Sp. z o.o. ##(95) 763 52 60
Attplanet Tomasz Tatarewicz #         kontakt.attplanet@gmail.com     #Oceń firmę i napisz o niej opinię:
Auto Zachar Dariusz Zacharczuk ##721 927 482
Auto-Gum Józef Borek ##(95) 731 42 08
Awia 2 PPHU Aleksander Wójcik ##509 240 676
Axxor Industry Poland  Sp. z o.o. #         dariusz.chadyniak@axxior.eu     #(68) 347 82 10
B2B Zdrowie #         kontakt@vitilife.com     #Oceń firmę i napisz o niej opinię:
Bagum II Przedsiębiorstwo Handlowo-Usługowo-Produkcyjne Mirosław Słabosz #         bagum2@wp.pl     #(68) 376 24 57
Balcerzak i Spółka Sp. z o.o. ##(68) 356 61 21
Balcerzak i Spółka Sp. z o.o. ##(68) 356 66 82
Bama-Polska Sp. z o.o. ##(95) 721 91 00
Bartex Sp. z o.o. #         bartex@bartex.zagan.pl     #Oceń firmę i napisz o niej opinię:
Bartpol Zdzisław Polak #         zdzislawpolak@gmail.com     #605 748 591
Basfilm Krzysztof Basaj #         biuro@basfilm.pl     #661 300 055
Beata Rogala #         rogalabm@tlen.pl     #Oceń firmę i napisz o niej opinię:
Beatris Beata Bagińska - Studio Krawieckie #         profesjonalneszycie@o2.pl     #721 296 870
Bebu Poland Sp. z o.o. #         bebua@bebua.pl     #Oceń firmę i napisz o niej opinię:
Becia i Artur Artur Ślusarski #         anakin69@op.pl     #Oceń firmę i napisz o niej opinię:
Bee Polska Sp. z o.o. #         info@beepolska.com     #(95) 733 74 70
Bejma Leon Przedsiębiorstwo Produkcyjno-Handlowo-Usługowe #         pphuleonbejma@wp.pl     #(68) 341 02 50
BEKERFARB Sp. z o.o. Sp.k. ##505 419 084
Berutex Sp. z o.o. #         info@berutex.com     #Oceń firmę i napisz o niej opinię:
B.H.U. Leokadia Gabryniewska ##694 463 900
Biesiada Marcin Ubojnia i Handel Inwentarzem ##(95) 743 60 24
Bik Przedsiębiorstwo Produkcyjno-Handlowe Izabela Jędrzejczak ##(95) 752 37 77
Bilpol Robert Biliński ##607 885 254
BIO WARZYWA GOSPODARSTWO ROLNE Anna Woźniak ##(68) 321 10 92
Biofaktor Sp. z o.o. Zakład Produkcji Leków ##(95) 732 53 59
B.K. Sp. z o.o. Wytwórnia Maszyn Technologicznych ##(68) 451 11 00
Blanco Sp. z o.o. Przedsiębiorstwo Produkcyjno-Usługowe ##(68) 388 40 41
Błażejewski Jan Przetwórnia Drobiowa ##602 526 614
Bmc Media Consulting Tomasz Burchardt #         tomasz.burchardt@onet.pl     #697 555 658
Bogdan Napieraj Bogren ##(68) 363 48 68
Bogger Bogusław Gera #         bogger22@wp.pl     #512 196 426
Bogusław Estrich ##508 220 729
Bomadek Sp. z o.o. ##(68) 351 41 29
Bonnycoffe S.C. Michał Janiec Katarzyna Heyduk #         b.narozny@hs24.pl     #Oceń firmę i napisz o niej opinię:
Borel Produkcja  Jacek Bordych #         info@borel.com.pl     #693 293 599
Borpol 2 Tomasz Olszewski #         borpol2@wp.pl     #(68) 372 09 76
Bow Max sp. z o.o. #         dorota@bow-max.pl     #(68) 454 45 85
Boxvideos Denis Czarzasty #         boxvideospl@gmail.com     #793 308 133
Brandenburg ##(95) 752 56 41
Brąś Bogusław Pieczarkarnia #         pieczarkarstwobras@op.pl     #603 175 222
Brinkhaus Polska Sp. z o.o. ##(95) 733 74 10
Browar Witnica S.A. ##(95) 751 51 14
Brugg Cables Sp. z o.o. #         dariusz.moroch@brugg.com     #694 458 612
Brychcy Jarosław Ubojnia Drobiu ##(68) 352 54 37
Brychcy Sp. z o.o. ##(68) 321 10 92
Bsd Sp. z o.o. #         biuro@bsd.sklep.pl     #532 772 857
Calesa Sp. z o.o. ##(68) 452 12 83
Caramella Tomasz Sędzicki #         biuro@caramella.net.pl     #667 258 501
Cargo Craft Sp. z o.o. ##601 748 628
CD Partner Sp. z o.o. ##(68) 451 31 50
Cekinek Studio Haftu Komputerowego Marlena Wiśniewska #         haftycekinek@gmail.com     #Oceń firmę i napisz o niej opinię:
Celin Firma Produkcyjna Eksport-Import #         hp.celin@wp.pl     #602 739 787
Centrum Kamienia Bogusława Wójcik Spółka Cywilna #         biuro@ckstone.pl     #Oceń firmę i napisz o niej opinię:
Centrum Ogrodzeń Metalowych S.C. Elżbieta Jaruszewska Andrzej i Krzysztof Rubaszewscy #         zaun@zaun.com.pl     #602 698 934
Chimtex Agnieszka Kachel #         biuro@chimtex.com.pl     #Oceń firmę i napisz o niej opinię:
Chłopecki Grzegorz Zakład Liternictwa Nagrobkowego ##696 383 689
Chromatique Produkcja Filmowa Julian Pęksa #         info@chromatique.pl     #(61) 866 70 23
Cis S.C. Przedsiębiorstwo Produkcyjno-Handlowe ##(68) 320 15 44
City Kebab Sp. z o.o. ##579 250 654
Classic &amp; Exotic Cars Sp. z o.o. #         zdzisia@cecars.pl     #Oceń firmę i napisz o niej opinię:
Classic PPH Dorota Szwabowicz ##(68) 470 71 68
Condor Tools Sp. z o.o. ##(68) 323 86 00
Conisitics Sp. z o.o. ##(95) 759 58 41
CONSTANT Sp. z o.o. #         izapinia@tlen.pl     #Oceń firmę i napisz o niej opinię:
Cover&#039;s Jeans Stanisław Stępień #         cover@onet.eu     #(68) 388 91 15
Covers Stanisław Stępień ##(68) 388 91 15
Creativem Monika Neryng #         moto_monia@wp.pl     #Oceń firmę i napisz o niej opinię:
Cukiernia Piekarnia Wisienka Adam Bałuk #         adam.baluk10@interia.pl     #725 176 232
Czas Zegarki Mieczysław Podgórski #         podczas@pro.onet.pl     #Oceń firmę i napisz o niej opinię:
Czemko Arkadiusz Zakład Kamieniarsko-Nagrobkowy ##(68) 453 66 98
Czemko Mariusz Kamieniarstwo Nagrobkowe ##(68) 372 90 50
Czernicki i Syn Zakład Masarniczy Jarosław Czernicki ##(68) 360 48 17
Dakar Gorczyca Radomir #         auto-guma@o2.pl     #602 191 476
Dango S.C. ##(95) 732 65 29
Dariusz Rojek Media Film Group #         kejor.darek@wp.pl     #Oceń firmę i napisz o niej opinię:
Dariusz S.C. Hurtownia Artykułów Dziecięcych ##(68) 321 36 39
Dawid Zakład Produkcji Obuwia ##(68) 387 96 46
Decmet Zakład Produkcji Metalowej ##(68) 456 68 90
Dekor Pol Jacek Małgorzata Gajdzińscy ##(68) 453 16 01
De-Zet S.C. Firma Handlowa ##(95) 762 08 05
Dg Nice Sp. z o.o. ##602 101 031
Diaczuk Produkcja Handel Usługi Arkadiusz Diaczuk ##601 913 775
Dimax-Pools Sp. z o.o. ##794 080 288
Dm Sp. z o.o. #         mpolewski@o2.pl     #Oceń firmę i napisz o niej opinię:
Dobosz Produkcja Usługi Handel Wojciech Bęben #         bebenwojciech@gmail.com     #607 336 221
Doko Food Logistic Sp. z o.o. ##786 939 797
Domina-Rol Sp. z o.o. #         dominarol@wp.pl     #(68) 356 62 62
Domowe Wypieki Arlety Arleta Pilc #         arleta.pilc@tlen.pl     #504 343 990
Dorma PPUH Dorota Siemaszko #         dorma-zgora@o2.pl     #721 523 715
Dorota Jarowicz - Firma Odzieżowa Doris ##(68) 346 69 54
DR Schutz Floor #         ela@persa.pl     #(68) 324 03 12
DreamPen Produkcja Długopisów Dariusz Libera ##(68) 477 22 30
Dreampen Sp. z o.o. ##(68) 477 22 30
Drew-Bud Zakład Produkcji Drzewnej Ewa Salwowska ##609 848 956
Drewi.Com Ksymena Żylewicz Produkcja Drewna Kominkowego #         robson177@interia.eu     #503 916 584
Drewikon P.H.U. Pośrednictwo Handlowe #         drewikon@wp.pl     #(68) 475 12 32
Drewleks S.C. Przed.Produkcji Drzewnej L.Leks i.Leks w.Leks ##(68) 320 23 29
Dv-Industrieservice Dominik Venzke ##537 847 373
Eco-Sail Sp. z o.o. #         eco.sail2018@gmail.com     #794 056 657
Edi Browar Wilk Edward ##(65) 540 44 08
Ediva Poland Sp. z o.o. w Organizacji ##(68) 455 70 81
Edyta Florkowskahand Made Food #         florkowskaedyta@o2.pl     #Oceń firmę i napisz o niej opinię:
Effer Sp. z o.o. ##(95) 783 24 50
EGROCENTER Artur Żytka #         egrocenter@gmail.com     #609 748 385
Ekoenergetyka - Polska Sp. z o.o. ##502 276 279
Ekofarm Maciej Rosner ##(68) 360 11 23
Ekopal Sp. z o.o. Zakład Przetwórstwa Odpadów Drewnopochodnych i Produkcji Granulatu Drzewnego ##(95) 733 81 00
Eko-Pol Producent Rękodzieła Spożywczego Marta Sielka #         sielka1@o2.pl     #(68) 383 49 45
Ekpols Sp. z o.o. #         sekretariat@ekpols.pl     #Oceń firmę i napisz o niej opinię:
Elalka Pracownia Rękodzieła Agnieszka Czapla #         krolowamargo@wp.pl     #Oceń firmę i napisz o niej opinię:
Elektrosystem PUH Ireneusz Uścio #         handel@elektrosystem-ns.pl     #602 467 458
Elektrosystem Roman Kubiak ##(68) 451 89 85
Elmitech Konrad Wróblewski #         biuro@elmitech.pl     #(68) 444 33 46
Elmitech S.C. #         kw@elmitech.pl     #Oceń firmę i napisz o niej opinię:
Elpaw Paweł Żółkiewski #         p.zolkiewski@wp.pl     #Oceń firmę i napisz o niej opinię:
El-Tom Tomasz Czarniecki #         eltomtc@gmail.com     #Oceń firmę i napisz o niej opinię:
Enervar Produkcja Artykułów Metalowych Artur Polegaj ##604 554 551
Enhaft Edyta Nowodworska #         enhaft@enhaft.pl     #535 778 000
Enka Sp. z o.o. ##(95) 736 51 03
Eskob Bis Przedsiębiorstwo Produkcyjno-Handlowo-Usługowe Stanisław Bik #         eskobbis@wp.pl     #(68) 325 53 43
Eura Doner Polska Sp. z o.o. ##602 367 124
Eura Doner-Produkty Mięsne Sp. z o.o. ##660 950 061
Euro Medica #         prokurenteuromedica@gmail.com     #517 461 984
Euro Professional Floristik Mateusz Buraczewski #         mburaczewski@floristik.pl     #602 237 971
EURO-GUM Hurtownia Opon Używanych Tomasz Stachurski #         oponyhurt24@o2.pl     #661 431 279
Euro-Gum Zakład Usługowo-Handlowy Zenon Osiewicz ##(68) 452 25 05
Euro-Gum Zakład Usługowo-Handlowy Zenon Osiewicz #         zgora@wp.pl     #(68) 452 25 05
Euro-Pol Sp. z o.o. ##698 599 531
EVE &amp; Girls Ewelina Stankiewicz #         eveandgirls.com@gmail.com     #533 636 600
Exowood Kamil Olechowski #         biuro@exowood.pl     #722 007 801
Faba S.A. Hurtownia Narzędzi #         h2@faba.pl     #(68) 325 75 30
Fabryka Pierogów M.M.Nikolin Magdalena Fabian #         social@pierogigorzow.pl     #607 468 685
Fabryka Pomysłów Tmx Studio Tomasz Jocz #         tomix_ok@wp.pl     #602 384 432
Fabryka Ślubna Aldona Wakalska #         aw.yaris@interia.pl     #Oceń firmę i napisz o niej opinię:
Falco Damian Sokołowski #         kontakt@spiekifalco.pl     #607 725 499
Fashion By Milady Milena Husak #         fashionbymilady@poczta.fm     #513 543 218
Faurecia Gorzów S.A. #         anna.borus@faurecia.com     #(95) 721 93 04
Feder Marcin Deruba ##504 125 013
FHU Bartłomiej Hajzler #         bartlomiejhajzler@tlen.pl     #782 051 713
FHU Dariusz Wasilewski ##603 137 027
FHUP Grab-Pol Justyna Grabas ##669 172 416
Filter - Müller Sp. z o.o. #         biuro@filter-mueller.pl     #533 360 681
Firany Niepospolite F.H.-U. Marta Sidorowicz ##510 929 116
Firma Handlowo Usługowa JVO - Wioletta Kamińska #         jvo@bosch-service.pl     #(95) 761 20 35
Flabek Sp. z o.o. Zakład Produkcji Drzewnej #         flabek@flabek.com     #(68) 374 49 64
Floorinstal Szałata Jacek ##505 086 084
Floriańczyk Film Studio S.C. Katarzyna Floriańczyk Michał Floriańczyk ##508 349 282
Fredopony - Alfred Muła ##887 166 313
FULL FOREST Sp. z o.o. #         biuro.fullforest@gmail.com     #575 101 744
FUX System Sp. z o.o. ##(95) 723 11 70
Gabrielle Mariusz Gabriel ##(68) 321 22 33
Garderoba Katarzyna Kąkolewska Produkcja Czyściwa i Sprzedaż Odzieży Używanej ##532 512 371
Gedia Poland Sp. z o.o. ##(68) 356 01 00
Gemo Sp. z o.o. #         gemo@gemo.de     #(68) 391 11 48
Georg Sławomir Witucki ##500 107 183
Glassline Remigiusz Zygalski Da Cucina Remigiusz Zygalski S.C. #         remigiusz.zygalski@gmail.com     #502 511 776
Golden Duck Sp. z o.o. #         vector-vector@wp.pl     #505 028 378
Goraj Waldemar Maciejewicz #         waldemar.maciejewicz@gmail.com     #697 956 782
Gorex Sp. z o.o. Gorzowskie Towarzystwo Handlu Zagranicznego ##(95) 722 86 06
Gormetal Sp. z o.o. #         nat_gormetal@o2.pl     #(95) 733 23 49
Gorzelnia Rolnicza Barbara i Klaudiusz Kaminiarz Barbara Kaminiarz ##505 284 734
Gospodarstwo Agroturystyczne Edward Szczepaniak #         sobotaewa@o2.pl     #604 576 480
Gospodarstwo Ogrodnicze Adam Mordel - Rośliny Ozdobne #         adammordel@gmail.com     #603 717 759
Gospodarstwo Ogrodnicze Mieczysław i Małgorzata Maścibroda ##(68) 356 26 01
Gospodarstwo Ogrodniczo-Rolne Paweł Legan ##(95) 723 93 35
Gospodarstwo Rolno-Ogrodnicze Piotr Kołodziej ##(95) 741 33 55
Gospodarstwo Szkółkarskie mgr inż. Katarzyna Czulak-Rębacz #         szkolka@czulak.pl     #(95) 762 08 22
Górka &amp; Kulka Pl #         gorka.kulka@gmail.com     #698 630 298
G&#039;Power Sp. z o.o. ##883 442 244
Grafit P.P.H.U. #         grafit68@o2.pl     #(68) 355 27 48
Granit Studio Magdalena Sampolska #         m.sampolski@onet.pl     #Oceń firmę i napisz o niej opinię:
Grawo-Stone Firma Kamieniarska Wojciech Grabowski #         grawo_stone@op.pl     #(95) 755 48 76
Grawo-Stone Firma Kamieniarska Wojciech Grabowski ##(95) 755 48 76
Grażyna Śliwińska Usługi-Produkcja-Handel #         grazyna@fizyk.net.pl     #Oceń firmę i napisz o niej opinię:
Gruwi Sp. z o.o. ##607 626 990
Grygier-Granit Kamil Grygier #         kamil.grygier@gmail.com     #605 612 625
Grzegorz Trybuchowski ##691 757 686
GS Samopomoc Chłopska Zarząd ##(68) 383 51 17
Gt Food Service Sp. z o.o. #         edyta1704@interia.pl     #796 093 505
Guapa Produkcja Sp. z o.o. ##(68) 327 66 05
Guliana Przedsiębiorstwo Produkcyjno-Handlowo- Usługowe Anna Krupińska #         sklep@guliana.pl     #Oceń firmę i napisz o niej opinię:
Gusta Małgorzata Górna ##607 933 861
H &amp; Synowie Zbigniew Wychowałek ##697 515 659
Hamar A.M. Benedykcińscy Sp.j. Zakład Produkcji Drzewnej nr 2 #         gorzyn@hamar.pl     #(68) 372 01 43
Hamar A.M. Benedykcińscy Sp.j. Zakład Produkcji Drzewnej nr 3 #         bytnica@hamar.pl     #(68) 391 58 17
Hammer Import-Eksport Joanna Sikora #         hammer@neostrada.pl     #(68) 359 56 09
Handel Ogólny Roman Bodera ##(68) 444 80 53
Handel Usługi Produkcja Krystian Wachocki #         biuro@wachocki.eu     #Oceń firmę i napisz o niej opinię:
Handel-Usługi Dariusz Danielski ##601 460 221
Hanke Tissue Sp. z o.o. ##(95) 720 86 10
Hapen Sp. z o.o. #         office@hapen.pl     #533 655 884
Happy Fun Sp. z o.o. Oddział w Polsce ##607 775 056
Haravelle Media Hanna Przyłucka #         przylucka.hanna@gmail.com     #Oceń firmę i napisz o niej opinię:
HardMetal Sp. z o.o. ##603 220 990
Hasan Team Sp. z o.o. #         bh.drob@wp.pl     #531 296 431
Haya Sp.j. ##(95) 728 83 05
Heban Zakład PUH ##602 775 712
Heckmann Polska Produkcja Metalowa i Maszyn Sp. z o.o. #         info-pl@heckmann-mt.de     #(95) 757 33 11
Heintze Beata Laboratorium Biooil S.C. #         biuro@biooil.com.pl     #(68) 411 13 38
Heka Inkubator Sp. z o.o. #         heka-inkubator@wp.pl     #(68) 362 32 60
Hellen Przedsiębiorstwo Produkcyjno-Handlowo-Usługowe H. Januszewska ##683 764 860
Hewen Eliza Stachowiak ##506 730 771
Hodowla i Ubój Indyka Biodama Sp. z o.o. ##(68) 356 70 50
Holografx Tomasz Agacki ##791 117 007
Horyzont Studio Mariusz Konopka #         horyzontstudio@wp.pl     #501 666 510
House Of Kaja Katarzyna Sieczkowska #         buziaczek345@gmail.com     #Oceń firmę i napisz o niej opinię:
Hubertus Collection Thierbach Enrico ##(68) 455 51 11
Hugs For Kids Aleksandra Rostkowska #         aleksandra@hugsforkids.pl     #Oceń firmę i napisz o niej opinię:
Hurtownia Kamienia ##514 242 134
Hurtownia Kwiatów Export Import Produkcja Kopikowski Wiesław ##(68) 356 34 96
Hurtownia Opon Kamil Ukraiński ##508 838 930
Hurtownia Papiernicza Piomar Księgarnia S.C. Piotr Piotrowski ##(68) 356 32 09
Hzbud Sp. z o.o. #         biuro@bhe.net.pl     #601 056 122
Ibadger Sp. z o.o. #         p.rutkiewicz@aol.pl     #Oceń firmę i napisz o niej opinię:
Ice Island Sp. z o.o. Sp.k. ##722 109 035
Ict Poland Sp. z o.o. ##(95) 733 68 00
Ikarex Produkcja i Handel i Usługi Paweł Pawluś ##606 970 954
IKO Kompania Drobiarska Zakład Wylęgu Drobiu ##(68) 381 18 90
Import-Eksport PPUH Zbigniew Czarnecki ##508 149 230
Inex II Sp. z o.o. ##(68) 327 82 60
Inex S.C. Zakład Przetwórstwa Drobiu Inga Kaczor Leszek Kaczor ##(68) 327 82 60
Interdako Sp. z o.o. ##511 296 500
Irgra Zakład Kamieniarski Ireneusz Rampold ##(68) 382 23 36
Iris Studio Mateusz Irisik #         mateusz@irisik.pl     #513 041 800
Irman Sp. z o.o. Hurtownia Piwa #         irman12@wp.pl     #Oceń firmę i napisz o niej opinię:
J J And Co Sp. z o.o. ##(95) 720 47 12
J M &amp;A M Metal Sp. z o.o. #         biuro@jmammetal.com.pl     #(68) 355 24 76
Jacek Klim Ja-Graf ##604 114 154
Janczura Czesław Zakład Kamieniarski ##510 267 200
Janeco International Polska Sp. z o.o. #         biuro@janeco.com.pl     #(95) 757 33 90
Jan-Met Grzegorz Janiak #         grzesjan246@vp.pl     #660 795 964
Jansen Produkcja Polska Sp. z o.o. ##(95) 728 38 08
Janusz Margan Handel Artykułami Do Produkcji Rolnej ##(95) 762 43 75
Jaro Przedsiębiorstwo Produkcyjno-Usługowo-Handlowe Jarosław Krzesiński ##603 897 900
Jarosław Markiewicz -Elebit #         mail@elebit.pl     #Oceń firmę i napisz o niej opinię:
Jar-Pol-Granit #         biuro@jarpol-granit.pl     #605 205 435
Jasek Ryszard Zakład Kamieniarsko-Betoniarski ##(95) 763 24 67
Jaskar Jan Grzechnik #         jaskar@interia.pl     #Oceń firmę i napisz o niej opinię:
Jenderse Ryszard Zakład Stolarski #         arek14111@wp.pl     #510 266 037
Jerzy Sternal #         jura.s@interia.pl     #Oceń firmę i napisz o niej opinię:
Jewel CompanyAlberto Coradeschi #         info@jewelcompany.pl     #500 013 113
J.G. Przedsiębiorstwo Wielobranżowe #         pw.jg@wp.pl     #505 184 684
JL Metal Jerzy Liszka ##505 006 498
Jofa Import-Export Sp. z o.o. #         joanna@jofa.com.pl     #609 823 841
Johnson Controls Polska Sp. z o.o. ##(68) 382 04 00
Joker ##601 747 386
Joker Przedsiębiorstwo Wielobranżowe Robert Jakubiak ##(68) 371 06 15
Jokiel S.C. PPU 1. 2. Grzegorz Jokiel ##506 024 635
Joko Flora Ogrodnictwo Gospodarstwo Ogrodnicze Elwira Odrobna ##602 498 026
Jóko Firma Produkcyjno-Handlowa Józef Kowalczyk ##(95) 751 35 09
Jóźwiak PPUH Dorota Jóźwiak ##(95) 743 48 30
Julia Usługi Wielobranżowe Ryszard Okulewicz #         ryszard.okulewicz@gmail.com     #Oceń firmę i napisz o niej opinię:
Jurowex Zakład Wielobranżowy ##(95) 737 08 50
Kacperek Cukiernia0 Agnieszka Bednarczyk #         cukierniakacperek@wp.pl     #501 514 847
Kadr-Dron Filmstudio Ryszard Dubik ##577 680 070
Kalisz Dariusz Zakład Mechaniki Pojazdowej ##(95) 752 23 94
Kalisz Stanisław Hurtownia ##(95) 752 39 92
Kam-Bet Krzysztof Kołodziej #         kam-bet77@o2.pl     #Oceń firmę i napisz o niej opinię:
Kamieniarstwo - Hieronim Kruk ##881 943 232
Kamieniarstwo Andrzej Judek #         kamieniarstwojudekmiedzyrzecz@onet.pl     #507 103 173
Kamieniarstwo Betoniarstwo Nagrobkowe S.C. Krzysztof Wilk Marek Wilk ##601 877 609
Kamieniarstwo Budowlane Kam - Bud Marcin Spychała #         marcin0929@o2.pl     #609 498 108
Kamieniarstwo Drzewiecki Damian Drzewiecki #         kamieniarstwodrzewiecki@interia.pl     #605 349 217
Kamieniarstwo Katarzyna Ganicz #         biuro@ganicz.com.pl     #602 617 345
Kamilla Sroczyńska #         k-sroczynska13@wp.pl     #Oceń firmę i napisz o niej opinię:
Kam-Pur Sp. z o.o. #         kampur@o2.pl     #(68) 324 91 09
Kapitan Hook Kwatery Prywatne ##(94) 318 95 43
Kar - Pol Karol Gązwa ##(48) 368 31 73
Karo Sp. z o.o. Hurtownia ##502 255 242
Karol Dobrowolski Soundstream #         kardobrow@gmail.com     #508 193 203
Katarzyna Bermes #         biuro@markolor.pl     #785 461 062
K.B. Fashion Katarzyna Bożek Teresa Bożek S.C. ##609 801 840
Kej Produkcja Galanterii Skórzanej Dla Zwierząt Jadwiga Dubicka ##787 227 712
Kejk Pracownia Tortów Artystycznych Piotr Sosnowski #         kejk@onet.pl     #693 506 302
Kemizo - Sp. z o.o. #         kemizo@kemizo.pl     #684 784 535
Kemizo Stanisław Ozimek #         bok@kemizo.pl     #516 141 141
Kielmann Marek Zakład Ślusarski ##(68) 356 81 87
Kije Sp. z o.o. Zakład Rolny #         kije@lubuskie.info.pl     #(68) 385 30 23
Kimitex Sp.j. Zakład Produkcji Odzieży Jolanta Łabaziewicz Mirosław Jaroszek ##(65) 540 36 78
KING NAZAR Kebap ##(95) 750 01 91
KMB GRANIT Michał Barszczewski ##(68) 320 41 70
Könecke Sp. z o.o. ##(95) 759 29 60
Kohl-Group Polska Sp. z o.o. ##(95) 758 17 00
Kokorniak Schody Michał Kokorniak #         biuro@kokorniak.com     #603 089 202
Komages Sp. z o.o. ##(95) 728 49 60
Kompania Piwowarska S.A. Centrum Dystrybucji ##(68) 329 68 22
Konfex Mariusz Horyd ##502 129 211
Konfex Mikołaj Horyd #         mikolaj.horyd@gmail.com     #507 172 686
Konfex S.C. Stanisław Szturo Mariusz Horyd ##(95) 733 33 48
Konrad Jałowy ##882 130 263
Kons-Bud #         zgora.parkiety@wp.pl     #Oceń firmę i napisz o niej opinię:
Kraina Słodkości Paulina Ślęczkowska #         p.sleczkowska@interia.pl     #609 659 918
Krakfil #         office@krakfil.pl     #Oceń firmę i napisz o niej opinię:
Kreacja Żannet Żanna Moryson #         z.moryson@wp.pl     #(68) 324 73 12
Krplg - Groch Przemysław #         biuro@markolor.pl     #Oceń firmę i napisz o niej opinię:
Kruk Hieronim Kamieniarstwo ##881 943 232
Krys-Pol Krzysztof Heyduk #         krzysztof.heyduk@gmail.com     #(68) 351 12 50
Krzysztof Kuśmierski Hurtownia Artykuły Dziecięcych Dariusz ##(68) 321 36 39
Krzysztof Tober Zakład Usług Leśnych Przedsiębiorstwo Handlowo-Usługowe Budtor #         krzysztofbudtor@o2.pl     #662 766 424
Kubiko Wytwórnia Koncentratów Spożywczych Genowefa Kubiś #         biuro@kubiko.eu     #731 700 731
Kumiszczo Artur Uprawa Boczniaka #         a.kumiszczo@gmail.com     #535 127 740
Kuźma Henryk Zakład Przetwórstwa Spożywczego i Handlu ##(68) 356 64 36
Kuźnia Usługi Spawalniczo-Ślusarskie Żytkowiak Paweł ##606 249 831
Kwiaty, Warzywa Ewa Branna ##668 236 920
La Rosse Cukiernia Arleta Cybulska ##(95) 726 33 87
Laboratorium Biooil Sp. z o.o. Sp.k. #         biuro@biooil.com.pl     #(68) 411 13 38
Las-Serwis Kowalczyk Władysław Dzięcioł Adam ##(68) 356 63 57
Las-Skwierzyna-Gorzów Sp. z o.o. ##606 771 039
Latteria Tinis Sp. z o.o. ##(95) 759 64 96
Leks Wiesław Przedsiębiorstwo Produkcji Drzewnej Drewleks ##(68) 320 23 29
Lema Food Company Sp. z o.o. #         mar.biuro@gmail.com     #Oceń firmę i napisz o niej opinię:
Liberski Lech Zakład Produkcji Kominków ##(65) 540 38 29
Lidcarton PPUH Karina Kupczyk #         lidcarton@wp.pl     #517 116 719
Lignuma Maciejewscy Sp.j. ##683 525 056
Likiernia Agnieszka Senator ##697 613 788
Line #         line@line.com.pl     #(95) 735 64 90
Line #         line@line.com.pl     #(95) 728 06 34
Li-Sa Zakład Produkcji Konfekcji ##604 970 430
Living Food Sp. z o.o. Sp.k. #         biuro@living-food.pl     #509 560 141
Lody z Gościńca Martyna Saj ##730 792 555
Look4fashion Monika Kowalczyk ##698 280 173
Lubię Słodkie-Cukiernia Artystyczna Beata Polowczyk #         beatapolowczyk100@gmail.com     #600 485 670
Lubimex Tomasz Piotrowski #         lubimex@interia.pl     #509 446 858
LUK METAL CONSTRUCTION SPÓŁKA Z OGRANICZONĄ ODPOWIEDZIALNOŚCIĄ ##(95) 728 33 05
LuMi Phu Liudmyła Michalska #         zabka12@op.pl     #512 201 417
Luna Łukasz Gawłowski #         luna.gaw@gmail.com     #509 857 491
Lux Styl Produkcja Mebli Łukasz Gawron ##518 652 012
Łowicki Ireneusz Zakład Stolarsko-Usługowy #         ire.treppe@gmail.com     #664 476 052
Łukaszonek Daniel Zakład Stolarski ##501 051 085
M &amp; M Opony Maciej Maciejewski #         mmopony@onet.eu     #668 154 920
M &amp; S Wanga Marzena Stec-Zewar #         blondi605@o2.pl     #663 995 970
M S Maja Sajda #         info@sajdagolf.pl     #887 101 658
Made in Italy ##(68) 326 73 69
Madi - Magdalena Sobańska #         szwalnia.madi@gmail.com     #533 967 925
Madmax Magdalena Jurec #         madmaxmirasol@o2.pl     #798 808 339
Madren Przedsiębiorstwo Produkcyjno-Handlowe Zbigniew Dopierała ##(68) 329 79 48
Magdalena Merda - LEADER TEAM. ZAKŁAD PRODUKCJI MEBLI MEBLE MERDA ##(55) 617 14 33
Magic Wood Poland Sp. z o.o. #         magicwood@o2.pl     #(68) 320 25 76
Magnolia Sp. z o.o. ##(68) 457 23 04
Magorex Sp.j. R.Górka #         info@magorex.pl     #(68) 456 68 50
Maj Zaune Anna Łukasiewicz #         maj.zaune@gmail.com     #Oceń firmę i napisz o niej opinię:
Manual Work Aneta Giżycka ##600 203 161
Marcello Cukiernia ##(95) 722 88 72
Marcin Czerniecki - Metall Zaun #         metallzaun@wp.pl     #609 055 069
Marcopol Sp. z o.o. Biuro Handlowe #         zielona.gora@marcopol.com.pl     #Oceń firmę i napisz o niej opinię:
Mar-Dor Marcin Taczała #         szamba_betonowe@onet.pl     #784 053 827
Marek Józef Matuszewski ##731 028 016
Marek Przewoźny PUH ##509 159 431
Mariola Strzesak Zakład Produkcyjno-Handlowo-Usługowy Tomar ##602 595 120
Markus Wulkanizacja Janusz Smoleń #         markux1@wp.pl     #691 805 090
Marled Produkcja Import-Eksport Genowefa Ledwoń ##(95) 731 72 33
Marmorin Sp. z o.o. ##(65) 549 68 50
MAR-Tech Holdings Poland sp. z o.o. #         stefan_mikula@o2.pl     #Oceń firmę i napisz o niej opinię:
Masarnia Dorota Karatysz Mieczysław Karatysz #         masarniakaratysz@interia.pl     #(95) 741 22 77
Masarnia Hukała - Hukała Izabella Irena ##(68) 356 71 83
Masarnia Kucharscy ##507 173 083
Masarnia Podmiejska Sp.j. Zakład Pracy Chronionej Danuta Jucha Robert Komoszyński #         masarnia@civ.pl     #(95) 732 22 77
Matla Mariusz Kamieniarstwo ##(68) 327 82 05
Matthew Knott- Mrk One Films #         matthew_ry_knott@hotmail.com     #Oceń firmę i napisz o niej opinię:
Max Dariusz Hukała ##509 973 773
Maximus Producent Chłodnic #         kargowa@maximus.pl     #(68) 352 82 70
Maximus Producent Chłodnic ##(68) 352 82 70
Max-Pol Zakład Produkcyjno-Usługowo-Handlowy Czesław Kowalczuk ##(68) 362 02 87
Mazur Zbigniew Firma Handlowo-Usługowa ##(95) 751 53 66
Media Art Karolina Filipowicz ##509 904 006
Mes - Pol Marcin Mes #         mmes@wp.pl     #798 476 685
Mesrop Galostyan Produkcja Wyrobów Tartacznych ##(68) 360 30 91
Metalform S.C. ##(68) 387 66 54
Metallic Karolina Czapla-Bubeła #         czapla34@op.pl     #784 098 577
Metal-System Sp. z o.o. #         biuro@ms-kostrzyn.pl     #(95) 728 32 70
Mgk Gda Sp. z o.o. #         kontakt@mgkbasic.com     #Oceń firmę i napisz o niej opinię:
Mgk On Line Sp. z o.o. #         kontakt@mgkfashion.com     #Oceń firmę i napisz o niej opinię:
Mgk Rzesz Sp. z o.o. #         kontakt@mgkbasic.com     #Oceń firmę i napisz o niej opinię:
Mgk War2 Sp. z o.o. #         kontakt@mgkbasic.com     #Oceń firmę i napisz o niej opinię:
Michał Dymek Consulting #         mdymek@pswd.pl     #605 232 007
Mikołajczyk Design Sp. z o.o. ##(75) 746 20 80
Mimozy Workshop Janina Kudlaszyk #         janinakudlaszyk@gmail.com     #Oceń firmę i napisz o niej opinię:
Mirosław Iker F.P.H.U. Iker #         iker@narzedziatnace.com     #(68) 374 96 96
Mirotronics Mirosław Zużewicz ##535 036 694
Misiorny Grzegorz ##513 165 211
MKK Przedsiębiorstwo Produkcyjne ##(95) 763 94 05
MM Produkcja Sp. z o.o. ##663 743 713
Moon Lion Media Bartosz Czerniawski #         czerniawskib@me.com     #517 754 270
Motyka Zbigniew Przetwórstwo Mięsne ##(68) 377 13 03
Nadodrze Spółdzielnia Niewidomych Zakład Pracy Chronionej ##(68) 388 45 73
Nagrobki Marek Moskalik ##501 724 331
Natalia Ślizowska #         nataliaslizowska@gmail.com     #609 337 747
Neolit Michał Górecki #         neolit.michalgorecki@gmail.com     #509 580 894
Nestlé Polska S.A. Fabryka Słodyczy ##(68) 352 69 00
Never Przedsiębiorstwo Produkcyjno-Usługowo-Handlowe Mirosław Mataczyna #         never@never.net.pl     #(68) 325 71 75
Never Przedsiębiorstwo Produkcyjno-Usługowo-Handlowe Mirosław Mataczyna ##(68) 327 24 82
Newice Sp. z o.o. w Organizacji ##504 185 059
Nexos Johnny Oraczewski #         nexoshunter@gmail.com     #794 173 773
Nicol Salon Krawiecki Ewa Świdzińska #         ewikrzepin@o2.pl     #665 260 826
Nieborak Jacek Ogrodnictwo ##(68) 351 12 12
Nitka Sp. z o.o. Zakład Produkcji Nici ##(68) 388 78 90
Norbert Wysocki Brema #         norbo2341@op.pl     #662 099 843
Nordic Fastening Group Sp. z o.o. ##(95) 737 66 01
Nordis Chłodnie Polskie Sp. z o.o. #         zarzad@nordis.com.pl     #(68) 324 26 91
Nova Ewa Węclewska ##(68) 356 76 46
Novita S.A. ##(68) 456 15 00
Novo Tech Sp. z o.o. ##(95) 752 81 30
Nowacki Sp.j. Serwis Ogumienia ##(68) 320 34 34
Nowag S.C. ##(68) 372 15 11
Nowak PW Jerzy Nowak ##(95) 751 40 40
Obis P.H. Produkcja Siatek Ogrodzeniowych ##(68) 382 82 74
Obst Produkcja Sp. z o.o. #         obst@interia.pl     #(95) 749 11 11
Ogiela Radosław Tomasz Przedsiębiorstwo Wielobranżowe ##601 934 520
Ogrodnictwo Beata Homann ##(68) 388 79 24
Olva Barbara Bik #         olvasoap@gmail.com     #531 881 131
Onyx Firma Kamieniarska Krzysztof Rusin ##507 659 363
Optimast Sp. z o.o. ##601 921 114
Or Sat ZPCH Sp. z o.o. ##(68) 470 48 36
Orfeusz Zakład Kamieniarsko-Nagrobkowy Marek Boczarski ##(68) 372 16 57
Osipiuk Dariusz Zakład Usługowy #         darekdomofon@wp.pl     #Oceń firmę i napisz o niej opinię:
Osoweks Sp. z o.o. #         osoweks@interia.pl     #(65) 540 61 00
Ostal Zbigniew Krajewski #         ostalzaune24@gmail.com     #607 463 712
Ostal-Zaune Marek Szczepański #         24ostalzaune@gmail.com     #Oceń firmę i napisz o niej opinię:
Ostbahn Modele Kolejowe Grzegorz Siódym #         ostbahn_mk@wp.pl     #Oceń firmę i napisz o niej opinię:
Ovopol Sp. z o.o. #         handel@ovopol.pl     #(68) 387 32 51
Owsianka I. T. Stolarstwo Budowlane ##(68) 454 76 23
Pacholak Mariusz Winnica Cantina ##691 914 849
Parkiet Montana Parkiety Gotowe do Ułożenia #         kontakt@parkietmontana.pl     #796 244 003
Pastel-Color BIS Sp.j. #         pastelcolor@pastelcolor.pl     #(68) 326 82 75
Patronic Jolanta Pawlik ##(68) 325 63 99
Paula Madej #         paulamadej1@gmail.com     #512 749 706
Paweł Krawiecki Kravcfilm #         pawelkrawiecki@me.com     #720 880 330
P&amp;C Manufacturing Sp. z o.o. ##508 306 069
Pełny Brzuszek Pierogarnia Katarzyna Mrozowska ##690 011 581
Pewit Sp. z o.o. #         kontakt@pewit.pl     #502 589 479
PHU Ewa Kopczyńska ##794 101 616
PHU Formet Joanna Ciołek ##(95) 720 64 31
P.H.U. STYL Tomasz Madej #         tmadej@zgi.pl     #Oceń firmę i napisz o niej opinię:
PHU Sułkowski Sp.j. #         phusulkowski@onet.pl     #606 179 475
PHU Tomex Nowicka Katarzyna ##(68) 388 68 64
PHU Trade ##(95) 742 70 10
Pierogowe Delicje Anna Dostatnia-Bieszke ##(95) 732 66 06
Pit-Stop Marcin Kuś #         qs18@wp.pl     #693 301 476
Pj - Drób S.C. Paweł Jóźwiak Marzena Piskorska ##512 022 181
Play Systems Sp. z o.o. ##(95) 732 62 10
PNEUS Sychowski Mateusz #         suchym1313@wp.pl     #723 933 027
Poli-Eco Sp. z o.o. ##(68) 478 44 37
Poligraf Przedsiębiorstwo Produkcyjno-Handlowo-Usługowy Wiesław Kasprowiak ##(95) 720 64 46
Pol-Pland Zakład Produkcji Plandek Wiesława Kosmala #         plandeki_polpland@op.pl     #Oceń firmę i napisz o niej opinię:
Polskie Wafle Sp. z o.o. ##(68) 457 23 38
Polsport Sp.j. Przedsiębiorstwo Produkcyjno-Handlowo-Usługowe A. Wawrzyk W. Śliwiński H. Sokolik S. Lewandowski #         polsport@post.pl     #(68) 326 37 94
Poltom Tomasz Bieńkowski ##667 773 000
Poltops Sp. z o.o. Fabryka Wyrobów Wełnianych #         zarzad@poltops.pl     #(68) 477 51 01
Polymer Coatings Sp. z o.o. ##(95) 725 03 16
Pom-Sakon Sp. z o.o. ##(95) 763 90 46
Popławski Leszek 1. Rolexim Handel Usługi Produkcja 2. Rolexim-Partner ##(68) 454 36 02
Porpex Julita Porańska #         porpex@wschowa.pl     #607 108 088
Postel Collection Sp.j. ##607 219 777
Postęp Sp. z o.o. Zakład Produkcyjno-Usługowy #         sekretariat@postep.com.pl     #Oceń firmę i napisz o niej opinię:
Postrożni Kamieniarstwo Marcin Postrożny ##(59) 844 28 60
Poznańska Hodowla Roślin Sp. z o.o. Oddział w Kosieczynie ##(68) 384 94 66
Poznańska Hodowla Roślin Sp. z o.o. Oddział w Pasterzowicach ##(68) 376 24 38
PPH EKORUNA Roman Koziołek i Andrzej Popin &amp; Synowie Sp.J. #         biuro@ekoruna.pl     #(68) 360 63 10
Pphu Centrum Mirosław Terepko Janusz Karolak S.C. ##(68) 363 03 99
PPHU Masarnia Dariusz Jaskuła ##(95) 749 15 38
P.P.U.H. Amstol Marek Kozłowski #         stolarnia-brody@wp.pl     #(68) 385 14 48
P.P.U.H. Dekoracja ##(65) 540 12 40
PPUH Promis Monika Adamowska #         kasper89@wp.pl     #504 241 008
Pracownia Artystyczna Jadwia Jadwiga Wiatrowska #         jad-wia@wp.pl     #503 030 256
Pracownia Krawiecka Jolanta Kanclerz ##500 874 230
Pracownia Krawiecka Ludomir Zieliński #         luzi2@vp.pl     #(68) 478 27 82
Pracownia Usługowa Venta Karol Mirowicz #         venta2@o2.pl     #509 624 922
Prespo Sp. z o.o. ##(95) 758 32 53
Pro-Cezas Zakład Produkcji Szkolnej Tadeusz Jackowski #         procezas@procezas.com.pl     #605 035 662
Produkcja - Handel - Usługi Wioletta Samociak ##691 703 436
Produkcja Handel Usługi Leszek Kaczmarek #         kaczmarektruck@wp.pl     #606 343 288
Produkcja Wyrobów Betonowych Barbara Mejza ##602 841 644
Produs Sp. z o.o. ##(68) 470 19 22
Profilco Krzysztof Cudajewicz ##609 818 281
Projekt Nostromo Marek Kowzan #         nostromo@projektnostromo.pl     #(68) 383 82 03
Projekt-Ka Katarzyna Galinajtys #         kghtt@o2.pl     #603 656 017
Prostametoda.Pl Tomasz Lewak #         kontakt@prostametoda.pl     #Oceń firmę i napisz o niej opinię:
Protech Krzysztof Gąsior #         krysgasior@gmail.com     #Oceń firmę i napisz o niej opinię:
Prywatne Przedsiębiorstwo Produkcyjno-Handlowe LAMIX Mirosław Laszko ##(95) 751 70 00
Przedsiębiorstwo Elektrometalowe JS Integral Sp. z o.o. #         biuro@jsintegral.com.pl     #(68) 327 52 39
Przedsiębiorstwo Produkcji Katalizatorów Lindo Catsystem Sp. z o.o. ##(95) 723 97 64
Przedsiębiorstwo Produkcyjno Handlowe Kayik Sp. z o.o. #         kayikchampi@gmail.com     #(68) 351 43 23
Przedsiębiorstwo Produkcyjno-Handlowo-Usługowe Antom Bis Tomasz Maćkowiak ##(68) 376 38 82
Przedsiębiorstwo Produkcyjno-Usługowe Bumet Jerzy Hilburger #         biuro@bumet.com.pl     #(95) 725 00 30
Przedsiębiorstwo Rolno Spożywcze Promarol Sp. z o.o. #         promarol.prezes@op.pl     #(65) 549 33 33
Przedsiębiorstwo Wielobranżowe Eko-Agros S.C. Krzysztof Łukaszczyk Daniel Miłostan ##(95) 731 74 10
Przedsiębiorstwo Wielobranżowe J.G. Michał Górski #         pw.jg@wp.pl     #505 184 684
Przedsiębiorstwo Wielobranżowe Krzysztof Janas Produkcja-Usługi #         krzys_j@o2.pl     #506 141 028
Przedsiębiorstwo Wielobranżowe Produkcja Handel Usługi Piotr Malinowski #         piozygmal@wp.pl     #Oceń firmę i napisz o niej opinię:
Przewoźny Stanisław Zakład Masarniczy ##(95) 762 07 61
Przybył Bogumiła Usługi Wulkanizacyjne #         warsztatkowalow@wp.pl     #(95) 759 91 01
Przyszłość Rolnicza Spółdzielnia Produkcyjna ##(68) 388 83 62
PU Robert Szermer #         ris2004@interia.pl     #Oceń firmę i napisz o niej opinię:
Punkt produkcji i naprawy plandek Mariusz Truszkowski #         plandeki@punkt.center     #575 180 648
Puszcza Smaku Hubert Fink #         kontakt@puszczasmaku.pl     #Oceń firmę i napisz o niej opinię:
PW Miro Mirosław Zawadzki #         miro78_78@o2.pl     #600 342 335
PW Papieroni Wiesław Sobczak #         papieroni2022@wp.pl     #534 588 114
Pzt Matech S.C. Andrzej Radtke Magdalena Skrzypczak #         biuro@pztmatech.com     #503 172 099
Qachna Katarzyna Śliżewska #         qachna@o2.pl     #(68) 376 41 03
R. Majewski Przedsiębiorstwo Wielobranżowe #         biuro@r-majewski.pl     #(68) 320 64 42
Rabena Dorota Mackiewicz -Pracownia Krawiecka ##(68) 478 15 15
Rafał Mickowski Lamigo ##606 613 880
Rafkar-Gum Sp. z o.o. #         kontakt@rafkar-gum.pl     #721 551 614
Raisio Sp. z o.o. Zakład Produkcyjny Sulma #         zamowienia@raisio.com     #(68) 456 77 20
Raphael Sp. z o.o. #         raphaelcatering@gmail.com     #Oceń firmę i napisz o niej opinię:
Rawo Rafał Wolicki #         rwolicki@wp.pl     #501 467 621
Rek Daniel Merda #         rekmerda@wp.pl     #(68) 475 32 72
Remi Sp. z o.o. #         biuro@remi-drezdenko.pl     #Oceń firmę i napisz o niej opinię:
Remigiusz Kaszub Rm Film #         remik@remediafilm.pl     #504 420 406
Renata Szał- Bogusławska;  Gospodarstwo Ogrodnicze- Uprawa Pieczarek ##602 794 980
Ricosta Polska Sp. z o.o. ##(68) 455 77 20
Robert Rogaś Przedsiębiorstwo Handlowo-Usługowe Lak-Rob ##784 089 326
Rocca S.A. #         rocca@rocca.pl     #Oceń firmę i napisz o niej opinię:
Rocks Sp. z o.o. ##(68) 326 64 77
Rolmlecz Spółdzielnia Mleczarska ##(41) 362 84 80
Rolnicza Spółdzielnia Produkcyjna ##(65) 540 03 13
Roma Firma Produkcyjno-Handlowo-Usługowa Romuald Kotoński ##(68) 325 41 05
Romanek Jan Romanek Dariusz S.C. Firma Kamieniarska ##(68) 320 86 36
Rowiński Leszek Zakład Usługowo-Handlowy #         rowroltech@wp.pl     #Oceń firmę i napisz o niej opinię:
Royal Kebab Sp. z o.o. ##577 777 238
Róża Jurkowska-Maślak ##(68) 346 65 59
Rusin Beata Zakład Kamieniarski. Pawilon Handlowy ##(68) 355 29 95
Ryszard Adamski - Firma Usługowa #         ryszardad@neostrada.pl     #722 397 206
Ryszard Oliwiak Zakład Kamieniarski Export-Import Ryszard Oliwiak ##(95) 752 03 02
Rzepniak Genowefa ##(68) 356 67 58
Rzeźnictwo Zyguła Zbąszynek Sp. z o.o. #         info@zygula.pl     #(68) 384 92 93
Salonik Krawiecki  U Gosi Małgorzata Łajeczko ##695 313 425
Sama Słodycz Pracownia Ciast Domowych i Tortów Magdalena Poszelężna #         mmagda106@gmail.com     #792 911 872
Sampolski Lech Firma Handlowo-Usługowa ##(95) 729 60 33
Samson Jerzy Wyrób Nagrobków ##(68) 355 42 01
Sarris Darm Sp. z o.o. #         biuro@sarrisdarm.com     #(95) 732 45 96
Sawicki Jarosław Zakład Kamieniarski ##(68) 388 84 63
Sawood Usługi Stolarskie Grzegorz Sawczuk ##605 729 649
Sawood Usługi Stolarskie Grzegorz Sawczuk #         sawood@wp.pl     #605 729 649
Sawoy FHU Sławomir Sokołowski ##609 169 536
Scarlet PUPH Anna Dowgun ##601 307 222
Schody Drewniane, Produkcja schodów Czyż Tomasz #         info@czyz-schody.pl     #696 745 491
Schody z Drewna Konrad Kacieja ##508 203 171
Sefnix Studios Kacper Konopka #         sefnixstudios@gmail.com     #Oceń firmę i napisz o niej opinię:
Serafin Stanisław Masarnia ##(95) 761 10 67
Serwis Części Masarniczych Produkcji Spomasz Żary Leszek Madera #         leszekmadera@gmail.com     #602 838 180
Serwis M&amp;M Import. Usługi. Piotr Mianowany ##506 148 987
Sery Kosińscy Daria Kosińska #         sery.kosinscy@gmail.com     #726 352 515
Sery Kozie Pazdrowscy Michał Pazdrowski ##666 303 480
Sewing By Rose Róża Jachimowska #         rozza1@o2.pl     #Oceń firmę i napisz o niej opinię:
Sędzielowscy Handel Usługi Produkcja Leszek Sędzielowski #         sedzielowski@partner-stiga.pl     #601 857 247
Siatka ogrodzeniowa- produkcja, sprzedaż, montaż ##(68) 372 90 15
Sidus Novum Sp. z o.o. ##505 777 017
Sidus Sp. z o.o. #         marcin.nowakowski@sidus.pl     #(68) 328 22 63
Silverstone Projektowanie Nagrobków Usługi Kamieniarskie #         silverstone.poland@gmail.com     #791 935 007
S&amp;K Rc Scale Models S.C. Jacek Sadurski Zbigniew Kłos ##512 440 385
Skeleton House Luksusowe Domy Szkieletowe i Tradycyjne #         m.tkaczyk@skeletonhouse.pl     #509 330 622
Składnica Artykułów Do Produkcji Rolnej S.C. Zbigniew Milkowski Joanna Wilk ##(65) 540 71 58
Skorpion-Produkcja Sp. z o.o. ##600 371 988
Skorsa Sp. z o.o. ##(95) 725 12 59
SKR Spółdzielnia Kółek Rolniczych ##(95) 763 29 43
Sława S.C. Wiesława Konieczna Wojciech Konieczny ##(95) 717 04 26
Słodki Kącik Torty Artystyczne Marta Konieczna ##669 145 385
Słodkowski Holding Sp. z o.o. ##609 232 629
Sobczak Szymon Baseny #         szymonsobczak@op.pl     #601 161 422
Solimpex Serwis Sp. z o.o. ##694 419 931
Speedcar - Wulkanizacja S.C.Piotr Fedro, Małgorzata Fedro ##(68) 327 53 45
Społem Powszechna Spółdzielnia Spożywców #         spolem_gubin@op.pl     #(68) 455 40 82
Społem Powszechna Spółdzielnia Spożywców ##(68) 377 29 50
Sporteam Zbigniew Rybiński ##601 770 564
Spółdzielnia Mleczarska w Żarach ##(68) 470 66 77
Spółdzielnia Socjalna Mozowe Pola ##691 914 849
Spółdzielnia Socjalna Odkrywamy Lubuskie ##697 087 233
Spółdzielnia Socjalna U Babci Nonci ##795 692 944
Spółka Rolna Kalsk Sp. z o.o. ##(68) 385 72 94
Springfresh Group Sp. z o.o. #         info@springfresh.pl     #607 041 611
Sprzedaż Części i Usług do Pojazdów Mechanicznych ##(95) 757 14 10
St Trading Sp. z o.o. #         info@sttrading.com     #(61) 102 46 47
Stadnina Koni Starków Sp.z.o.o ##(95) 759 90 82
Stal Dominika Kozerska-Hołowko #         dorian21012009@wp.pl     #509 816 142
Stanhal-Eco Food S.A. #         office@stanhal.pl     #(68) 376 02 01
Staniek S.C. Lodziarnia Karina Staniek #         allangolo@allangolo.pl     #Oceń firmę i napisz o niej opinię:
Stawski Lesław Stolarstwo Eksport-Import #         k-stawski@o2.pl     #(68) 376 42 52
Steinform Produktion Sp. z o.o. ##(95) 751 97 00
Stieler Robert Usługi Stolarskie ##606 702 353
Stock Sls Sp. z o.o. Sp.k. #         lukas.strojny@gmail.com     #781 985 235
Stol Haus Sp. z o.o. ##(68) 383 64 56
Stol Haus Sp. z o.o. Sp.k. ##(68) 383 64 56
Stolkaz PHU Krzysztof Jurkowski ##609 649 550
Stolwit Stolarka Metaloplastyka Ireneusz Sadowski ##500 110 790
Stone House Paweł Gęsiorowski ##605 671 842
Sto-Prospaw Przemysław Pazdan ##781 455 800
Stor Sp.j. ##(68) 387 93 59
Streetbox Sp. z o.o. ##788 938 938
Stuck In The Sound Sp. z o.o. w Organizacji #         jakubiellukasy@gmail.com     #Oceń firmę i napisz o niej opinię:
Studio Kamienia LAPITEK #         studiolapitek@gmail.com     #692 248 292
Studnia Film Jakub Drab #         drabek7771@interia.pl     #664 150 676
Stupienko Stanisław Produkcja i Sprzedaż Kwiatów ##(95) 758 43 18
Styl 2000 Przedsiębiorstwo Wielobranżowe #         bernadeta.baraniak@onet.pl     #(95) 743 16 27
Szeroki Kąt Dominik Czech #         dominik@szerokikat.eu     #608 219 772
Szkółka Drzew i Krzewów Ozdobnych Abies Radosław Czyrwony ##(95) 751 37 37
Szkółka Drzew i Krzewów Wrzos mgr inż. Małgorzata i Paweł Karalus #         m.p.karalus@wp.pl     #502 339 458
Szparagi Karolina Pielesiak #         karolina.pielesiak0000@gmail.com     #730 771 406
Szparagi Natalia Szymaniec #         nataliamcz95@gmail.com     #500 229 782
Szyciówka ##605 205 117
Takt Firma Prod-Handlowa Kazimiera Wieczorkowska ##506 065 202
Tamp Sp.j. Marlena Dybowska i Anna Majewska #         minimum@tlen.pl     #Oceń firmę i napisz o niej opinię:
Tapparella S.C. Kazimierz Szymański, Piotr Brylski #         gorzow@tapparella.pl     #(95) 751 21 17
Tapparella S.C.Żaluzje, Rolety, Plisy ##(95) 728 17 70
Tarczyński S.A. Zakład Produkcyjny ##(68) 356 62 52
Technochem S.C. ##(68) 356 12 46
Tempus Polska Sp. J. K.Piaseczny, T.Żółkiewicz ##(68) 375 74 66
Terra-plant Zakład produkcyjno-handlowo-usługowyPiotr Kaczmarczyk #         biuro@terra-plant.pl     #(68) 323 79 00
Tessa PPH Józefa Dłużewska ##691 809 125
Thye Lokenberg-Polska Sp. z o.o. #         thye@thye-lokenberg.pl     #(68) 360 61 99
Thyssenkrupp Presta Steertec Poland Sp. z o.o. ##(95) 741 17 99
Tigro Eftim Marinov Producent Mięsa Kebab #         tigro.marinov@wp.pl     #600 699 699
Tomar S.C. Zakład Produkcyjno-Handlowo-Usługowy Tomasz i Mariola Strzesak ##602 595 120
Tommors Produkcja i Sprzedaż Lodów Tomasz Czerniawski ##513 145 773
Topolanka i Sp. z o.o. #         topolankai@wp.pl     #692 567 352
Tpv Displays Polska Sp. z o.o. ##(95) 739 10 05
Trabork Anna Borowa Przedsiębiorstwo Handlowo-Usługowe #         trabork@interia.pl     #(68) 356 57 26
Trans Przedsiębiorstwo Produkcyjne Marek Godawski ##(95) 728 26 00
Trapex Przedsiębiorstwo Produkcyjno-Usługowe Roman Piaskowski #         trapex@vp.pl     #Oceń firmę i napisz o niej opinię:
Triada w.z. Sp. z o.o. ##(68) 451 20 81
Tsl Elektronik Sp. z o.o. #         info@tslelektronik.com.pl     #(22) 815 20 19
U Cezara Usługi Spawalnicze Anna Carewicz ##(68) 359 65 40
Ubojnia drobiu Brychcy sp.j. #         ubojnia_brychcy@o2.pl     #(68) 352 54 32
Uesa Polska Sp. z o.o. ##(68) 372 50 00
Uprawa Kwiatów Mieczysława Złotorzycka ##(95) 731 74 35
Urbańska Beata #         magurb22@wp.pl     #608 021 115
Urbański Marek Zakład Produkcyjno-Handlowy ##501 584 812
Usługi Handlowo - Kamieniarskie Konrad Samson #         samsi@o2.pl     #662 046 280
Usługi Krawieckie i Handel Artykułami Odzieżowymi Lucyna Balcerzak ##500 245 356
Usługi Stolarskie SCHODEK ##609 351 799
Usługi Transportowe-Mała Gastronomia Paweł Jóźwiak ##957 434 830
Utescheny Polska Sp. z o.o. #         g.zweigel@utescheny.pl     #(68) 356 09 27
VANEL VKM Sp. z o.o. ##(71) 710 15 35
Vartech Rafał Kasprzak #         biuro@vartech.pl     #506 331 889
Verso Sp. z o.o. ##535 539 787
Vetoquinol Biowet Sp. z o.o. ##(95) 728 55 00
Vetoquinol Biowet Sp. z o.o. Oddział ##(95) 728 55 21
Videotronic Zakład Elektroniczny Katarzyna Mielczarek ##798 127 600
Walcarna Sp. z o.o. ##(68) 451 20 80
Wallin Shoes Sp. z o.o. #         at@wama.dk     #(95) 783 66 85
Walpol Sp. z o.o. #         biuro@walpol.com.pl     #(68) 451 20 81
Warsad Spółka Franciszek Nawrot Marian Mazur ##(68) 455 12 53
Wasiak Industry Sp. z o.o. ##(68) 388 19 00
Wbw Wiesław Worona Przedsiębiorstwo Wielobranżowe #         wbw.worona@gmai.com     #603 898 539
WC Gigant ##(95) 720 85 05
Welpol S.C. Grażyna Budzyńska Ireneusz Budzyński ##(68) 320 40 33
Wenart #         wenart@wenart.pl     #(68) 385 89 01
Wibet Zakład Produkcji Elementów Betonowych Zenon Żukowski #         wibet49@wp.pl     #606 389 551
Widno Michał Piątek #         kontakt@widno.pl     #730 999 001
Wieczorek Waldemar Gospodarstwo Ogrodnicze #         ogrodnictwowieczorek@op.pl     #(95) 731 44 32
Wiktorek Arkadiusz Drąg ##692 945 062
Wiktoria Kierzek #         biuro@markolor.pl     #Oceń firmę i napisz o niej opinię:
Wilk Krzysztof S.C. Kamieniarstwo Betoniarstwo ##601 877 609
Wilk Marek S.C. Kamieniarstwo Betoniarstwo ##(68) 327 60 96
Wilkanowo Centrum Ogrodnicze Beata Nowicka #         kwiaty@wilkanowo.pl     #(68) 321 50 16
Willow Michał Wierzbicki #         michalwierzbicki91@gmail.com     #Oceń firmę i napisz o niej opinię:
Winiarz Akcesoria Do Produkcji Wina #         geometra@pro.onet.pl     #(68) 321 36 04
Winnica Gostchorze Guillaume Dubois ##508 168 857
Winnica Mozów Bartosz Kucuń ##698 649 205
Winnica Winne Tarasy Górzykowo Jan Papina #         winnetarasy@gmail.com     #601 897 731
Wiolaart Wioletta Bednarek #         wiolciaa82@wp.pl     #Oceń firmę i napisz o niej opinię:
Wipex Firma Handlowa Krzysztof Walicki ##683 290 731
Witnica Metal Sp. z o.o. #         info@witnica-metal.com     #(95) 751 71 00
W-K-Tex PHU Wioletta Klim ##608 538 660
WMS Transport Krajowy i Międzynarodowy. Produkcja Mebli Wiktor Subocz #         transport.wms@gmail.com     #600 179 794
Woblery Jaz Jacek Zwolski #         wobleryjaz@gmail.com     #Oceń firmę i napisz o niej opinię:
Wojciech Gałązka Firma Wojan ##504 100 588
Woodworm Studio Filmowe S.C. Maciej Król Krzysztof Grabowski ##(68) 327 17 33
Woronowska Agnieszka Uprawa Pieczarek ##607 360 260
Wyrób Ostrzenie Pił Taśmowych Włodzimierz Michałowski ##693 110 673
X Sp. z o.o. ##661 793 984
Xs Sp. z o.o. #         xs-biuro@wp.pl     #603 595 763
Young Blood Group Sp. z o.o. #         contact@sosocks.pl     #696 264 543
Zakaszewski Andrzej Schody Drewniane #         biuro@schodyzakaszewski.pl     #Oceń firmę i napisz o niej opinię:
Zakład Automatyki Przemysłowej Mariusz Wróbel #         wrobelm@adres.pl     #728 368 063
Zakład Budowlany Hydromel-3 #         biuro@hydromel-3.pl     #(95) 720 06 92
Zakład Elektorniczny Videotronic S.C. K. Mielczarek R. Mielczarek K. Mielczarek #         biuro@videotronic.com.pl     #(68) 327 40 47
Zakład Elektrotechniki Motoryzacyjnej Sp. z o.o. #         office@zem.pl     #(68) 382 84 64
Zakład Kamieniarski Nowakowski ##(95) 751 08 16
Zakład Kamieniarski Togo Tomasz Gondorek #         gondorek@op.pl     #(95) 755 33 08
Zakład Kamieniarsko-Betoniarski Barbara Nowak ##501 125 282
Zakład Kamieniarsko-Betoniarski Ryszard Jasek ##(95) 763 24 67
Zakład Krawiecki Elżbieta Dębowska ##(68) 444 82 33
Zakład Masarniczy Stanisław Przewoźny Marek Przewoźny Paweł Przewoźny S.C. ##509 159 446
Zakład Metalowy Staryk Sp. z o.o. Sp.k. ##(68) 363 00 65
Zakład Pogrzebowy Centrum pogrzebowe Józef Fila #         centrumpogrzeb_fila@poczta.onet.pl     #(68) 382 82 41
Zakład Produkcji Makaronów Sulma Sp. z o.o. ##(68) 456 77 20
Zakład Produkcji Zanęt Wędkarskich Stil Michał Leśniowolski #         biuro@stil.pl     #(95) 742 16 46
Zakład Produkcyjno-Handlowy Zewaj Zenon Jakóbczyk ##601 441 839
Zakład Przetwórstwa Mięsnego - Sobieraj Krzysztof ##(95) 757 30 17
Zakład Przetwórstwa Mięsnego Sława Sp. z o.o. ##(68) 356 72 36
Zakład Stolarski Jacek Sokalski #         jaceksokalski@op.pl     #695 432 652
Zakład Stolarski Katarzyna Czyż #         kontakt@acschody.pl     #608 314 428
Zakład Usług Filmowych Roman Sulkowski ##603 846 436
Zakład Usług Melioracyjnych i Ogólnobudowlanych Elmel Tomasz Krzyżanowski ##(95) 761 81 29
Zakład Usług Ogólnobudowlanych Stanisław Bońkowski ##600 095 516
Zakład Usługowy Tomasz Klewiński ##606 922 323
Zaun Meister Kamila Wolna #         zaunmeister@wp.pl     #782 944 269
Zbigniew Rakowski Produkcja-Usługi-Handel-Studio-Stempel Zbigniew Rakowski #         studio-stempel@o2.pl     #609 195 117
Zbigniew Szymański Usługi Masarnicze ##(68) 457 97 19
ZborowskiI-Wafle Producent Wafli #         kontakt@zborowski-wafle.pl     #(68) 329 01 60
Zenkner Renata Rzeźnictwo i Wędliniarstwo ##(68) 360 11 78
Zoha Marta Włodarczyk ##792 883 447
Zotomar Zakład Handlowo-Usługowo-Produkcyjny Zofia Marć #         zotomar@post.pl     #(95) 761 73 73
z.P.H.Peter-Mode S.C. Import-Eksport T.Banach P.Banach M.Banach ##(68) 326 00 70
ZPUH Mariusz Stecyk ##601 063 416
