Bekazet Bąk Sp.j. Hurtownia Elektryczna, Narzędzi, Rozdzielnice Elektryczne #         handel@bekazet.pl     #(91) 462 62 65
Krzysztof Bogatek Stolarstwo Budowlane #         irekbogatek@wp.pl     #791 748 478
Mar Szczecin Bezpieczne Place Zabaw Projekty, Sprzedaż, Montaż, Kontrole, Naprawy, Nawierzchnie #         biuro@placezabaw.net.pl     #661 976 069
Green House Zbigniew Rek Domy Drewniane #         kzrek@o2.pl     #609 515 988
Piotr Wandycz, Dariusz Wandycz s.c. Uprawa Choinek #         piotrwandycz@wp.pl     #608 886 172
Wood-House. Wiązary i domy drewniane. #         biuro@wood-house.net.pl     #515 877 035
Master Spas #         info@masterspas.pl     #505 116 608
AT Sommerfeld Gospodarstwo szkółkarskie #         sommerfeldszkolka@wp.pl     #885 709 939
Tomasz Szczepiński Drewform #         drewformzs@wp.pl     #733 733 150
Gryfita- Zdzisław Królak #         gryfita-szczecin@o2.pl     #694 467 578
Fox - Box Michał Lisowski #         biurofoxbox@gmail.com     #603 510 675
Andrzej Ruciński Szkło Serwis Szklarz - Pogotowie Szklarskie 24h #         biuro@szkloserwis.pl     #601 740 215
Basentech Spółka cywilna Paweł Torbe, Agata Torbe #         biuro@basentech.com.pl     #602 625 424
Muszyńscy Producent Drewnianych Okien i Drzwi #         okna@muszynscy.pl     #(91) 573 94 44
Air -Tech Marine #         firma@air-tech.com.pl     #601 724 974
Inducto Sp. z o.o. Sp.k. #         inducto@inducto.pl     #512 727 657
Jacek Szlingiert Usługowy Zakład Ślusarski ##501 786 597
Wesa Producent Okien i Drzwi #         wesaokna@wesa.pl     #512 231 886
Framex Sp. z o.o. Sp.k. #         okna@framex.pl     #(91) 561 01 23
Zakład Kamieniarski Granit - Jacek Grzesiak #         kontakt@granit-tychowo.pl     #723 973 845
Advisory Konsultacje i Szkolenia z Zakresu Sytemów Jakości Według Norm Serii ISO #         advisory@wp.pl     #602 154 106
Rotho Sp. z o.o. Producent Wyrobów z Tworzyw Sztucznych #         SalesAssistent.KOS@rotho.com     #(94) 717 11 00
Pleksan Producent wyrobów z tworzyw sztucznych Plexi, reklama wizualna #         pleksan@pleksan.pl     #500 264 381
Hydro-Flex #         biuro@hydro-flex.pl     #(91) 562 05 70
Firma Produkcyjno-Handlowa Em-Plast Michał Mazur #         em-plast@em-plast.pl     #604 222 087
GMK Łobez Spółka akcyjna #         biuro@znmrlobez.pl     #(91) 397 40 41
Agromarket Sp. z o.o. w Wiewiecku Kompleksowa obsługa rolnictwa #         agromarket@inet.pl     #(91) 397 18 46
Ara Chemiczna Spółdzielnia Inwalidów #         dh@ara.szczecin.pl     #(91) 461 40 02
Blumeblesite Studio Mebli - Barbara Czerniejewska #         blumeble.ncs@gmail.com     #883 511 568
MAWO - Jacuzzi® Baseny Swim SPA Sauny #         info@mawo.szczecin.pl     #(91) 484 67 77
Madi Hale Namiotowe Adam Piotrowski #         firma.madi@wp.pl     #504 049 354
ZCB Zbigniew Zbierski Producent zewnętrznych parapetów ceramicznych #         biuro@parapetyceramiczne.pl     #(91) 317 64 12
Irena Przetwórnia owocowo-warzywna Zbigniew Kołodziej #         biuro@pw-irena.pl     #(91) 564 42 46
Ogrody Anabelle Anna Szabelska Szkólka Drzew i Krzewów Ozdobnych Tuje Szmaragd #         zdzislawszabelski@tlen.pl     #696 769 081
Dachy z Trzciny Produkcja Trzciny Szymon Smolczyński #         trzcina@trzcina.com.pl     #608 427 547
Tom-Drew Tomasz Trosko #         tomasz.trosko@gmail.com     #783 475 947
Piekarnia Ekologiczna Wypieczony Sebastian Kotowski #         kotowski-sebastian@wp.pl     #608 405 773
Jacek Szkło Jacek Kowalczyk #         jacekszklo@onet.pl     #667 883 886
Vital-Sauna Sp. z o.o. sp.k. #         rafal@vitalsauna.pl     #501 303 544
Marsel Sp. z o.o. #         marsel@marsel.com.pl     #(91) 466 78 00
Adam Presnal Produkcja i Usługi #         presnal.a@interia.pl     #603 220 250
RNX Sp. z o.o. Elektronika Morska, Sprzęt Nawigacyjny i Radiokomunikacyjny #         biuro@rnx.com.pl     #(91) 400 00 47
ITS Spółka z ograniczoną odpowiedzialnością #         its@its-koszalin.pl     #601 449 194
Skraw-Met Malowanie Elektrokataforetyczne-Malowanie Proszkowe #         skrawmet@wp.pl     #510 236 609
Anchem Budowa Basenów #         biuro@anchem.eu     #509 177 161
Zakład Betoniarski, Usługi Budowlane Henryk Nowak Sprzedaż Piwnic Grobowych Prefabrykowanych ##503 509 021
Choco Trade Wioletta Janicka #         kontakt@chocotrade.pl     #501 389 105
Volcano sp. z o.o. #         d.zawislak.volcano@gmail.com     #530 410 600
B.R.H. Schody Metalowe Podesty Kraty Beata Smętek #         hurtowniastalibrh@wp.pl     #661 173 500
KZserwis Krystian Znyk Serwis i montaż klimatyzacji #         kzserwis@op.pl     #603 050 244
Szkółka Drzew Ozdobnych Binowo #         szkolka@binowo.pl     #691 367 422
AT-Corp Andrzej Trędowski #         atcorp@o2.pl     #602 652 097
Hydrobog Zakład hydrauliki siłowej #         zhs@hot.pl     #(91) 561 03 22
Prima Zakład Stolarsko-Budowlany Wyroby z Tworzyw Sztucznych Marek Łątka #         latka.marek@wp.pl     #604 238 835
Drew Mat II Sp. z o.o. Tartak, drewno budowlane #         drewmat@interia.pl     #661 929 135
Piotr Chojnacki Geodezja #         geodezjastargard@gmail.com     #609 416 757
Alumex Producent frontów alumniowych, szkło dekoracyjne #         alumex@op.pl     #698 353 993
Schody Szczecin Tomasz Tomaszewicz #         biuro@schodyszczecin.pl     #691 870 530
Państwowe Przedsiębiorstwo Przemysłu Metalowego Pomet #         biuro@ppgardia.pl     #(91) 392 55 70
Biurkom-Flampol #         biuro@biurkom.pl     #(94) 364 55 43
Andrzej Marszałek Firma Ogólnobudowlana #         domki-marszalek@wp.pl     #510 348 953
Pracownia Stolarska Tomasz Kuziemko #         tqziemko@gmail.com     #605 961 178
Ogrodzenia Gefert Rafał Gefert #         rafalgefert@wp.pl     #721 835 926
Pphu Agawa Inż Waldemar Fiołek #         agawa.fiolek@gmail.com     #601 155 493
Mauro Przedsiębiorstwo Handlowo Usługowe #         biuro@mauro.com.pl     #(94) 374 28 89
Riccardo Prywatny dom opieki Ryszard Kordel #         riccardo.kordel@hotmail.com     #501 468 383
Osla Oskar Labuda #         balustradaosla@gmail.com     #733 212 067
Daw-Pid Dawid Szuta #         dawpid.sd@gmail.com     #668 817 132
Palety Drewno Opałowe Pellet Brykiet Daniel Lewandowski #         daniellewandowski2003@yahoo.com     #668 498 493
Pumat #         biuro@pumat.com.pl     #536 432 555
Luxpol-Bis Spółka z o.o. Wysokiej Jakości Dzianiny Szeroki Wybór Wysokiej Jakości Dzianin #         luxpol-bis@post.pl     #(91) 834 25 80
Smaki Lata - słoiki weck, dekoracje do słoików i zakrętki #         bth@dobberstein.pl     #604 462 121
Historia Smaku Tetiana Khoshbakht #         tanyaxowbaxt@gmail.com     #886 764 527
Magdalena Stępniak-Kasyna PUH #         magdakasyna@icloud.com     #691 471 760
Outlet Moda Duńska Natalia Gramczewska #         natalia.gramczewska@wp.pl     #507 036 267
Zakład Przerobu Drewna Jakub Wierzbicki #         kubaw1119@wp.pl     #723 539 403
Dowolny Kaprys #         manzholavaleria@gmail.com     #573 879 161
Schodyidrzwi.eu. Schody drewniane na wymiar. #         kontakt@schodyidrzwi.eu     #504 963 434
Galena Producent Wiązarów Dachowych #         galenabiuro@wp.pl     #601 178 286
Gospodarstwo Rolne Alfred Smolczyński #         trzcina@trzcina.com.pl     #(91) 383 28 28
Sand Produkcyjno-usługowo-handlowa Bartłomiej Goliasz #         biuro@sand.kolobrzeg.pl     #691 720 235
Daneks Reklama Sztukateria #         daneks@daneks.com.pl     #(91) 462 64 54
Silikaty Trąbki Spółka z Ograniczoną Odpowiedzialnością Zajmujemy się produkcją wysokiej jakości bloczków silikatowych Materiały budowlane, cegły, bloczki silikatowe, bloczki otworowe, bloczki pełne #         biuro@silikatytrabki.pl     #(91) 577 69 64
Verdi Meble Producent mebli tapicerowanych na zamówienie #         verdimeble@interia.pl     #605 842 706
Cortez Manufaktura Stolarska Arkadiusz Kamiński #         corteztrend@wp.pl     #502 490 164
Epona Kancelaria Biegłego Rewidenta Elżbieta Łojek #         biuro@kancelaria-epona.com     #513 025 144
F.H.U. Sandinst Jarosław Maciejewski Budowa Basenów #         sandinst@onet.pl     #506 526 613
Ppuh Mikro S.C. Ewa Chłodnicka Zbigniew Chłodnicki #         mikro@koszalin.home.pl     #(94) 311 52 40
Promech Sp. z o.o. #         promech-karlino@wp.pl     #(94) 311 73 51
Szklarzruda.pl Oskar Ruda #         szklarzruda@gmail.com     #570 852 852
Waldemar Skwarna Zakład szklarski #         waldi.skwarna@gmail.com     #602 364 511
Mieczysław Pokój Zakład metalowy #         biuro@mieczyslawpokoj.pl     #608 043 924
Recykler Piotr Żywot #         biuro@recykler.szczecin.pl     #530 300 170
Styl Bet Przedsiębiorstwo Wielobranżowe Jurewicz i Paradowski Sp.j. #         biuro@styl-bet.com.pl     #(94) 363 30 76
Ogrodzenia Betonowe Mateusz Tomaszewicz #         mtomaszewicz2@wp.pl     #505 089 948
Borg Mury oporowe, prefabrykaty betonowe, garaże betonowe #         biuro@borg.szczecin.pl     #502 518 979
Potyrała i Spółka Sp. j. #         biuro@potyrala.com.pl     #(91) 469 32 99
Produkcja Wyrobów Tartacznych Mariusz Kaschuba #         dyzio1896@gmail.com     #791 283 864
Wojtex Stahlzaune. Bramy, ogrodzenia metalowe. Bagiński W. #         info@wojtex-zaune.pl     #513 390 785
Sigma #         sigmapompy80@gmail.com     #660 448 547
Hiper Stolarka #         salon@hiperstolarka.pl     #(91) 482 56 15
Arkada S.A. Zakład Konstrukcji Stalowych Producent Kontenerów Samochodowych #         info@arkadasa.pl     #(91) 385 16 52
Holstar Sp. z o.o. #         holstar@sz.onet.pl     #(91) 561 77 77
Arkadia Spółka cywilna Centrum ogrodzeń Andrzej Zajda, Roman Łukaszewski, Grzegorz Łukaszewski #         arkadia@centrumogrodzen.pl     #(91) 453 14 06
Jimi Usługi Budowlane Ryszard Tomala #         ryszardtomala1@wp.pl     #605 763 323
Miku Miki Łukasz Karpiński Hurtownia Tkanin, Tekstylia do Handmade #         lkarpinski1980@gmail.com     #502 162 118
Aluspaw Wiesław Pokój #         pokojwieslaw@gmail.com     #501 594 802
Elprim Meble Kuchenne Arkadiusz Świdurski #         biuro@elprim-kuchnie.pl     #(91) 461 31 23
Heatsan sp. z o.o. Salon Firmowy Viessmann #         tpilarczyk@op.pl     #(94) 354 76 09
Studio Haftu Komputerowego Dystrybucja Odzieży Justyna #         haftszczecin@gmail.com     #(91) 425 27 08
Beneko Zaopatrzenie Przemysłu Mięsnego Systemy Znakowania Żywności #         beneko@beneko.com.pl     #(94) 375 50 36
Geo-Metr Biuro Usług Geodezyjno - Kartograficznych Marek Stachowski Geodeta Uprawniony #         biuro@geo-metr.pl     #604 904 843
Raven Grzegorz Kruk #         grzegorz.kruk@alfaserwis.pl     #605 644 441
Iris-Bud Sp. z o.o. #         annaolech.irisbud@gmail.com     #608 224 606
Śliw-Plast Okna Pcv Drzwi Parapety #         sliwplast@o2.pl     #(91) 387 26 68
Euromaszt Maszty Flagowe, Flagi Narodowe i Firmowe #         biuro@euromaszt.pl     #791 777 210
BAR-FOL S.C. Iwona i Tomasz Sobierajewicz #         barfolbarlinek@wp.pl     #(95) 746 53 75
Multialu Michał Cichoński #         michalcichonski@o2.pl     #606 309 391
Fest-Spaw Sp. z o.o #         festspawstal@gmail.com     #535 926 817
Ireneusz Lesiak Al-Tig Spaw #         irek@al-tig.pl     #501 306 575
Modny Ciuszek Iwona Wasilewska Sprzedaż prowadzona odzieży damskiej, męskiej, dziecięcej używanej przez Prowadzenie transmisji na żywo na Facebooku (Live) #         ejo789@wp.pl     #663 574 136
Figiel-Epoxy Żywiczne Posadzki Przemysłowe Adrian Figiel #         biuro@figiel-epoxy.pl     #692 496 866
Kamila Zalewska Zal-Met #         zal-met@wp.pl     #733 201 220
TRANS-ŻWIR Żwirownia, Kruszywa, Materiały sypkie #         klosowski1@op.pl     #600 894 449
E&amp;w świat kolorów i szkła Ewa Czerska #         biuro@koloriszklo.pl     #784 096 119
Europak Palety Karol Sługocki #         europak@europak-drewno.pl     #(94) 318 39 11
Staltex Piotr Kadziński #         staltexpiotr@wp.pl     #695 615 743
Usługi Produkcyjno-Budowlane Ryszard Gołębiowski #         ryszardgolebiowski@wp.pl     #601 676 336
Serafin Firma Zielarska #         snmarcin@gmail.com     #600 626 273
Meble Bora #         biuro@meblebora.pl     #503 310 707
Drukarnia Oskar Witold Kaczanowski #         drukoskar@wp.pl     #602 766 469
Miody Fujarskich #         konrad@pasiekafujarskich.pl     #661 076 886
Zakład Stolarski Pasja #         pasja-schody@wp.pl     #513 642 294
Iris-Bud Sp. z o.o. #         konstel1@o2.pl     #608 224 606
Producent Zapałek Reklamowych Lucyna Kamieniarz #         biuro@zapalki.com     #602 671 249
Plus Ph Jerzy Prokopowicz #         plus.jp2@gmail.com     #602 114 984
Zeko Pawilony Handlowe #         biuro@zeko.pl     #(91) 418 14 53
Usługi Sprzętowo - Transportowe Zbigniew Skrzypa #         biuro@skrzypa.com     #609 090 594
Polwood Paweł Trosko #         polwood@onet.pl     #502 586 408
Eska PHU Mariola Wiśniewska #         eska.okna@gmail.com     #(95) 765 29 60
Ireneusz Zawadzki Zakład Szklarski #         zawadzki@zawadzki.az.pl     #(91) 487 77 31
Design Meble Grzegorz Dudek #         designmeblegd@onet.pl     #691 867 827
Foltek Autofolie Przyciemnianie Szyb Zmiana Koloru Karoserii Folie Okienne #         wojtekj22@gmail.com     #(91) 486 22 92
Mielenko Kopalnia Surowców Mineralnych Bolesław Danilewicz #         biuro@ksmmielenko.pl     #(94) 363 38 88
Mati-Glass Hurtownia Szkła Budowlanego, Usługi Szklarskie, Szkło Do Wyposażenia Wnętrz Usługi szklarskie w pełnym zakresie Kraina szkła i luster #         biuro@matiglass.pl     #(94) 341 77 53
Inter-Pack Producent Palet, Opakowań Drewnianych Certyfikat Ippc #         inter-pack@inter-pack.pl     #(94) 318 85 28
Ina Studio s.c. Salon Mebli Kuchennych #         biuro@ina-studio.pl     #883 997 880
A.g.b. Andrzej Bąba #         agb-andrzej@wp.pl     #501 107 799
Chromet #         biuro@chromet.com.pl     #509 501 627
Ogrodnik Rolnicza Spółdzielnia Produkcyjna Mieszanki Pasz. Usługi Koparko-Ładowarką #         ogrodnikpolice@gazeta.pl     #(91) 317 50 56
Techmar Service #         biuro@techmarservice.pl     #502 359 787
