R&amp;S Święcińscy #         biuro@wtryskownia.eu     #(85) 743 80 30
Producent domów drewnianych Prodrew Sp. z o.o. #         biuro@prodrew.elk.pl     #793 088 703
Jarosław Kalinowski Zakład Piekarniczo-Cukierniczy #         sekacz.jkalinowski@gmail.com     #(86) 219 14 98
Zakłady Mięsne Podgórze Jacek Hryniewicz, Krzysztof Zawadzki Spółka Jawna #         apis10@o2.pl     #(86) 217 82 29
Altrad Poland S.A. #         sprzedaz@altradpoland.pl     #(85) 661 43 03
Usługi Ślusarsko- Spawalnicze Metaloplastyka Janusz Cimoch #         cimochjanusz@wp.pl     #501 592 856
Nagrobki Marek Nowak #         nagrobkinowak2012@gmail.com     #510 865 344
Cennas Sp. z o.o. Przedsiębiorstwo Handlowo-Nasienne #         cennas@wp.pl     #(86) 272 22 69
Paweł Wojdak Usługi Kamieniarskie Nagrobki Liternictwo #         kamieniarstwowojdakp@onet.pl     #691 107 020
Monter Dariusz Sural #         schodysural@gmail.com     #606 683 539
Diadom - Okna, Drzwi, Bramy Garażowe, Ościeżnice #         biuro@diadom.pl     #517 851 743
Artprol Ceckowscy Spółka jawna #         biuro@artprol.pl     #(87) 566 49 77
Natural Sp. J. #         bialystok@natural.com.pl     #(85) 868 22 59
JMTech Jacek Barszczewski Elektromechanika Przemysłowa. Naprawa maszyn przemysłowych #         serwis@jmtech.pl     #508 538 501
Zakład Optyczny s.c. E.Niezgoda, J.Obrzud #         biuro@optyk.augustow.pl     #(87) 643 30 65
Chrostowski PW - Produkcja i Legalizacja Wag, Wzorce Masy Marian Chrostowski #         biuro@pwchrostowski.pl     #606 260 461
Cadd Studio Piotr Świrydowicz #         piotr@caddstudio.pl     #517 492 508
Przedsiębiorstwo Produkcyjno Handlowo Usługowe Flaki Konarzyce Rafał Pogroszewski #         r.pogroszewski@wp.pl     #501 163 828
Agrotechnik Ryszard Radwański #         agrotechnik@agrotechnik.home.pl     #(86) 276 08 40
Pionier Karol Palikot #         biuro@alleopony24.pl     #571 237 751
Factory Piotrowski Maciej Piotrowski #         factorypiotrowski@gmail.com     #797 372 143
Tapijanusz Janusz Adamczuk #         januszmeble70@wp.pl     #660 270 516
Bartnik Sokólski Gospodarstwo Pasieczne Wojciech Zajkowski #         bartniksokolski@o2.pl     #603 589 493
Polinat F.H. Irena Godoniuk Jerzy Godoniuk #         polinat.bk@home.pl     #(85) 656 12 21
Drozd PUH Producent Trawy Żubrowej #         drozdsk@wp.pl     #723 571 284
Tomasz Chraboł Handel i Produkcja Drzewna #         chraboltomasz@wp.pl     #602 449 270
Wilk Meble Zakład Produkcyjno-Usługowy Dariusz Wilk #         biuro@wilkmeble.com     #602 511 166
Meble Na Wymiar Adam Truchel #         stolperfekt@gmail.com     #517 788 336
Piopol Zakład Produkcyjno-Usługowy Piotr Łysynkiewicz #         piopol@onet.eu     #510 979 555
Falko Zakład Stolarski Tomasz Falkowski #         biuro@falkomeble.pl     #660 041 906
Sebastian Iwanicki #         kontakt@domofony.bialystok.pl     #798 515 969
Biesiadna Restauracja s.c. Edyta, Marek Tworkowscy #         biuro.biesiadna@gmail.com     #723 985 984
Biesiadna Restauracja s.c. Edyta, Marek Tworkowscy #         biesiadna.bialystok@gmail.com     #(85) 661 38 99
Jp Drzwi I Okna Jacek Południak #         jpdrzwi@onet.eu     #577 922 377
Gumi-Express Sławomir Jakubowski #         gumi-express@wp.pl     #(87) 567 65 82
Aga4house Agnieszka Dowgiert #         agnieszkadowgiert@wp.pl     #786 155 055
Arton Reklama&amp;Poligrafia-CNC, Litery przestrzenne #         arton@arton-reklama.pl     #(85) 656 15 54
Agro-Handel Skład materiałów Tyszko G. #         tyszko.agro@wp.pl     #606 308 706
Zakład Kamieniarski Mirosław Łapiński #         brak     #605 259 903
Mirko Pokrowce Samochodowe Naprawa Tapicerek Samochodowych Naprawa Skuterów #         mirko@motomirko.com.pl     #602 723 734
Henda s.c. Andrzej Duchnowski, Beata Duchnowska, Henryk Duchnowski #         henda@o2.pl     #501 546 315
Zakład Obróbki Skrawaniem Ślusarstwo Kamieński Wieczysław #         kamienskiw@tlen.pl     #607 939 125
Masarnia Nowiccy Kamil Nowicki #         nowpolania@o2.pl     #505 393 955
PPHU Świetlik Maciej i Jarosław Krzyżewscy #         swietlikznicze@wp.pl     #604 591 569
Jerzy Lewandowski Zakład kamieniarsko betoniarski #         ejlew@wp.pl     #604 622 219
Malow Spółka z ograniczoną odpowiedzialnością #         marketing@malow.com.pl     #(87) 566 07 02
Michał Milewski Milew Meble #         milew@onet.pl     #883 239 114
Kamieniarstwo Adrian Więcek #         kamieniewiecek@gmail.com     #797 929 959
Vilpol Wilamowscy sp.j. #         vilpolinfo@wp.pl     #(85) 716 25 72
Dalma Spółka z ograniczoną odpowiedzialnością #         dalmadaria@poczta.onet.pl     #502 363 628
Parbet Łukasz Arasimowicz #         biuro@parbet.pl     #514 141 317
Ad2000 Zdzisław Jankowski #         zdzislaw-jankowski@wp.pl     #502 611 822
Gryzer Firma Usługowo-Handlowa Łukasz Milewski #         biuro@gryzer.com.pl     #508 359 077
MLEK-MAR Sklep rolno-ogrodniczy #         mlekmar@op.pl     #724 203 503
Rogmar Grzegorz Czeszel #         biuro@roletybialystok.pl     #663 427 135
Betex Zakład Produkcji Spożywczej Jan Kakareko #         betexknyszyn@op.pl     #(85) 716 70 47
Na Wymiar Paweł Wiszowaty #         na.wymiar.bialystok@gmail.com     #604 778 763
EJ ZAMOJTUK Spółka z ograniczoną odpowiedzialnością #         sklep@ejzamojtuk.pl     #537 026 326
Rode Bartłomiej Rode #         rode1@onet.eu     #664 917 400
Andrzej Dębicki Transport Handel i Produkcja Drewna #         andrzej_debicki@wp.pl     #501 042 929
Paweł Żukowski Phu Fenix #         pzukowski@op.pl     #502 517 672
Magnus P.H.U. Krzysztof Gnatowski #         k.gnatowski@magnuschemia.pl     #506 072 712
Al-Technik Adam Leoniewski #         al-technik@wp.pl     #668 403 023
Rafałek Młyn Handlowo-Usługowy Henryk Płoński #         biuro@mlynrafalek.pl     #(86) 476 06 59
Kredens Agnieszka Gawryluk #         maciejgawryluk@o2.pl     #695 707 698
Interagro Środki ochrony roślin, części do ciągników i maszyn rolniczych #         interagro.bial@op.pl     #(85) 747 46 44
PHU Waldemar Borewicz #         waldek.borewicz1@wp.pl     #667 281 761
Z.h.u. Agro-System Dariusz Chmielewski #         chmielewski.dealer@westfalia.com.pl     #697 500 462
Zakład Stolarski Andrzej Tylenda #         jolantatylenda@gmail.com     #605 958 593
APiN Automatyka Przemysłowa i Napędy Maciej Rogucki #         mrogucki@apin.net.pl     #500 011 442
Klima Heat - Producent Kanałów Wentylacyjnych #         biuro@klimaheat.pl     #600 981 851
Meble Sierżantowicz #         biuro@meble-sierzantowicz.pl     #602 613 458
Orto-Protetyka Paweł Skórski #         orto.pawel@interia.pl     #664 457 442
Anwik s.c. Phu Anna Rogowska Wincenty Bachurzewski #         anwik4@poczta.onet.pl     #(85) 737 59 08
Andrewpol Zakład Drzewny Andrzej Pryczynicz #         biuro@andrewpol.com.pl     #(85) 683 46 38
Blach-Mix Produkcja Blach Dachowych #         blachmix@op.pl     #(85) 655 59 67
Ewa Szulc Cukiernia Słodki Dzień #         ewa.szulc123@interia.pl     #501 626 834
Air Products Sp. z o.o. #         kolaczj@airproducts.com     #801 100 107
Protech Sc Marek Pietrasz #         biuro.protechsc@gmail.com     #512 974 276
Schody Drewniane, Podłogi, Stolarz, A.P Step-Bud #         aposkrobko@vp.pl     #501 796 054
Merino #         e_merino@onet.pl     #(87) 566 34 94
Rwgold Robert Wiewiórowski #         wiorek32wr@gmail.com     #666 031 570
Zakład Tapicerski Jerzy Ambrosiewicz #         krystyna-a-1963@o2.pl     #600 457 246
Imex s.c. Meble kuchenne, biurowe, szafy #         imex@indeco.pl     #(85) 742 66 70
SALAG - Panele Podłogowe i Ścienne, Deski Tarasowe #         biuro@salag.com     #(87) 565 42 22
Eliza Izabela Kasprzyk #         elizafirany@op.pl     #(86) 216 96 03
1m Track  Sp. z o.o. #         t.kantor@genap.com.pl     #504 249 100
3film Krzysztof Dawid Kowalewski #         studio@3film.pl     #512 223 020
4szpaki Sp. z o.o. ##690 800 823
4szpaki Sp. z o.o. Sp.k. ##690 800 823
A i K Granit S.C. Kazimierz Sokół Adam Czaczkowski ##603 633 722
AC Spółka Akcyjna ##(85) 743 81 00
Acarda Sp. z o.o. #         acarda@o2.pl     #510 006 554
Adam Dmochowski #         adamdmochowski2708@gmail.com     #(86) 475 09 25
Adam Lewczuk Sery z Puszczy Białowieskiej #         uriel34@poczta.fm     #668 425 827
Adaś S.C. Beata Paszkowska Adam Chrostowski ##506 375 237
AG Termopasty Grzegorz Gąsowski ##(86) 274 13 42
A.G.Chemia Andrzej Gąsowski ##(86) 274 19 01
Agnex Krzysztof Wierzbicki ##601 792 408
Agrafcowa Pogotowie Krawieckie Dereszkiewicz Marta ##609 582 313
Agripol Sp. z o.o. Przedsiębiorstwo Przetwórstwa Mięsnego #         kadry@agripol.com.pl     #Oceń firmę i napisz o niej opinię:
Agrohurt Dojrzewalnia Serów Spółka Jawna #         agrohurt@agrohurt-sery.com.pl     #(85) 716 33 02
Agrokompleks Sp.j. A. M. P. Wiśniewscy ##(85) 650 35 80
Agrokur Sp. z o.o. ##573 390 524
Agromarket Bielsk Podlaski ##(85) 730 18 30
Agromech Sp. z o.o. Przedsiębiorstwo Produkcyjno-Handlowo-Usługowe #         agromech@post.pl     #(85) 711 22 58
Agrona Sp. z o.o. ##(85) 716 33 02
Agro-Płot Produkcja Ogrodzeń Mirosław Wojsław ##604 358 407
Aimcontrollers Sp. z o.o. #         game@aimcontrollers.com     #(86) 262 58 99
Aimlimitless Sp. z o.o. Sp. k. #         game@aimcontrollers.com     #(86) 262 58 99
Akela Firma Odzieżowa Jerzy Rzeńca #         ubior.akela@prokonto.pl     #(85) 732 03 32
Algum Alina Tomkiewicz #         algum1@wp.pl     #(85) 743 71 62
Alicja PHU Ala Powalska #         rodezjan13@wp.pl     #517 621 788
Al-pol P-H-U Zbigniew Połuszejko #         al.pol@o2.pl     #606 987 325
Alstar Project Mariusz Kowalczyk #         mariusz.kowalczyk1987@gmail.com     #Oceń firmę i napisz o niej opinię:
AluFusion Krystian Bodanko #         bialystok@alufusion.pl     #516 549 500
ALUKSS Zbigniew Dąbkowski Produkcja Stolarki Aluminiowej #         z.dabkowski@wp.pl     #668 170 704
Aluline S.C. Emilia Chrostowska Przemysław Dąbrowski ##515 270 910
Alumax Karol Iwanowski #         alumax@vp.pl     #608 114 343
Alu-Nex #         alunex@wp.pl     #507 607 648
Alusar Mioduszewski Sławomir #         s.mioduszewski@wp.pl     #500 817 509
Aluspeed Sp.j. Adam Niewiński, Mariusz Sokołowski ##501 660 536
Alutech Krzysztof Bernacki ##510 101 472
##test
Aluwer Sp. z o.o. w Organizacji #         biuro@aluwer.pl     #606 882 218
Aluwindows Sp. z o.o. Sp.k. ##605 331 032
Alwiks Kamil Sokołowski #         kontakt@alwiks.pl     #733 145 130
Amara Biuro Techniczno-Handlowe Bolesław Staniszewski #         amara@wp.pl     #(85) 742 18 98
a&#039;Mat Zakład Chemii Gospodarczej i Tworzyw Sztucznych Agnieszka Tajak #         atebtajak@wp.pl     #Oceń firmę i napisz o niej opinię:
Amber Planet Nord Jadwiga Żebrowska ##(85) 674 36 43
Amelia PPHU Przedsiębiorstwo Produkcyjno-Usługowo-Handlowe Bernard Kłopotowski ##607 052 302
AMK Jakub Michalis #         biuro@amk.com.pl     #602 797 959
ANDROPOL Spółka Akcyjna #         dh@andropol.com.pl     #(85) 653 12 16
Aneko - Usługi Krawieckie Dekoracja i Zabezpieczenie Okien Elżbieta Ławicka #         elzbietalawicka@wp.pl     #Oceń firmę i napisz o niej opinię:
Anmar Sp.j. Ubojnia Andrzej Zalewski Marek Ciborowski #         anmar8@wp.pl     #(86) 276 47 35
Antique Parquets Pracownia Antykizacji Zdzisława Targosz #         office@parquets.com.pl     #(85) 682 62 70
Antynea Sp. z o.o. #         info@antynea.com     #(85) 674 36 55
Anwo Sp.j. Aleksandra Rynkowska Krzysztof Rynkowski #         anryn@o2.pl     #(85) 742 12 99
A.P. Step-Bud Adam Poskrobko #         aposkrobko@vp.pl     #501 796 054
Apat Patrycja Kościuczyk #         haft@haftbialystok.pl     #Oceń firmę i napisz o niej opinię:
APS-Dormika Robert Radaszkiewicz #         dormika@dormika.pl     #604 074 398
Aquael Sp. z o.o. ##(87) 565 41 08
Ara S.C. Zakład Produkcji Konfekcji Pczeła Zofia Pczeła Witold ##(85) 653 05 15
ArcelorMittal Distribution Solutions Poland Sp. z o.o. Produkcja (H.K. POM) ##(87) 566 32 61
Arete Przedsiębiorstwo Produkcyjno-Handlowo-Usługowe Czesław Klejbuk ##(85) 711 56 58
Aromatique Daniel Kowalewski #         biuro@aromatique.pl     #(85) 655 05 02
Artyzanci Sp. z o.o. #         biuro@artyzanci.pl     #Oceń firmę i napisz o niej opinię:
As S.C.Przedsiębiorstwo Produkcyjno-Handlowo-Usługowe Sławomir Moczydłowski Andrzej Wierzbicki #         as.sc@op.pl     #Oceń firmę i napisz o niej opinię:
Ataex S.C. Zakład Usługowo-Produkcyjny T. Terpiłowski M. Andruszkiewicz ##603 676 188
Atelier Projektowo-Krawieckie Marlena Gąsior #         info@la-promesse.com     #Oceń firmę i napisz o niej opinię:
Atva PHU Zakład Pracy Chronionej ##(87) 643 40 92
Audio-Wideo Dominik Piekutowski ##(85) 738 51 31
Augustowska Miodosytnia Paweł Kotwica Piotr Piłasiewicz S.C. #         kotwica.arch@gmail.com     #603 601 195
Ava Sp. z o.o. #         biuro@avalingerie.pl     #(85) 744 59 83
Avisa A. Kujawa L. Kujawa Sp.j. ##(85) 653 37 55
Awex Intermoda Lucyna Wyrkowska ##(85) 742 66 31
Axami Anna Gołębiowska Edyta Skutnicka ##(85) 675 49 54
Az S.C. Akcesoria Samochodowe i Rowerowe A. Biernacka i Z. Biernacki ##(85) 676 28 00
B Sides Barbara Chrabołowska #         infobsides@gmail.com     #509 763 607
Bajeczna S.C. A. Markiewicz T. Smorczewska ##(85) 655 72 88
Bajeczna S.C. Lody Tradycyjne Wyrób i Sprzedaż Lodów A. Markiewicz M. Sawicka ##(85) 655 72 88
Bal Usługi Ciesielsko-Budowlane Marcin Kamiński ##605 640 907
BALMAR Marcin Bałazy #         balmar_22@o2.pl     #730 961 989
Bang Studio Paulina Harasimowicz #         biuro@bang-agency.pl     #883 746 336
Baribal Agro Sp. z o.o. ##606 484 053
Bartlowizna Przetwórstwo Mięsne - Wyroby Regionalne Sp. z o.o. ##(85) 738 06 33
Bax Przedsiębiorstwo Produkcyjno-Handlowe Ewa Skonieczna #         wojtekewas@op.pl     #(85) 711 57 30
Bayer Media Sp. z o.o. w Organizacji ##501 304 090
Bazalt Pracownia Rzeźbiarsko-Kamieniarska Wacław Jeżyna #         biuro@bazalt.info     #668 318 753
Bąkowski Ryszard Ogrodnictwo ##(85) 651 03 38
Bb Studio Beata Jacek Dominik Żukowscy S.C. ##508 131 555
Bb Studio Beata Żukowska - Wspólnik Spółki Cywilnej #         biuro@bbstudio.eu     #Oceń firmę i napisz o niej opinię:
B.C. Miniatures Bartosz Chrulski #         bchrulski@gmail.com     #Oceń firmę i napisz o niej opinię:
Beata Komarzewska-hurtownia Artykułów Dziecięcych Bambino ##(85) 744 28 29
Bella Vita ##(85) 742 22 07
Belpla S.C. Agencja Handlowa ##503 118 871
BENDEX Sp. z o.o. Sp. k. #         info@bendex.pl     #Oceń firmę i napisz o niej opinię:
Benyfik Szymon Fiedorek #         fiedorek.szymon@gmail.com     #Oceń firmę i napisz o niej opinię:
Besta S.C. Przedsiębiorstwo Handlowo-Usługowe ##(85) 710 43 87
Bestwins Sp. z o.o. #         bestwinsfilm.media@gmail.com     #532 124 600
Bet Usługi Kamieniarskie Zygmunt Świątkowski ##(86) 275 08 75
Beta MIX Sp. z o.o. Sp.k. #         rstachowski@betaprojekt.com     #517 611 538
Bg Cosmetics Sp. z o.o. #         sklep@mariebrocart.pl     #796 540 987
Bia24 Sp. z o.o. #         biuro@bia24.pl     #Oceń firmę i napisz o niej opinię:
Bial-Chem S.C. Przedsiębiorstwo Produkcyjno-Handlowo-Usługowe Mirosław Sawicki Wiktor Gryko ##600 233 418
Bianar Zakład Produkcji Narzędzi Sp. z o.o. #         kowalczyk.bianar@wp.pl     #(85) 675 40 36
Biaryb Jan Jasiński ##880 682 638
Biasona Marek Bruzgo ##512 263 232
Biasona Marek Bruzgo #         biasona@op.pl     #(85) 711 88 47
Biazet S.A. #         i.trochimczuk@biazet.pl     #(85) 678 47 00
Biedul Stanisław Zakład Kamieniarski ##(87) 642 31 01
Bigo Szałwińscy S.C. #         bigo@hot.pl     #(87) 643 06 16
Bio-Tech Izabela Turkowska #         izaturkowska1998@gmail.com     #Oceń firmę i napisz o niej opinię:
Bison Tools S.A. #         info@bison-bial.pl     #501 141 831
Biuro Handlowe Netto Plus Sp. z o.o. ##(85) 710 18 37
Blackbra Sylwia Bogdan #         sylwia.bogdan@autograf.pl     #Oceń firmę i napisz o niej opinię:
Blicharz H. K. Usługi Stolarskie #         stolarstwo_blicharz@interia.pl     #(85) 873 29 74
Błysk Sp.j. Hurtownia ##(86) 218 68 06
Błyszczek Stanisław Zakład Produkcyjny Tworzyw Sztucznych ##507 922 187
BND Light Bartosz Niewiarowski #         bnd.biuro@gmail.com     #508 372 680
Bobranka Justyna Bobran ##502 812 175
Bołkun Kazimierz Firma Produkcyjno-Handlowa #         biuro@e-wafel.pl     #(85) 718 53 02
Bołkun Kazimierz Firma Produkcyjno-Handlowa ##(85) 675 40 04
Bona Sp. z o.o. Zakłady Spożywcze #         bona@bonavita.com.pl     #(86) 216 01 71
Borawscy Krzysztof i Waldemar S.C. Zakład Obróbki Drewna ##(86) 272 43 77
Bost Sp.j. Zakład Mięsny Bogdan Jakim Stanisław Jakim ##(85) 650 52 95
Bosta-Beton Sp. z o.o. Przedsiębiorstwo Produkcji Mas Betonowych ##723 692 411
Bożenna Tomaszewska PHU Baks #         bartex3@home.pl     #Oceń firmę i napisz o niej opinię:
Bramica Andrzej Koziej ##519 184 180
Bratbal Piotr Wróblewski #         bratbal78@op.pl     #664 128 999
Browar Biały Sp. z o.o. #         biuro@browarbialy.beer     #602 655 997
Browar Hoplala Sp. z o.o. #         kontakt@hoplala.pl     #509 934 194
Browar Miejski Gloger Sp. z o.o. #         biuro@browargloger.pl     #604 766 418
Browar Słodowy Dwor #         browarpodlaski@wp.pl     #500 600 212
Budnik Leon Przedsiębiorstwo Wielobranżowe #         biuro@budnik.com.pl     #(85) 652 58 16
Budomax S.C. Antonowicz Renata Antonowicz Jarosław ##605 330 318
Cafe Rico S.C. Marta i Wojciech Jachimowicz ##601 702 001
Cargo-Luk Łukasz Wołowicz #         lukasz-wolowicz@o2.pl     #Oceń firmę i napisz o niej opinię:
Carpexim #         biuro@carpexim.pl     #(86) 219 99 99
Carpexim Dariusz Krajewski ##(86) 216 32 21
Cawit Sp. z o.o. ##(22) 760 81 80
Cewin Przedsiębiorstwo Produkcyjno-Handlowo-Usługowe Mieczysław Modzelewski #         cewin@poczta.onet.pl     #(86) 271 52 82
Cezary Kulesza Kulesza Holding ##(86) 271 31 06
Chemaster Piotr Grzybowski Janusz Tyszka Sp.j. ##(86) 271 05 81
Chemisorb Mirosław Parfieniuk #         mparfieniuk@wp.pl     #(85) 683 30 62
Chmeat Sp. z o.o. ##(85) 711 27 44
Chmielewski Sylwester Produkcja Wyrobów z Drewna ##695 766 617
Chojnowscy Zakład Produkcji Drzewnej Zdzisław Chojnowski ##(86) 217 93 53
Chojnowscy Zakład Produkcji Drzewnej Zdzisław Chojnowski i Ryszard Chojnowski ##(86) 217 93 53
Chrostowski Andrzej Serwis Ogumienia #         serwischrostowski@wp.pl     #(86) 216 66 48
Chwiećko Kamil #         brjszymanska@gmail.com     #(85) 654 67 78
Ciecierski Jan Sprzedaż Artykułów do Produkcji Rolnej ##(86) 273 61 41
Clovin S.A. #         clovinsklep@interia.pl     #784 093 911
Cornpol Sp. z o.o. #         cornpol@wp.pl     #695 000 000
CORTINA Cezary Krzysztof Dąbrowski #         salon@cortinagroup.eu     #577 433 555
Cover II Zakład Produkcyjno-Usługowo-Handlowy #         cover-suwalki@wp.pl     #(87) 567 53 56
Cover II Z.P.U.H. ##(87) 566 60 17
Cukierkowy Raj Małgorzata Szabłowska ##534 814 073
Cukiernia Kinga Witold i Jadwiga Poskrobko Spółka Jawna #         biuro@cukierniakinga.pl     #(85) 732 10 37
Cukiernia Kinga Witold i Jadwiga Poskrobko Spółka Jawna ##(85) 732 10 37
Cymes Sp.j. Zakład Masarniczy ##(87) 641 20 65
Czuł Piotr Zakład Ślusarski #         czulek1984@tlen.pl     #(85) 738 50 69
Dabarti Tomasz Wyszołmirski #         tomek@dabarti.com     #694 867 603
Dafi PPUH Adam Łobodziński ##(85) 653 97 53
Dalijot Sp. z o.o. ##517 176 957
Danex Daniel Zajączkowski ##505 111 868
Danomat Sakowski Leszek Supiński Grzegorz S.C. Produkcja Handel Usługi #         phudanomat@wp.pl     #509 903 216
Dar Hurtownia z Artykułami Dziecięcymi #         hurtownia.dar@wp.pl     #Oceń firmę i napisz o niej opinię:
Darex Zakład Produkcji Mebli Elżbieta Peretko #         darek1313@tlen.pl     #604 269 385
Dar-Kam Przemysław Łabanowski #         labanowski@poczta.onet.pl     #519 832 774
Darmex Marek Łozowski ##(87) 642 56 12
Dawid Krasnopolski ##662 816 158
Day&amp;Light Studios Piotr Łapiński ##696 346 000
Dażynka - Nadbużańskie Smaki Grażyna Putkowska ##(85) 655 11 74
Dąb Sławomir Bilkiewicz Sławomir Bilkiewicz Zakład Stolarski Handel Usługi Produkcja ##502 778 202
Dbstudio Szymon Łapiak Ul. Łomżyńska 15 18-230 Ciechanowiec ##(86) 277 12 41
De Facto S.C. Helena Łapciew Artur Oniszczuk #         biuro@df.net.pl     #(85) 730 54 02
Del Vento Inna Stetsenko #         info-delvento@wp.pl     #Oceń firmę i napisz o niej opinię:
Delfin Zakład Przetwórstwa Rybno-Spożywczego ##(85) 743 11 66
Delta Sp.j. J. Mierzwiński #         delta.sp.j@wp.pl     #(86) 275 47 38
Design 4 Business Tomasz Świętorzecki #         kamilusss@o2.pl     #606 129 833
Deskoteka Studio Podłóg #         biuro@deskoteka.pl     #505 400 111
Dilap S.C. Przedsiębiorstwo Handlowo-Usługowe Produkcja Drzwi ##(85) 742 89 64
Diplo S.C. Adamczuk Andrzej Topczewski Andrzej ##(85) 743 13 65
DMK Budownictwo Dariusz Dziuba #         wodkadeluxe@interia.pl     #577 650 190
Domaszewscy. Produkcja Drzwi. Krzysztof Domaszewski ##(86) 219 17 06
Domaszewscy.Produkcja Drzwi. Ryszard Domaszewski ##608 588 457
Dom-Bal Wojciech Kozłowski #         dombal1117@wp.pl     #601 176 435
Domi Floor Zdzisław Karwel #         domifloor@wp.pl     #Oceń firmę i napisz o niej opinię:
Domki Kempingowe Jerzy Prymaka #         domki13@op.pl     #602 340 486
Domy Drewniane Irmina Zubrycka #         jzch@onet.pl     #Oceń firmę i napisz o niej opinię:
Domy z Bala Marek Dembowski ##500 209 502
Dorina Pracownia Krawiecka Dorota Mieczkowska #         dorotamieczkowska1@wp.pl     #Oceń firmę i napisz o niej opinię:
Doris Usługi Krawieckie Dorota Przekop ##508 604 371
Dortus Dorota Benedyczuk ##732 750 903
Dreamlightz Studio Maciej Słupski #         maciej.slupski@gmail.com     #609 507 234
Dres Produkcja Wyrobów Tartacznych Jarosław Waraksa #         jarekdres@wp.pl     #504 236 901
Drevia Marzanna Jędrzejczak #         drevia@drevia.pl     #608 337 848
Drew - Met Maciej Dryglas ##502 201 896
Drewex Józef Pojawis ##500 037 351
DS Partners D. Rembeliński Sp.j. #         staszek.sierocki@gmail.com     #696 079 980
Duet Sp.j. Zakład Mięsny ##(85) 715 29 63
Dyczewscy Sp.j. Zakład Przetwórstwa Mięsnego ##(87) 565 38 80
DZT Tymińscy Sp. J. ##(85) 655 30 47
East Film Roman Wasiluk ##694 988 698
Easyjob Tomasz Dunikowski Nl #         dunikowski13@gmail.com     #Oceń firmę i napisz o niej opinię:
Ecodesign Weronika Werpechowska #         weronikawerpechowska@gmail.com     #Oceń firmę i napisz o niej opinię:
Edits Krystian Łupiński #         krystian.lupinski@gmail.com     #Oceń firmę i napisz o niej opinię:
Edmark Sp. z o.o. ##509 877 050
Edmax Żukowski s.c. #         biuro@edmaxzukowski.pl     #660 378 057
Efekty Specjalne Michał Wićko #         michalwicko@gmail.com     #511 129 256
e-filmypromocyjne.pl #         info@e-filmypromocyjne.pl     #Oceń firmę i napisz o niej opinię:
Efin Sp. z o.o. Zakład Produkcyjny ##502 232 057
Egzoland Specjalistyczne Gospodarstwo Ogrodnicze mgr Piotr Gwoździej #         egzoland@egzoland.pl     #(85) 743 49 03
Eko - But Zakład Produkcyjno - Usługowo - Handlowy Anna Tymińska ##501 266 412
Eko Architektura Sp. z o.o. #         sklep@domkiekoarchitektura.pl     #(85) 672 30 31
EKO DOM I OGRÓD ##513 090 805
Eko Drewbox Sławomir Wiśniewski #         drewbox@poczta.fm     #607 691 098
Ekomięs Sp. z o.o. ##(86) 270 11 19
Ekosprzęt Filip Grygo #         ekosprzet@ekosprzet.pl     #Oceń firmę i napisz o niej opinię:
Ekoterm Przedsiębiorstwo Produkcji Handlu i Usług #         biuro@ekoterm.net     #(87) 567 20 72
Elektro Alex Sp. z o.o. #         biuro@autogas-alex.com     #(85) 664 84 40
El-Lebo Leszek Lebowski ##664 729 540
ELLEGANCE Sp. z o.o. ##(86) 473 77 88
Elnest Polska Sp. z o.o. ##(85) 741 24 04
Elsat Tadeusz Santorowski ##604 282 484
Elzaz Zbigniew Zalewski #         biuroelzaz@gmail.com     #Oceń firmę i napisz o niej opinię:
Emfi Elwira Fiedorowicz #         elwirkafiedorowicz@interia.eu     #Oceń firmę i napisz o niej opinię:
Erbi Sp. z o.o. #         erbi.carbon@gmail.com     #537 597 255
Euro-Dom Ireneusz Łukasiuk Skład Przemysłowy Produkcja Kafli #         biuro@kaflepiecowe.com.pl     #509 682 493
Euro-Moda Produkcja Odzieży Damskiej Krystyna Czyżewska ##(85) 675 42 89
Ev Pro Sp. z o.o. #         sklep@cat-ebikes.pl     #577 512 420
Evita Sklep Firmowy ##(85) 732 14 23
Expert Narzędzia S.C. A. Sienicki T. Trusiak #         expertnarzedzia@wp.pl     #796 595 316
Fabryka Columbus Sp. z o.o. ##(85) 662 68 00
Fabryka Wyrobów Runowych Biruna S.A. ##(85) 749 79 12
Falcon Media Mateusz Sokołowski #         mateusz.sokolowski98@gmail.com     #Oceń firmę i napisz o niej opinię:
Faszczewski Marcin Usługi Ciesielskie i Stolarskie #         faszczewski.marcin@gmail.com     #694 906 141
Fenikschemia Sp. z o.o. ##508 773 370
Ferdosik Robert Osyda #         robert.osyda@gmail.com     #Oceń firmę i napisz o niej opinię:
FF Hurtownia Produkcja Zniczy Mateusz Hołubowski #         mateuszh83@gmail.com     #505 075 484
Filmex-Pol Łukasz Puchalski ##519 594 412
Filmografia Karol Milewski #         milewski900105@gmail.com     #Oceń firmę i napisz o niej opinię:
Final Vision Tomasz Czaban #         fvision@poczta.onet.pl     #Oceń firmę i napisz o niej opinię:
Finalmedia Wojciech Niczyporuk #         wn20@wp.pl     #602 788 556
Fingers Crossed Paweł Bukowski #         bukos666@gmail.com     #797 960 318
Firdaus Ruslan Satabiev #         raslanbeks@gmail.com     #Oceń firmę i napisz o niej opinię:
Firma Handlowa Kaczyński Dorota Kaczyńska #         fh.kaczynski@wp.pl     #(85) 743 71 27
Firma Handlowo-Produkcyjna Lompart Cezary #         biuro@lompart.pl     #Oceń firmę i napisz o niej opinię:
Firma Handlowo-Usługowa -Produkcyjna Stan-Skate #         mozejko@hot.pl     #603 822 010
Firma Kraspol Jarosław Krasowski #         kras-pol@wp.pl     #(86) 275 21 17
Fleks Gabriela Przedsiębiorstwo Produkcyjno-Usługowe ##604 477 385
Focus Sp. z o.o. ##(85) 653 10 60
Fokus Produkcja i Sprzedaż Zniczy Piotr Pasiuk ##501 499 727
Format Hurtownia Systemów Alarmowych #         biuro@format-ms.pl     #(85) 662 33 77
Fortes Edyta Marzena Hanusiak ##798 894 789
Foto - Wideo Zalewscy Wojciech Zalewski ##693 338 900
Foto Fun! Łukasz Białozor #         fotofun.filmowanie@gmail.com     #509 626 268
Foxia Katarzyna Sierakowska #         k.sierakowska@o2.pl     #Oceń firmę i napisz o niej opinię:
Francesca Film Agata Chwaszczewska #         agatachwaszczewska@gmail.com     #510 837 284
Francuskie Systemy Aluminiowe Sp. z o.o. #         biuro@fsa.net.pl     #668 288 796
Franko Dystrybucja Sp. z o.o. ##(85) 676 04 32
Futurevision Agnieszka Korzeniecka-Czaban ##603 281 772
Fux Przedsiebiorstwo Produkcyjno-Handlowo-Usługowe Bartłomiej Fuks #         firma@fux-collection.pl     #604 778 209
Gabifilm Wideofilmowanie Rafał Supiński #         gabifilm@wp.pl     #(85) 674 66 21
Gabro Wojciech Dąbrowski #         gmd@op.pl     #(85) 719 40 29
Gaia Sp. z o.o. ##(85) 664 23 07
Gaia Sp. z o.o. Magazyn ##(85) 676 00 44
Gajecki Janusz Kamieniarstwo ##601 566 181
Gamma Przedsiębiorstwo Handlowo-Usługowe Krzysztof Krasowski ##(85) 655 38 94
Gapavic PHU Marta Uszyńska #         musz@poczta.onet.pl     #792 700 787
Garden Przedsiębiorstwo Handlowo-Usługowe ##(85) 653 84 04
Gd Windows Sp. z o.o. #         biuro@gdwindows.pl     #Oceń firmę i napisz o niej opinię:
Gese Gold E. Karetko, K. Markowska Sp. J. ##570 440 673
Gesso Maciej Mikołajczyk ##604 563 775
Getaks Krzysztof Siernicki ##(87) 566 72 04
Gierczak Walentyna Uprawa Kwiatów ##(85) 661 39 53
Giluplu Marlena Mielech #         giluplu.handmade@gmail.com     #Oceń firmę i napisz o niej opinię:
Glass 4 You Jacek Kajewski #         glass4you@op.pl     #602 115 466
Glińska Celina Zakład Cukierniczy ##(87) 568 70 29
Globe Paweł Kulesza #         globe3@o2.pl     #602 340 043
Godan-Blue Point Sp.j. K. i Z. Jaśkiewicz ##(85) 740 69 69
Golfman Franjo Skorupski #         kipotgolfman@gmail.com     #(85) 746 33 74
Goner Steel Sp. z o.o. Sp.k. ##(85) 878 14 00
Gorteks Sp. z o.o. Sp.k. ##(85) 652 47 77
Gospodarstwo Ogrodnicze Antonowicz Grzegorz ##604 997 956
Gospodarstwo Ogrodnicze Cudowski Tomasz ##(85) 719 13 36
Gospodarstwo Ogrodnicze Jerzy Wilczewski ##(85) 721 50 30
Gospodarstwo Ogrodnicze Korolczuk #         kwiaty@korolczuk.com.pl     #502 509 957
Gospodarstwo Rybackie Sp. z o.o. #         grelk@neostrada.pl     #(85) 716 70 24
Gospodarstwo Sadowniczo-Szkółkarskie Danuta i Mirosław Skibiccy ##(85) 743 18 13
Gotar S.C. K. Chańko A. Bankiewicz #         chanko@wp.pl     #(85) 741 94 49
Gotolet S.C. Przedsiębiorstwo Produkcyjno-Usługowe #         chanko@wp.pl     #602 487 133
Gp-Stone Sp. z o.o. #         info@gp-stone.pl     #Oceń firmę i napisz o niej opinię:
Gracya Dom Mody Teresa Słonicz ##(85) 676 15 98
Graf L. Kotowicz ##(85) 730 31 02
Grand Wideo Studio Gromko Piotr #         grandstudio@vp.pl     #(85) 663 53 66
Granit Dorota Darmetko ##504 056 237
Granit Kamieniarstwo Łukasz Pulwin #         lukaszlipiec1984@wp.pl     #514 049 955
Granmal Zakład Kamieniarski Krzysztof Maleszewski #         granmal@wp.pl     #793 568 127
Greg-Mart Schody i Podłogi Grzegorz Martynowicz #         biuro@greg-mart.pl     #(85) 710 42 62
Gremza Agnieszka Gospodarstwo Rodzinne #         gremza@op.pl     #(85) 721 93 23
Gryfloader Sp. z o.o. ##508 510 517
Grześ Mała Gastronomia Grzegorz Domachowski #         grzegorzdomachowski1971@gmail.com     #Oceń firmę i napisz o niej opinię:
GS Samopomoc Chłopska Magazyn Artykułów do Produkcji Rolnej ##(87) 568 50 29
GS Samopomoc Chłopska Sklep nr 10 z Artykułami do Produkcji Rolnej ##(85) 712 10 55
Gudan Produkcja Handel Usługi Robert Gudan #         gudi1@tlen.pl     #506 770 032
Gumpol Polmozbyt Bogdan Kaczyński #         gumpol@op.pl     #(86) 271 35 11
Haft Reklamowy Salaam Dżenetta Adamowicz ##793 454 547
Hager Polo Sp. z o.o. ##603 784 687
Halkon Przedsiębiorstwo Produkcyjno-Handlowo-Usługowe ##604 271 230
Handel - Usługi - Produkcja Tadeusz Zimnoch ##600 200 422
Handel Artykułami Produkcji Rolnej i Leśnej Grażyna Karczewska #         handel.runo.lesne@gmail.com     #Oceń firmę i napisz o niej opinię:
Handel i Produkcja Drzewna Tomasz Chraboł #         chraboltomasz@wp.pl     #602 449 270
Handel Usługi Produkcja - Krzysztof Krasowski ##(85) 868 40 94
Handlopex S.A. #         bialystok@handlopex.pl     #(85) 741 09 25
Handlowo-Produkcyjna Spółdzielnia Pracy Sklep z Artykułami do Produkcji Rolnej ##(85) 683 25 70
Hansa Sp. z o.o. ##(85) 743 72 80
Henda S.C. Andrzej Duchnowski, Beata Duchnowska, Henryk Duchnowski ##509 287 704
Henda S.C. Andrzej Duchnowski Henryk Duchnowski #         henda@o2.pl     #501 546 315
Henrykh Pauliuchyk ##886 355 583
Her-Mur Usługi Kamieniarskie Karol Hermaniuk #         karolhermaniuk@op.pl     #Oceń firmę i napisz o niej opinię:
Holak Jarosław Haraburda Zenon S.C. Gospodarstwo Rybackie #         jaroslaw.holak@wp.pl     #(86) 272 14 11
Hominet Marek Piekart #         mepiekart@wp.pl     #Oceń firmę i napisz o niej opinię:
Hugnluv Sp. z o.o. #         milosz.palka@gmail.com     #519 340 638
Huryń Filip Zakład Produkcji Przyczep Towarowych #         zppt-bialystok@o2.pl     #603 282 006
Hydro Oceanik Andrzej Tarasewicz ##607 506 216
Ikorol Sp. z o.o. ##690 685 640
Indyk Podlaski S.C. Ewa Ozorowska Monika Omielańczyk ##665 575 559
Inhaft Sylwia Niedźwiecka ##513 953 542
Inox Kozłowski Paweł ##503 600 103
Inox Trade Daniel Jasionowski #         biuro@inoxtrade.pl     #733 808 315
Instytut Innowacji i Technologii Politechniki Białostockiej Sp. z o.o. Zakład Produkcji Doświadczalnej i Usług Technicznych ##(85) 746 98 72
Instytut Nowych Technologii Sp. z o.o. #         annaromanowska@o2.pl     #606 258 657
Instytut Włókien Naturalnych i Roślin Zielarskich Oddział Zakład Doświadczalny ##(87) 644 91 01
Internet Cardio Services Sp. z o.o. #         ics@icservices.pl     #Oceń firmę i napisz o niej opinię:
Internetowy Sklep z Bielizną Damską Tiffanie #         sklep@matlingerie.pl     #516 577 795
Inter-Tech Factory Sp. z o.o. #         l.wojtas@itparts.com.pl     #504 060 181
IST Katarzyna Pawlińska #         kate.pawlinska@gmail.com     #506 258 699
Itech Global Sp. z o.o. #         itechsklep@gmail.com     #501 654 278
Ivon Rafał Ptaszyński ##(85) 869 14 31
Iwaniuk Eugeniusz Kamieniarstwo Wyrób Nagrobków #         gienioiwan@wp.pl     #503 522 229
IwDeco #         iwdeco@wp.pl     #Oceń firmę i napisz o niej opinię:
Izabela Skrodzka PHU Kwadrat ##510 538 725
Izoline Joanna Ciechanowicz ##509 967 531
Jackowski Art Sp. z o.o. #         office@jackowskiart.com     #609 498 528
Jaćwing Granit Walendzewicz Krzysztof Walendzewicz #         jacwing.granit@poczta.onet.pl     #508 262 042
Jakbud Mirosław Jakimiuk ##512 298 347
Jakub Targoński Proinf - Usługi Influence #         halik92@gmail.com     #Oceń firmę i napisz o niej opinię:
Jankowski Wojciech Produkcja Handel Usługi #         ogrodzeplac@gmail.com     #605 489 681
Janplast PPUH Urszula Szymczyk- Jarocka ##608 433 164
Janusz Brodowski ##605 225 894
Janusz Kozikowski PHP ##606 729 480
Jastin Justyna Świątkowska ##692 490 888
Jawor Produkcja Handel Usługi Antoni Wiśniewski ##(85) 737 50 34
Jedna i Druga Agata Cimoch #         agata.cimoch@wp.pl     #785 282 728
Jk Synergy Sp. z o.o. ##600 239 899
Jke Jakub Kakareko #         kuba.kakareko@gmail.com     #508 186 496
JMT Drzwi &amp; Okna Przedsiębiorstwo Budowlane J. Micór M. Minta Sp.j. #         jmtdrzwiokna@o2.pl     #502 602 208
JN - Jolanta Nierodzik #         szycie-jolcia121345@wp.pl     #533 984 315
Joanna Lulewicz PRODUKCJA I SPRZEDAŻ MEBLI ##606 255 532
Joanna Radziszewska Petelka Joanna Radziszewska ##512 245 414
Jobimet Sp. z o.o. #         firma@jobimet.pl     #(85) 740 22 99
Joker Junior Jakub Buraczewski #         jokerjunior@op.pl     #(85) 732 97 76
Jork S.C. Ossowski Jarosław Ossowska Teresa Łapiński Krzysztof #         jorksc@wp.pl     #(85) 662 17 07
Józef Sawosz ##(85) 675 15 31
Jukal Produkcja - Handel - Usługi Lucyna Szmygiel ##696 174 222
Julia Rogowska #         julia.rogowska@gmail.com     #509 224 564
Jumitex Sp. z o.o. #         jumitex@jumitex.com.pl     #(85) 741 41 18
Junajt Przedsiębiorstwo Handlowe Tomasz Jastrzębski ##(86) 271 25 71
Junkiewicz Kwiaciarnia Dom Pogrzebowy Marek Nowak #         marekn2504@gmail.com     #510 865 344
Just Married Wideo Krzysztof Łapiński ##(85) 814 16 20
Just Married Wideo S.C. Rafał Łapiński Maciej Mikołajczyk ##600 514 398
Just Married Wideo Sp. z o.o. ##604 563 775
Just Married Wideo Wojciech Tomaszewski ##(85) 715 20 40
Justyna Sochoń Asanti PPHU #         justyna-sochon1@wp.pl     #883 206 819
JW Granit Jan Wiśniewski #         granit@jwgranit.pl     #(86) 219 10 01
K - 2 - Juliusz Karwowski #         juliuszk-2@wp.pl     #(85) 742 18 16
Kafel-Kar Kaflarnia Rafał Karny #         kafle@kafel-kar.pl     #(85) 747 49 80
Kaj - Spaw Krzysztof Bach #         krzysiekbach@wp.pl     #509 578 772
Kalinowski Zbigniew Zakład Betoniarsko Kamieniarski ##(87) 568 85 47
Kaliszuk Eugeniusz ##502 565 888
Kal-Plast Produkcja Okien i Drzwi PCV #         kal.plast.biuro1@gmail.com     #(85) 716 59 20
Kal-Plast Produkcja Okien Janusz Safiejko #         kal.plast.biuro1@gmail.com     #(85) 716 59 20
Kama Sp.j. ##(85) 718 58 13
Kam-Bud Magdalena Liszkowska #         poczta@kambud.sejny.pl     #509 173 570
Kamieniarskie Usługi Mariusz Urynowicz #         mariusz.uryn@wp.pl     #785 709 090
Kamieniarstwo - Jerzy Zajączkowski ##(85) 741 88 19
Kamieniarstwo Artystyczne Daniel Romejko ##600 888 155
Kamieniarstwo Dariusz Łotowski #         dareklotowski@wp.pl     #(85) 719 30 52
Kamieniarstwo Józef Lech Buczyński ##604 240 119
Kamieniarstwo Kastom ##696 441 332
Kamieniarstwo Krzysztof Sawicki ##503 615 328
Kamienie Adama - Adam Horczak ##502 460 075
Kamil Sp.j. #         kamil.sp@op.pl     #(85) 715 16 65
Kamila Zubrycka ##602 690 011
Kamiński Tomasz Zakład Elektroniki Telemetrii i Automatyki ##(87) 567 08 13
Kampol Paweł Chorąży #         pchorazy80@gmail.com     #Oceń firmę i napisz o niej opinię:
Kamston S.C. #         biuro@kamston.pl     #(85) 732 23 28
Kamston Sp. z o.o. ##606 243 983
Kamstone Sp. z o.o. #         biuro@kamston.pl     #509 766 333
Kamyk Zakład Kamieniarski Bartosz Bałakier #         kamieniarz@zkkamyk.pl     #603 926 916
Kapelewski Henryk Sklep z Artykułami do Produkcji Rolnej ##(86) 219 60 60
Karmelek Podlaski Manufaktura Cukiernicza Marta Suszko-Zaczeniuk ##508 384 579
Karny Tadeusz Pracownia Kowalstwa Artystycznego #         tadeusz_karny@wp.pl     #(85) 663 27 66
Karny Tadeusz Pracownia Kowalstwa Artystycznego #         tadeusz_karny@wp.pl     #604 253 145
Karol Tomulewicz ##510 876 306
Katruk Henryk Gospodarstwo Ogrodnicze ##602 802 629
Kebbar Sp. z o.o. ##(86) 270 60 81
KEM Karol Moczulski #         karolmoczulski@interia.pl     #Oceń firmę i napisz o niej opinię:
Kinga Sp. z o.o. i Wspólnicy Sp.k. #         ewakostrzewa1985mari@gmail.com     #664 118 198
Koja Firma Janina Konopka ##(86) 278 51 22
Kompania Piwowarska S.A. Browar Dojlidy ##(85) 676 91 01
Komplement S.C. Firma Produkcyjno-Handlowa Agnieszka Leszczyńska Jarosław Leszczyński #         leszczynski.jaroslaw@poczta.fm     #882 795 156
Koncewicz Jarosław Usługi Kamieniarskie #         jkoncewicz@wp.pl     #(87) 643 25 60
Kostar Dariusz Kowalski #         dariuszkow1@wp.pl     #(85) 653 01 58
Kostro Władysław Sprzedaż Środków do Produkcji Rolnej #         hsdprkostro@onet.eu     #Oceń firmę i napisz o niej opinię:
Kostrzewski Konrad Wydawnictwo #         konradkostrzewski@wp.pl     #Oceń firmę i napisz o niej opinię:
Kotlewski Andrzej Młyn Handlowo-Produkcyjny ##504 074 956
Kozłowski Janusz Młyn Elektryczny #         mlyn.kozlowski@vp.pl     #(85) 716 91 64
Kreatywnie Małgorzata Szumińska #         malgorzataszuminska@gmail.com     #513 848 353
Kris- Serwice Krzysztof Nowosada Obsługa i Serwis Maszyn Do Produkcji Folii PET ##691 592 390
Król Król Marzenna #         shop@kroljewellery.pl     #514 042 229
Kruszewscy M. M. Szkółka Krzewów Ozdobnyc #         kruszewscy.szkolka@wp.pl     #Oceń firmę i napisz o niej opinię:
Krx Produce Mateusz Kozłowski #         kontakt@krxproduce.pl     #Oceń firmę i napisz o niej opinię:
Kryskon Paweł Kondzior ##606 988 000
Krystyna Kamińska Usługi Gastronomiczne - Masarnicze ##(86) 217 91 36
Krystyna Szeszko - Landstrój #         landstrojpl@gmail.com     #792 680 914
Kryszeń S.C. Zakład Ciastkarski ##(85) 742 20 90
Krzysztof Jezierski Dziennikarz #         kj.dziennikarz@gmail.com     #Oceń firmę i napisz o niej opinię:
Kuar Polska Katarzyna Zamejć-Kuklińska #         kzk@kuar.pl     #509 915 969
Laboratory Laudor Sp. z o.o. #         kontakt@idealnature.pl     #793 690 735
Lait PPUH Urszula Sójka ##(87) 516 11 03
Laktopol-A Sp. z o.o. Biuro Handlowe #         laktopol_a@pro.onet.pl     #Oceń firmę i napisz o niej opinię:
Lareco Mikołaj Zińczuk ##(85) 655 34 46
Laurencja FHP Laurencja Kaliszewicz #         carllos@carllos.pl     #512 757 497
Le Vernis - Luxury Lingerie #         biuro@le-vernis.pl     #508 510 155
Lech Garmażeria Staropolska Sp. z o.o. #         jan@lech.bialystok.pl     #(85) 713 21 11
Lech Garmażeria Staropolska Sp. z o.o. Sp.k. #         handel@lech.bialystok.pl     #(85) 713 21 11
Lech Zakład Produkcji Garmażeryjnej Lech Zwolan ##(85) 653 49 06
Lech Zakład Produkcji Garmażeryjnej Lech Zwolan ##(85) 747 42 11
Lech Zakład Produkcji Garmażeryjnej Lech Zwolan Gościnny Dom ##(85) 662 72 57
Legrand Polska Sp. z o.o. ##(85) 664 75 25
Letniskowo.pl S.C. Jacek Solka Marek Garkowski ##784 914 501
Lewkor Karol Lewko #         karol-lewko@wp.pl     #Oceń firmę i napisz o niej opinię:
Lila Produkcja Opakowań Barbara Oźlańska #         lila19a@wp.pl     #(87) 643 74 58
Litpol Sp. z o.o. ##(87) 566 07 02
Lobos PPHU Krzysztof Drozdowski #         biuro@lobos-chemia.pl     #(85) 654 69 53
Lodziarnia u Włodka Franciszek Włodkowski ##(86) 272 24 00
Lodziarz.pl Ogólnopolskie Centrum Zaopatrzenia Lodziarni ##505 840 001
Lodziarz.Pl Sp. z o.o. Sp.k. ##884 858 585
Lotos Sp.j. Zakład Pracy Chronionej Dąbrowscy Święcicki ##(85) 653 56 01
Lucit Katarzyna Grądzka #         grad.82@wp.pl     #505 231 590
Lukas Bernecki Slash Studio #         lukas.bernecki@gmail.com     #605 227 355
Luksa Zakład Mięsny Sylwia Bayraktar #         zakladmiesny@onet.pl     #512 056 034
Łagoda Andrzej Zakład Kamieniarsko-Betoniarski #         klaudi2002@poczta.onet.pl     #(85) 730 48 88
Łepkowski Bogdan i Wioletta S.C. Masarnia ##(86) 216 23 74
Łuczaj Dariusz i Ryszard Zakład Kamieniarski ##(85) 730 69 88
Łukasz Dżega #         info@securityzone.pl     #730 364 959
Łukasz Skrodzki Wyroby Czekoladowe #         lukaszskrodzki91@gmail.com     #Oceń firmę i napisz o niej opinię:
Łuniewscy Sp. z o.o. #         zmluniewscy@vp.pl     #Oceń firmę i napisz o niej opinię:
Łuniewscy Zakłady Mięsne Eugeniusz Łuniewski #         zmluniewscy@vp.pl     #798 543 507
M Sp. j. Zakład Masarski Ostaszewski i Pachwicewicz Sklep 14 #         biuro@mzakladmasarski.pl     #(85) 730 97 99
M Stillo Dr.Auto Mariola Drągowska ##695 639 393
M Zakład Masarski i.Pachwicewicz M.Bondarczuk Ł.Rutkowski - Sp. J. ##(85) 730 97 99
Macro-D Przedsiębiorstwo Handlowo - Usługowo - Produkcyjne Danuta Dębek ##603 312 365
Madeline Pracownia Cukiernicza Magda Kiertowicz #         magda.kiertowicz@gmail.com     #531 201 697
Madom Maciej Drzewiński #         madom@onet.com.pl     #504 034 534
Mag Małgorzata Mroczkowska ##780 113 659
Magdalena Pansegrouw, Lawendowy Staw #         info@lawendowystaw.pl     #Oceń firmę i napisz o niej opinię:
Magia Obrazu Paweł Jędras #         yewa@interia.pl     #662 019 516
Magnolia S.C. Hurtownia Kwiatów Tomasz Biedul Ryszard Modzelewski ##(86) 272 60 99
Magnum Aleksandra Tyszka-Filipek Sp. z o.o. ##602 196 779
Magrol Sprzedaż Artykułów Do Produkcji Rolnej Zdzisław Wierciński ##(86) 274 12 52
Maik Przedsiębiorstwo Handlowo-Usługowe Antoni Szklarzewski ##600 435 455
Ma.Ja. Pracownia Krawiecka Marzena Jałbrzykowska #         marzenaj28a@wp.pl     #886 588 960
Maks Krzysztof Stasiewicz - Wspólnik Spółki Cywilnej #         kkstasiewicz@gmail.com     #(85) 743 76 63
Malem S.C.Roszkowscy Maria i Lech Białystok ##(85) 651 01 31
Małgorzata Wojtach Masarnia Biebrzańskie Smaki. ##506 136 885
Małrol Punkt Sprzedaży Materiałów do Produkcji Rolnej Małgorzata Kołodko #         biuro.malrol@wp.pl     #(85) 719 28 08
Mama Zrobiła - Sylwia Gwardiak #         sylwia@gwardiak.com     #Oceń firmę i napisz o niej opinię:
Manufaktura Sp. z o.o. ##(85) 741 82 96
Maral Zakład Krawiecki Alina Marchiel ##(85) 663 18 45
Marand A. Półkośnik i Wspólnicy Spółka jawna #         marand2@poczta.onet.pl     #(85) 879 90 70
Marcin Świątkowski Usługi Kamieniarskie ##(86) 275 08 75
Marcopol Sp. z o.o. Producent Śrub Biuro Handlowe #         bialystok@marcopol.com.pl     #(85) 652 67 85
Marek Kitlas Zakład Pomnikarski #         mareckki@wp.pl     #Oceń firmę i napisz o niej opinię:
Marek Skrodzki Almix #         almix.sc@op.pl     #(86) 273 86 86
Marka Firma Usługowo - Handlowa Andrzej Gosk ##(86) 218 31 43
Marmur Granit Kazimierz Sokół #         kazimierz-sokol@wp.pl     #603 633 722
Maryna Przedsiębiorstwo Wielobranżowe Marianna Pilis ##608 584 837
Masarnia Tradycyjna - Pietraszuk Agnieszka ##515 399 949
Master Serwis Opon Spółka z o.o. ##(85) 746 61 39
Mat-Wood -Produkcja Fryzy Tartacznej Mateusz Truchanowicz #         mateusz_tr159@wp.pl     #Oceń firmę i napisz o niej opinię:
Matysiak Bożena Produkcja i Sprzedaż Zniczy ##698 885 444
Matysiak Wojciech ##608 021 383
Mazowieckie Zakłady Graficzne S.C. ##(86) 275 41 31
Mazurek Mirosław Mazurek ##(85) 655 23 88
Mazurek S.C. ##(85) 655 23 88
Mechanika Maszyn i Urządzeń Rolniczych Zygmunt Babiński #         babinskizawady@interia.pl     #602 785 408
Mendrycki Wiktor Produkcja Opakowań z Papieru i Tektury ##604 357 795
Mera PPH Sp. z o.o. ##(85) 664 44 21
Meredyk Electronics Produkcja Usługi Handel Adam Meredyk ##601 397 116
Messi Hubert Szekalski ##600 203 666
Metal Fach Sp z o.o. #         biuro@metalfach.com.pl     #(85) 711 07 88
Męczkowski Andrzej Zakład Produkcji Elementów Budowlanych #         mj@mj.com.pl     #(86) 217 25 42
Męczkowski Andrzej Zakład Produkcji Elementów Budowlanych ##(86) 217 25 42
Michał Foremniak ##793 383 734
Michał Pęza Mmpstudio #         mmpstudiovideo@gmail.com     #794 143 964
Michno Tomasz Zakład Kamieniarski #         tommi1801@wp.pl     #Oceń firmę i napisz o niej opinię:
MIĘSNY ZAKĄTEK Wyrób Wędlin Fabian Niemyjski ##694 769 769
Mini Masarnia Mlo Daro Dariusz Macierzyński #         madar5@wp.pl     #Oceń firmę i napisz o niej opinię:
Minmar Zakład Produkcyjno-Usługowo-Handlowy Marek Minkiewicz ##(85) 717 04 54
Miodosytnia Podlaska Dawid Olesiuk #         dolesiuk@gmail.com     #694 239 960
Miodowa Mydlarnia Marek Guszczyn #         marek.guszczyn@interia.pl     #603 959 933
Miodowa Mydlarnia Sp. z o.o. #         sklep@miodowamydlarnia.pl     #Oceń firmę i napisz o niej opinię:
Mirmięs Przedsiębiorstwo Produkcyjno-Handlowo-Usługowe Mirosław Kozłowski #         pphumirmies@interia.pl     #(85) 749 29 86
Mirosław Szczechura Mirex Mirosław Szczechura ##502 284 698
Misiejuk Jerzy Produkcja Programów Telewizyjnych ##609 048 506
Mispol S.A. ##(87) 565 42 10
M.Kalisz S.C. Wojciech Kalisz Elżbieta ##604 170 711
Mlekovita Sp. z o.o. #         mlekovita_bielsk@poczta.onet.pl     #(85) 730 59 30
Mlekovita Sp. z o.o. ##(86) 275 82 00
Mlekpol Spółdzielnia Mleczarska Zakład Produkcji Mleczarskiej ##(86) 278 32 33
Mlekpol Spółdzielnia Mleczarska Zakład Produkcji Mleczarskiej ##(87) 516 22 89
Mlekpol Zakład Produkcji Mleczarskiej ##(86) 271 20 29
ML-Tech Sp. z o.o. #         biuro@mltech.pl     #535 620 033
M&amp;M S.C. Phu Janusz Mika, Piotr Marku #         markupiotr@gmail.com     #606 777 774
Modmart Marta Krzesiewicz- Wpólnik Spółki Cywilnej #         biuro@drleon.pl     #604 777 668
Moniecka Spółdzielnia Mleczarska w Mońkach ##(85) 727 83 00
Monika Przedsiębiorstwo Produkcyjno-Handlowo-Usługowe Jan Łuczak i Monika Łuczak #         bluzki-monika@wp.pl     #(85) 652 65 68
Monika Sidorczuk Pracownia Krawiecka #         monikasidorek406@interia.pl     #Oceń firmę i napisz o niej opinię:
Morko Media Agnieszka Morko #         morkomedia@gmail.com     #Oceń firmę i napisz o niej opinię:
Moroz Firma Produkcyjno-Usługowo-Handlowa #         anatol.moroz@wp.pl     #(85) 682 43 33
Mortel Andrzej Rzeźnictwo ##(85) 737 70 55
Motor Marcin Lenarciak ##(85) 744 20 44
Motor Marcin Lenarciak Hurtownia Opon i Felg ##(85) 744 20 44
Motor Tread Sp. z o.o. ##(85) 719 12 76
Mo.Ya Fashion Barbara Piekut #         kontakt@moyafashion.pl     #Oceń firmę i napisz o niej opinię:
Msg Granit Swatkowscy Sp. J. #         kamieniarzbialystok@op.pl     #(85) 718 82 91
MTC Inwestycje Sp. z o.o. ##(85) 743 30 43
Muma Studio Sebastian Łukaszuk #         slukaszuk@gmail.com     #Oceń firmę i napisz o niej opinię:
Mybluprint Robert Kosobudzki #         robert-tomek27@o2.pl     #Oceń firmę i napisz o niej opinię:
Myname Dawid Lesisz #         handlowy@kinga.com.pl     #Oceń firmę i napisz o niej opinię:
Naglik Firma Kamieniarska Iwona Naglik #         biuro@naglik.co     #(87) 642 41 14
Nagrobki Włodzimierz Maciuka ##696 678 911
NAJ Konstrukcje i Wyroby z Drewna Jan Pużuk #         naj@naj.bialystok.pl     #609 555 046
Naja Media Press Joanna Przewłocka #         najamedia@interia.pl     #(85) 654 58 86
Napoleon Meble Zakład Produkcji Mebli Piotr Drewnowski ##604 785 438
Naszsmak Maciej Moniuszko #         maciejmoniuszko@wp.pl     #Oceń firmę i napisz o niej opinię:
Natalia Wujek Dawid Dmitryjuk Cbc S.C. #         piotr.porowski@gmail.com     #Oceń firmę i napisz o niej opinię:
Natron Krzysztof Swatek #         natron@op.pl     #Oceń firmę i napisz o niej opinię:
Nd Plus Sp. z o.o. S.K.A. ##(85) 743 56 40
Neat Meat Sp. z o.o. #         sklep@nielone.pl     #Oceń firmę i napisz o niej opinię:
Neoline Marek Białokoz ##501 559 800
Neotech Sp. z o.o. ##(85) 675 56 32
Niemyńska Firma Kamieniarska Niemyńska Wiesława ##(85) 741 85 21
Niewiarowska-Wądolna Danuta Zakład Betoniarsko-Kamieniarski #         danuta18@op.pl     #Oceń firmę i napisz o niej opinię:
Nikitiuk Jarosław Usługi Remontowo-Budowlane ##(85) 730 06 96
Nortle Sp. z o.o. Energy Sp.k. ##(85) 715 40 62
NOVA HURT #         info@novahurt.pl     #782 700 093
Nysztor Jarosław Zakład Naprawy Ciągników ##691 863 101
Oknostyl Andrzej Uszyński ##534 331 090
Okręgowa Spółdzielnia Mleczarska w Hajnówce #         m.lukaszuk@osmhajnowka.pl     #(85) 682 95 43
Okręgowa Spółdzielnia Mleczarska w Piątnicy ##(86) 215 64 00
OLD Polish Vodka Sp. z o.o. ##(85) 655 13 25
Oleńka Ewa Pęcak ##504 211 237
Olmet Przedsiębiorstwo Produkcyjno-Handlowo-Usługowe Marcin Olender ##662 662 777
Oltex Wojciech Olizarowicz ##(85) 710 15 98
One Lingerie Małgorzata Wróblewska #         onelingerie@wp.pl     #512 719 500
Oniśko Jan Zakład Betoniarsko-Kamieniarski ##(85) 710 28 60
Onoff Barbara Janulis #         janulisbarbara@gmail.com     #Oceń firmę i napisz o niej opinię:
Onset Mieszko Popławski #         mieszko.poplawski@gmail.com     #Oceń firmę i napisz o niej opinię:
Oponex Mirosław Kalinowski #         oponexmk@op.pl     #693 513 616
Oskar-Żaluzje Jarosław Kiersnowski ##606 644 656
Osso Film Mateusz Osowski - Operator Obrazu #         mat.osowski@gmail.com     #668 249 205
Ostrovia Sp.j. ##(85) 722 14 19
Pabe Firma Konfekcyjna Bolesław Bujnowski ##608 697 613
Padma Art Sp. z o.o. #         padma@post.pl     #(87) 566 24 68
Palarnia Kawy Świata Krzysztof Szyłkowski #         k.szylkowski@o2.pl     #Oceń firmę i napisz o niej opinię:
Panasewicz Krzysztof Rośliny ##602 797 964
Parkos Media Ireneusz Prokopiuk ##609 651 624
Patryk Matowicki Zakład Kamieniarski #         Zaklad.kamieniarski.matowicki@gmail.com     #790 665 824
Paweł Łabacz Almix #         almix.sc@op.pl     #(86) 273 86 86
Paweł Trofimiuk Produkcja i Sprzedaż Zniczy #         ptrofimiuk@wp.pl     #660 766 385
Pectur Sp. z o.o. #         pectur_wedliny@yahoo.pl     #(85) 721 95 12
Perkpol Sp.j. Zakład Przetwórstwa Mięsnego #         patrycjiuszkludka@gmail.com     #(85) 719 10 02
Pesco Sp. z o.o. ##516 649 327
Photon Entertainment Sp. z o.o. #         contact@meetphoton.com     #667 254 321
PHU Agattagnieszka Trochimczuk-Tałałaj #         phu.agatt@gmail.com     #888 376 028
PHU Alexander + Transport ##507 105 885
P.H.U. Alubor Arkadiusz Borusiewicz #         a.borusiewicz@wp.pl     #516 136 962
P.H.U. Ceramik Halina Abramczyk ##(29) 764 54 85
Phu Himp Mariusz Pawełko #         biuro@himp.pl     #663 057 157
PHU Jantex Janusz Twardowski #         zaluzjeabc@wp.pl     #601 790 125
P.H.U. Kamieniarstwo Wojciech Kalinowski #         phukamieniarstwo@gmail.com     #600 423 689
PHU Thor Monika Faltyn &amp; Łukasz Łazuk S.C. ##(85) 743 54 49
PHU ZBIMAX S.C. #         phuzbimax@gmail.com     #(85) 653 01 30
Piko Bis Zakład Rozbioru Drobiu Sp. z o.o. Sp.k. ##(87) 566 21 47
Piotr Jabłoński #         nicponimsky@gmail.com     #793 171 014
Piotr Pawluk Let&#039;S Cut #         ppawlook@live.com     #Oceń firmę i napisz o niej opinię:
Piotrowski K. Zakład Kamieniarski #         kamieniarstwo.piotrowski@neostrada.pl     #603 773 647
Pireo PHU Jerzy Bieryło ##511 878 503
PLM Media Jurczewski Fiedorowicz Olechnowicz Sp.j. ##502 479 245
Płomyk Produkcja i Sprzedaż Zniczy Paweł Gałkowski ##(87) 566 23 93
Pm Perfect Media Paweł Ramotowski #         pmperfectmedia@gmail.com     #Oceń firmę i napisz o niej opinię:
Podlasie Naturalne Pokrycia Dachowe Sławomir Bieroza ##601 493 547
Podlasie S.C. Zakład Mięsny Krzysztof Cimaszewski Krzysztof Hanusiak ##(85) 716 43 00
Podlaska Chata S.C. Józefczuk Andrzej Józefczuk Krzysztof ##533 802 566
Podlaskie Zakłady Spożywcze Sp. z o.o. #         biuro@zdrowypasztet.pl     #604 403 040
Pokadrowani Tomasz Kostecki #         biuro@pokadrowani.eu     #602 479 791
Pokruszyński Dominik Produkcja Wafli ##601 913 675
Politechnika Białostocka Zakład Produkcji Doświadczalnej i Usług Technicznych ##(85) 746 98 72
Polonez Zakład Wielobranżowy Wojciech Jankowski #         cukierniapolonez@gmail.com     #(86) 218 04 56
Polser Sp. z o.o. #         sekretariat.polser@lactalis.pl     #Oceń firmę i napisz o niej opinię:
Polskie Młyny S.A. ##(85) 743 71 44
Pol-Susz Marek Brzozowski #         marekbrzozowski5@wp.pl     #602 184 750
Poltrade International Sp. z o.o. #         info@galactea.pl     #(85) 749 32 19
Porzeziński Grzegorz Naprawa Maszyn i Urządzeń Rolnych ##608 654 695
PPH Karmel S.C. Alina Dąbrowska Marta Dąbrowska #         karmelsj@karmelsj.pl     #Oceń firmę i napisz o niej opinię:
Pph Solana Ewa Boguszewska ##602 275 967
PPH Tomasz Smuczyński ##(85) 716 25 77
P.P.H.U. Elektor S.C. #         domyzbala@gmail.com     #502 055 138
PPHU Flaki Konarzyce Rafał Pogroszewski #         r.pogroszewski@wp.pl     #Oceń firmę i napisz o niej opinię:
P.P.H.U. Karten Wojciech Korytkowski #         karten@karten.com.pl     #(85) 718 51 30
PPHU Mariusz Rudziewicz Ubojnia i sklep mięsny ##502 482 255
P.P.H.U. PLAST-BUD Edward Barszczewski #         biuro@plast-bud.suwalki.pl     #606 272 558
PPHU Sokół Jan Sokołowski ##(85) 737 59 34
PPU Dapon Daniel Apoń #         daniel.apon@ymail.com     #Oceń firmę i napisz o niej opinię:
PPUH Boss Bożena Letkiewicz ##(87) 563 19 90
PPUH Ecohaus Jacek Bucewicz #         biuro@ecohaus.pl     #602 237 046
PPUH Joanna Adamska ##608 432 327
Pracownia Artystyczna Dragon Maria Pietras #         pracowniadragon@gmail.com     #505 518 358
Pracownia Jackowski Michał #         kontakt@pracowniajackowski.pl     #609 498 528
Pracownia Krawiecka Aneta Kozłowska ##509 077 175
Pracownia Krawiecka Małgorzata Chodnicka ##519 589 469
Pracownia Stylu - Weronika Kuklińska ##505 770 676
Prefabrykacja Rozdzielnic - Sklep Krzysztof Pogorzelski #         pogorzelski.krzysztof123@gmail.com     #Oceń firmę i napisz o niej opinię:
Prefbet Sp. z o.o. Przedsiębiorstwo Produkcji Betonów Filia ##(86) 218 06 72
Procez Studio Usług Produkcji Edytorsko-Redaktorskiej Cezary Goliński #         procez@qll.pl     #Oceń firmę i napisz o niej opinię:
Prodrew Sp. z o.o. #         biuro@prodrew.elk.pl     #793 088 703
Producent Wyrobów Tradycyjnych i Kiszki Ziemniaczanej #         wizytowki.bettervision@gmail.com     #602 275 967
PRODUKCJA HANDEL USŁUGI ABG Beata Górska #         ad_gorski@o2.pl     #(86) 278 26 85
Produkcja Handel Usługi Maria Plewa ##(85) 682 39 03
Produkcja Handel Usługi Markasz Wspólnik Spółki Cywilnej Piotr Sawicki ##506 109 786
Produkcja Handel Usługi Wilczyński Grzegorz ##789 100 001
Produkcja i Montaż Ogrodzeń Emil Klinicki ##502 029 587
Produkcja i Sprzedaż Wyrobów Ceramicznych Kafelek Tech.Ceramik Bogdan Rembała #         bogdanrembala@op.pl     #(85) 674 78 70
Produkcja samochodowych systemów zasilania LPG/CNG oraz gumowych i gumowotekstylnych uszczelnień ##(85) 715 10 94
Produkcja Ubrań Jolanta Krynicka ##517 988 618
Produkcja Wyrobów z Drewna Arkadiusz Dawidowski #         arekdaw1414@wp.pl     #508 435 108
Produkcja z Tworzyw Sztucznych Handel Art. Przemysłowymi Andrzej Chrulski #         biuro@gloniatowski.pl     #693 956 788
Produkty Mleczarskie Marcin Bielec #         serkorycinski@gmail.com     #Oceń firmę i napisz o niej opinię:
Profil System Paweł Tymiński #         biuro@profil-system.com     #509 285 614
Profimar S.C. A. Gurtatowski M. Karbowski #         profimar@onet.eu     #693 710 771
Pro-Metal Stanmart Sp.j. ##(85) 718 62 30
Promotech Sp. z o.o. ##(85) 678 34 05
Pronar Sp. z o.o. ##(85) 681 63 29
Pronar Sp. z o.o. #         pronar@pronar.pl     #Oceń firmę i napisz o niej opinię:
Pro-Spaw Kamil Rzędzian ##733 387 055
PROTOSTONE Firma Kamieniarska Grzegorz Gutowski #         protostone@wp.pl     #784 423 212
Prywatne Gospodarstwo Ogrodnicze Stefan Krejza ##(85) 722 81 30
Przedsiębiorstwo Budowlane Klar-Bud Lech Rafałko ##600 279 333
Przedsiębiorstwo Handlowo-Usługowe Paweł Siliwoniuk ##(85) 718 99 74
Przedsiębiorstwo Produkcji Materiałów Drogowych Kruszbet S.A. ##(87) 566 32 07
Przedsiębiorstwo Produkcji Materiałów Drogowych Kruszbet S.A. Zakład Produkcji Kruszywa i Prefabrykatów ##(87) 566 71 77
Przedsiębiorstwo Produkcji Materiałów Drogowych Kruszbet S.A. Zakład Produkcji Kruszywa Trzciane #         kruszbet@kruszbet.com.pl     #695 140 570
Przedsiębiorstwo Produkcyjno Handlowe Getak&#039;S Sp. z o.o. #         getaks.biuro@op.pl     #(87) 566 72 04
Przedsiębiorstwo Produkcyjno-Handlowo-Usługowe List-Pol Piotr Leszczyński ##(85) 681 67 97
Przedsiębiorstwo Produkcyjno-Usługowo-Handlowe Karolczuk Tomasz #         t.karolczuk@o2.pl     #698 626 673
Przedsiębiorstwo Produkcyjno-Usługowo-Handlowe Nestor Jarosław Jakubowicz /Skrót:Pphu Nestor/ #         nestorpphu@gmail.com     #Oceń firmę i napisz o niej opinię:
Przedsiębiorstwo Produkcyjno-Usługowo-Handlowe Sławex Sławomir Zwierzyński Przetwórnia Ryb Dar Fish ##(86) 218 87 72
Przedsiębiorstwo Przemysłu Spożywczego Pepees S.A. #         pepees@pepees.pl     #(86) 215 58 01
Przedsiębiorstwo Przetwórstwa Mięsnego KBS ##(85) 716 22 44
Przedsiębiorstwo Toolco Kazimierz Mitroszewski ##(85) 664 21 15
Puczyłowski Wojciech Usługi Kamieniarskie #         wojtkam@op.pl     #502 082 047
Punkt Uboju Zwierząt Wojciech Nowicki ##(85) 730 99 83
P.U.P.H. Monrol Sp. z o.o. ##(85) 716 22 56
PW Gabrel Michał Gabrel #         gabrel31@wp.pl     #516 192 815
Qbic S.C. ##532 648 547
Q-Media Katarzyna Popławska #         qmedia15@gazeta.pl     #Oceń firmę i napisz o niej opinię:
Qstal Grabowski Rafał ##(86) 307 05 66
Radziwoński Krzysztof Produkcja Wikliny #         krzysztofradziwonski@wp.pl     #693 155 981
Rafał Cwalina #         haveaniceflystudio@gmail.com     #Oceń firmę i napisz o niej opinię:
Rafał Mystkowski #         rafal.mystkowski1989@gmail.com     #Oceń firmę i napisz o niej opinię:
Rafał Popławski Agro-Moto-Serwis ##792 931 792
Raf-Trans Sp. z o.o. #         rafalkomarek@op.pl     #Oceń firmę i napisz o niej opinię:
RAWI Stanisław Wiśniewski ##(85) 654 23 20
Red Ram Media Michał Ławrenczuk #         lawrenczuk@gmail.com     #Oceń firmę i napisz o niej opinię:
Regionalne Przysmaki Sp. z o.o. #         rombanka@gmail.com     #691 105 110
Remont i Produkcja Łodzi Marek Molenda ##501 791 585
Rena PHU Marek Juchnik ##601 387 666
Rendering Max Sp. z o.o. ##693 832 917
Reni Ciasta Domowe Regina Pik ##(87) 516 10 78
Renov Janusz Sawicki #         renov@op.pl     #504 666 044
Revo Pictures Kamil Krzysztof Hryniewicki #         zub2@wp.pl     #502 394 264
Ricoland Dom #         ryszard.ricoland@wp.pl     #509 792 734
Riwke Sp. z o.o. w Organizacji ##501 221 311
Robert Abłażewicz Firma Kamieniarska ##606 659 155
Robert Czerech #         cz.robert@vp.pl     #Oceń firmę i napisz o niej opinię:
Rogmar Grzegorz Czeszel #         biuro@rogmar-bialystok.pl     #663 427 135
Rol Land Sp.j. Spaliński Mirosław i Kozłowski Andrzej ##(85) 737 50 22
Rolety Tomasz Lisowski #         roletylisowski@gmail.com     #512 932 049
Rolety Żaluzje Robert Zdunik ##602 731 134
Rolmak Rolnicza Spółdzielnia Produkcyjna Zakład Rolny ##(85) 681 63 79
Rolmet Sp.j. Producent Maszyn Rolniczych #         rolmet@poczta.onet.pl     #(87) 642 22 82
Rolmlecz Spółdzielnia Mleczarska ##(86) 273 04 00
Rolnicza Spółdzielnia Produkcyjna #         rspzabludow@wp.pl     #(85) 718 81 57
Ronin - Produkcja Wideo i Usługi Fotograficzne Jakub Niebrzydowski #         ronin.produkcja@gmail.com     #Oceń firmę i napisz o niej opinię:
Rozwadowski Rafał Zakład Cukierniczy ##(85) 674 58 90
R&amp;S Marcin Święciński - Wspólnik Spółki Cywilnej #         ris@ris.bialystok.pl     #Oceń firmę i napisz o niej opinię:
Rtech Rafał Radulski #         biuro.rtech@gmail.com     #668 976 984
Rubija Sp. z o.o. ##536 908 158
Rutex P.PHU Irena Rutkowska #         rutpol@hot.pl     #Oceń firmę i napisz o niej opinię:
Rytel Robert Ubojnia Zwierząt #         biuro@ubojniarytel.pl     #(86) 216 66 50
Rzeźnia Braci Szypcio Spółka Jawna #         rbs_monki@op.pl     #(85) 716 23 50
Rzeżnia Dziękonie - Andrzej Dziekoński Zakład Mięsny Dziękonie-Andrzej Dziekoński ##500 294 465
S G Studio Grzegorz Sadowski ##862 750 360
Samasz Sp. z o.o. ##(85) 664 70 47
Sawanna Anna Sianko ##503 926 683
Sawren Firma Produkcyjna ##(85) 662 88 16
Sawren Kazimierz Sawicki ##691 411 731
Sawren Sp. z o.o. #         kamilsaw@wp.pl     #Oceń firmę i napisz o niej opinię:
SB. Berni Bernard Sokołowski ##506 120 149
SCF Tomasz Skłodowski ##(85) 718 16 14
Scissio Paweł Bala #         pawel.bala@gmail.com     #Oceń firmę i napisz o niej opinię:
Sebastian Rećko #         recko@interia.pl     #606 375 550
Sembly Broad Sp. z o.o. ##881 606 706
Ser Koryciński Swojski #         serkorycinski@gmail.com     #(85) 721 93 35
Serowar Podlaski Aneta Łukaszuk #         oferta@serowarpodlaski.pl     #666 231 147
Sery Basi Sp. z o.o. ##509 761 865
Seven Przedsiębiorstwo Produkcyjno-Handlowo-Usługowe #         sev@hot.pl     #(85) 814 17 07
Sękacz Bielski Janina Kotowicz ##512 514 052
Siatlux Łukasz Liszewski #         biuro@siatlux.pl     #606 123 316
Siergiejewiczówka Przedsiębiorstwo Usługowe Beata Prejs-Siergiejewicz ##(86) 215 03 65
Siłkowski Jarosław Firma Usługowa ##(87) 643 24 26
SKAD Spółka jawna Anna Halina i Jan Dziądziak #         biuro@ubojnia-skad.pl     #(86) 272 56 61
Skarbiec Zakład Produkcyjno-Usługowy Dariusz Tomaszuk #         skarbiec@skarbiec.tiu.pl     #(85) 744 45 51
SKŁODOWSCY Sp. z o.o. ##607 810 120
Skłodowski Sławomir Zakład Betoniarsko-Kamieniarski #         skoczko.adam@post.pl     #Oceń firmę i napisz o niej opinię:
SKR #         skrjanow@poczta.fm     #(85) 721 60 34
Skup Żywca Handel Mięsem. Jan Gutowski ##(85) 718 14 84
Skutnik Tadeusz Szkółka Drzew i Krzewów Ozdobnych #         skutnik1@op.pl     #(85) 716 12 18
Slavosonic - Miłosz Bogić #         miloszbogic@gmail.com     #Oceń firmę i napisz o niej opinię:
Slowianka Agency Grzegorz Trykozko #         trykozkook@gmail.com     #Oceń firmę i napisz o niej opinię:
Sławoj Przedsiębiorstwo Produkcyjno-Handlowe #         slawoj6@wp.pl     #(86) 216 44 87
Sławomir Iwaniuk Seo Electronics Wspólnik Spółki Cywiln Ej ##(85) 718 63 93
Słodkie Zdrowie PPHU Jerzy Siemionczyk #         kontakt@slodkie-zdrowie.pl     #607 149 285
Słonicz Teresa Zakład Wulkanizacyjny ##(85) 676 21 42
Smacznego Sp. z o.o. ##506 237 784
Smart Foods International Sp. z o.o. ##501 455 848
Smartcane Sp. z o.o. ##697 858 698
Snarski Antoni Zakład Piekarniczo-Cukierniczy ##(85) 676 25 50
Snarski Piotr Zakład Kamieniarsko-Betoniarski #         piotrsnarski@wp.pl     #(85) 718 60 87
Sokołów S.A. Oddział Zakłady Mięsne Farm Food ##(86) 275 54 06
Sokół Przedsiębiorstwo Produkcyjno-Handlowo-Usługowe Jan Sokołowski ##606 348 662
Sokrates Bielsk Sp. z o.o. ##(85) 730 96 25
Sol Joanna Kalisz Wspólnik Spółki Cywilnej Glob Center #         jkalisz@globcenter.com     #Oceń firmę i napisz o niej opinię:
Soultech Technology Tomasz Lipski Piotr Panasiuk Sp.j. #         soultech.technology@gmail.com     #604 377 608
Spins Spółdzielnia Inwalidów #         spins.szczuczyn@wp.pl     #(86) 273 51 28
Społem Powszechna Spółdzielnia Spożywców ##(85) 730 08 00
Społem Powszechna Spółdzielnia Spożywców Zakład Piekarsko-Ciastkarski ##(85) 730 96 04
Społem Powszechna Spółdzielnia Spożywców Zakład Przetwórstwa Mięsnego ##(85) 743 39 37
Spółdzielnia Mleczarska Mlekovita ##(86) 275 82 00
Spółdzielnia Mleczarska Mlekovita Oddział #         hurt.bielsk@mlekovita.com.pl     #Oceń firmę i napisz o niej opinię:
Spółdzielnia Mleczarska Mlekovita Oddział #         mlekovitabialystok@wp.pl     #(85) 662 35 48
Spółdzielnia Mleczarska Mlekovita Oddział ##(68) 347 30 55
Spółdzielnia Mleczarska Mlekpol w Grajewie ##(86) 273 04 00
Spółdzielnia Mleczarska Rospuda w Filipowie #         smrospudafilipow@wp.pl     #(87) 569 60 19
Spółdzielnia Mleczarska w Łapach #         marketing@mleczarnia.lapy.pl     #(85) 715 23 79
Spółdzielnia Pracy Zeterem #         zeterem@zeterem.pl     #(85) 741 80 04
Spółdzielnia Producentów Mleka Galaktyka Mleczna ##663 969 216
Spółdzielnia Socjalna Kamieniarstwo Bałdyga #         bal.stone@wp.pl     #514 365 065
Stadler Sp. z o.o. Elementy Budowlane ##603 584 864
Stan Przedsiębiorstwo Produkcyjno Usługowo Handlowe Beata Stankiewicz-Siemieniaka #         stankiewiczbeata@go2.pl     #507 172 622
Standard Sp.j. Irena i Leszek Jakim ##(85) 650 51 76
Star Gum Seweryn Pawlenko #         startgum@tlen.pl     #(85) 682 61 03
Steelstorm Maciej Borowik #         maciej@steelstorm.pl     #Oceń firmę i napisz o niej opinię:
Stol-Mip Sławomir Chrzanowski #         stol-mip@wp.pl     #(85) 653 39 80
Stone Studio Waldemar Buczyński ##(86) 272 76 78
STR Fund Sp. z o.o. ##(85) 730 20 03
Struczewski Wojciech Firma Produkcyjna ##(85) 721 50 63
Studio Adam Ostasiewicz #         adamosta@poczta.onet.pl     #504 216 227
Studio Tv Dialog Sp.j. w. Majewski ##695 200 581
Studio Tv Jarosław Kiryluk #         jaroslaw.kiryluk@gmail.com     #(85) 682 50 71
Studio Videomovie Robert Łukawski ##(85) 747 70 09
Studio Zoom Tv Norbert Milewski ##505 354 420
Sudowia - Laktopol Sp. z o.o. ##(87) 566 61 39
Suempol Sp. z o.o. ##(85) 730 60 24
Suempol Sp. z o.o. #         suempol@suempol.pl     #(85) 730 86 09
Sukces Technology Group - Dziemiańczuk Sp. J. #         info@sukcesgroup.pl     #(85) 878 47 00
Sulik Adam Hodowla Roślin ##(85) 712 19 80
Sulik Zofia Hodowla Roślin ##(85) 712 19 80
Sulima Piekarnia Zenon Sulewski #         piekarniasulima@gmail.com     #(86) 216 20 04
Sumak Andrzej Smarżewski #         sumak38@op.pl     #(85) 712 50 14
Supeł Andrzej Nagrobki #         danutasupel@wp.pl     #608 136 806
Suwalska Wytwórnia Win Sp. z o.o. #         biuro@sww.suwalki.pl     #(87) 566 50 70
Suwalskie Kopalnie Surowców Mineralnych Sp. z o.o. Zakład Produkcji Kruszywa ##(87) 565 12 38
Sylwester Kaliszczyk Wyrób Wędlin ##(86) 270 11 19
Sylwia Michalska #         gangrottie@gmail.com     #Oceń firmę i napisz o niej opinię:
Synergy Sp. z o.o. ##602 122 350
Szkółkarstwo Ozdobne mgr inż. Grażyna Paluszkiewicz #         biuro@szkolkarstwoozdobne.pl     #(86) 279 19 17
Szok Sp. z o.o. ##723 415 888
Sztachańscy Beata i Kazimierz Produkcja Kwiatów ##510 403 613
Szyjaśka! Joanna Sawicka #         sawicka02@gmail.com     #Oceń firmę i napisz o niej opinię:
Szymon Bałazy Sb Granit #         balazygranity@gmail.com     #604 062 510
TAR-Białystok Sp. z o.o. #         kjk-kamien@wp.pl     #609 490 273
Tarboj Sp.j. Marian Antoni i Wacław Tarasiuk ##(85) 717 86 29
Tarko PPUH Wiesław Maciorowski #         tarkoscpphu@gmail.com     #(86) 272 30 41
TAS TopArtStone Zbigniew Topór #         topartstone@gmail.com     #(85) 741 90 87
Teamco Anna Kornacka-Jarzynka, Jarosław Jarzynka S.C. #         handlowy@teamco.pl     #502 171 684
Tede Tomasz Nurzyński Dawid Kucbor S.C. ##501 069 168
Teknoven Sp. z o.o. ##600 999 101
TERESA ##501 677 959
Terrpol Michał Naruszewicz #         kontakt@terrpol.pl     #606 357 002
Tęcza Przedsiębiorstwo Wielobranżowe ##604 712 277
The Pyramid Hesham Hassan Abdalla Ghonim #         mmhha_1973@yahoo.com     #Oceń firmę i napisz o niej opinię:
Timber Frame Domy z Drewna Rafał Żmiejko #         twojdomzbali@gmail.com     #510 769 157
Timber Manufacturing Ltd. Sp. z o.o. Oddział w Polsce #         markilapy@gmail.com     #508 373 554
T.J.Z. Ustymowicze Zakład Masarski ##(85) 652 15 71
To Ma S.C. Hurtownia Małgorzata Perzyna Tomasz Perzyna #         tomek@to-ma.pl     #(85) 744 73 16
Tomasz Karasiński - Usługi i Produkcja Wyrobów z Drewna #         karasinski1@o2.pl     #692 455 454
Tomasz Markiewicz T.M. Handel Produkcja Usługi #         tomek7710@op.pl     #Oceń firmę i napisz o niej opinię:
Tomczyński Michał ##(86) 219 20 30
Tomorrow&#039;s System Sp. z o.o. ##501 439 007
Torel G &amp; H Sp. z o.o. #         torelgrajewo@op.pl     #601 986 668
Torty Marty Marta Caban ##695 529 344
Trans Stol Handel Transport Produkcja Jan Masalski ##699 320 917
Transport Ciężarowy Handel Obwoźny Artykuły Do Produkcji Rolnej Jan Dąbrowski ##(86) 271 09 75
Transport Ciężarowy i Produkcja Brykietu Antoni Zawadzki ##508 650 338
Transport Handel i Produkcja Drewna Andrzej Dębicki #         andrzej_debicki@wp.pl     #501 042 929
Travel Games Sp. z o.o. #         ringroutes@gmail.com     #Oceń firmę i napisz o niej opinię:
Trawert Marta Wojtkielewicz #         trawert11@wp.pl     #504 026 730
Treka Produkcja Schodów Kamil Łysakowski #         biuro@treka.pl     #600 964 947
Tres Com Sp.j. Andrzej Sirko i Wspólnicy ##(85) 744 27 00
Trt Stone Zakład Kamieniarski Jerzy Tumialis ##502 348 177
TWÓJ STYL Dorota Jurgiel ##733 155 638
U Antka S.C. Masarnia Teresa i Antoni Łapińscy ##(86) 476 90 11
U Jana Zakład Produkcyjno-Handlowo-Usługowy ##(85) 730 80 03
U Krysi Krystyna Skoczek #         krystyna-skoczek@wp.pl     #508 322 405
U Lecha Zakład Cukierniczy Leszek Truskolawski ##(85) 715 34 13
Ubojnia Drobiu Wojszki D. Biedrzycki L. Prończuk Spółka Jawna ##(85) 716 53 30
Ubojnia Trzody i Bydła sp.j. Wojciech Gołaszewski Marek Duchnowski #         ubojniarutki@wp.pl     #694 475 252
Uczta Polska Sp. z o.o. #         biuro@ucztapolska.pl     #(85) 662 79 28
Uniprest Andrzej Wasilewski #         andrzejwasilewski@uniprest.pl     #518 548 857
Unirem Firma Produkcyjna Bogusław Burcz ##601 155 549
UP - To - Date Fashion By Ada Adrianna Skoryy ##784 712 084
Uprawa Roślin Ozdobnych Tomasz Wilczewski ##(85) 721 50 64
Urszula Nazarko Visuals #         unazarko@gmail.com     #603 214 465
Usługi Ciesielskie Rafał Szymczak #         ucszymczak@wp.pl     #500 063 191
Usługi Kamieniarskie Antonik Mateusz #         mateusz.aa@o2.pl     #511 071 560
Usługi Kamieniarskie Czesław Tarantowicz ##609 549 571
Usługi Kamieniarskie Michał Ostaszewski ##663 321 691
Usługi Krawieckie Anna Warakomska ##504 722 536
Usługi Krawieckie Bernadeta Deputat ##(85) 662 75 62
Usługi Krawieckie Janina Brzozowska ##664 040 409
Usługi Krawieckie Jolanta Turowska ##784 071 504
Usługi Melioracyjne Wiaczesław Pyż ##509 253 185
Usługi Piekarniczo-Cukiernicze Joanna Śledziewska #         sekaczlomza@o2.pl     #(86) 211 60 71
Usługi Spawalnicze Arkadiusz Wolanowski #         arek132@o2.pl     #Oceń firmę i napisz o niej opinię:
Usługi Wędzarnicze - Michał Zieniuk ##876 412 386
Va - Varuste Poland Sp. z o.o. #         office@va-varuste.com     #503 515 505
Valred Krzysztof Jackowski #         valred@valred.pl     #Oceń firmę i napisz o niej opinię:
Van Pur S.A. Browar #         vanpur@vanpur.com.pl     #Oceń firmę i napisz o niej opinię:
Vauraniuk-Smi Mikołaj Wawrzeniuk #         mikolaa@onet.eu     #Oceń firmę i napisz o niej opinię:
VENA ##(85) 732 60 77
Vena Sp. z o.o. ##(85) 732 60 77
Vetoquinol Biowet Sp. z o.o. Oddział ##(86) 273 87 37
Vianelli Joanna Sabina Bołtruszko ##(85) 661 35 05
Viaslau Stankevich ##662 847 465
Vicziunai - Pol Sp. z o.o. ##(87) 563 07 92
Vinyl Sp. z o.o. ##723 991 054
Wadima Producent Bielizny Osobistej Sp. z o.o. Sklep Firmowy Białystok ##785 840 900
Wars Marta Warsiewicz #         w.marta73@wp.pl     #509 640 560
Warsztaty Szkolne Zespołu Szkół ##(85) 718 90 29
Wesołe Gęsi Kamila Gąsiewska #         wesolegesi@gmail.com     #Oceń firmę i napisz o niej opinię:
Wędzarnia Dunikowscy Joanna Dunikowska #         biuro@wedzarnia-dunikowscy.pl     #507 074 485
Wędzarnia Tradycyjna U Wojciecha Wojciech Żybura ##501 611 546
Wędzarnia u Redosa&#039;&#039; Wyroby Tradycyjne Adrian Redos #         adrian.redos@o2.pl     #Oceń firmę i napisz o niej opinię:
Wędzenie Mięsa i Ryb Ołdyński Grzegorz ##509 665 437
Węgrzyniak Zbigniew Zakład Kamieniarski ##(86) 277 17 01
WIB Przedsiębiorstwo Prywatne ##(85) 653 44 07
WIB Przedsiębiorstwo Prywatne #         handel@wib.pl     #(85) 653 44 07
Wibar - Technology Sp. z o.o. ##605 171 190
Wibial Ś. Oleksza i S-ka S.J. w Białymstoku #         biuro@wibial.pl     #(85) 713 16 70
Wideofilmowanie i Fotografia Natalia Kalinowska #         natalia.kalino@wp.pl     #Oceń firmę i napisz o niej opinię:
Wiejska Pracownia Tkacka #         iga@kilim.pl     #(87) 568 82 41
Wierak Aldona Mazurek ##504 100 238
Wiesław Mirosław Odyniec Stairs #         wiesiuczek10@wp.pl     #501 273 500
Wigraszek Przedsiębiorstwo Produkcyjno-Handlowo-Usługowe Szymon Mackiewicz #         wigraszek.pl@gmail.com     #518 291 655
Wimat Przedsiębiorstwo Produkcyjno-Handlowe ##(85) 718 39 06
Wimerton Wypych Pruszyńscy Sp.j. ##793 349 962
Winiarnia Bartex Sp.j. Oddział #         bialystok@bartex.com.pl     #Oceń firmę i napisz o niej opinię:
Wiśniewski Krzysztof Gospodarstwo Rolno-Ogrodnicze ##(85) 716 49 45
WLP K. Kuderewski Sp.j. ##664 107 986
w-Metal Krzysztof Waszkiewicz ##603 538 807
Woobiboo Piotr Podbielski #         biuro@woobiboo.pl     #602 686 686
Wood ZPUH Zarzecki Zbigniew #         z.zarzecki@gmail.com     #501 681 163
Woodrex Patryk Wojna #         wp.wojna@gmail.com     #575 300 578
Wspólnota Gruntowa Wsi Sutno ##(85) 657 70 91
Wydawnictwo Black Cauldron Barbara Waszkuć Sebastian Bytys S.C. ##721 613 655
Wyrób Wędlin Mięsny Zakątek Błażej Fabian Niemyjscy S.C. #         blazejniemyjski@interia.pl     #695 100 272
Zagłoba Sp.j. Zakład Przetwórstwa Mięsnego ##(86) 272 28 83
Zajkowski Tadeusz Firma Usługowa #         recepcja@zajma.eu     #(85) 814 12 41
Zakład Betoniarsko- Kamieniarski Piotr Anoszko ##(85) 711 47 08
Zakład Cukierniczy Henryka Kietlińska #         zchk@wp.pl     #(85) 652 10 96
Zakład Drzewny Andrewpol Łucja Pryczynicz ##(85) 683 46 38
Zakład Garmażeryjny Bartłomiej Mortel #         bmortel@o2.pl     #788 766 966
Zakład Kamieniarski - Cezary Puczyłowski #         kamieniarstwokrasnopol@wp.pl     #507 047 720
Zakład Kamieniarski Epitafium ##604 978 022
Zakład Kamieniarski Jacek Ostrowski ##792 234 151
Zakład Kamieniarski Kam-Mat Mateusz Oksentowicz #         kam-matt@wp.pl     #601 881 628
Zakład Kamieniarski Łapiński Mirosław ##605 259 903
Zakład Kamieniarski Michniewicz Daniel Michniewicz #         kamieniarstwomichniewicz@gmail.com     #696 035 961
Zakład Kamieniarski Naglik Izabela Olszewska ##(87) 566 50 36
Zakład Kamieniarski Nagrobki Ryżko Sylwester ##(86) 277 28 00
Zakład Kamieniarski Wojciech Maleszewski #         sokolygranit@wp.pl     #508 500 504
Zakład Kamieniarsko - Betoniarski Ewa Szymańska #         coltgsx@op.pl     #(87) 569 61 37
Zakład Kamieniarsko-Betoniarski ##(87) 516 23 85
Zakład Kamieniarsko-Betoniarski Eugeniusz Oksentowicz #         oksent@vp.pl     #604 647 527
Zakład Kamieniarsko-Betoniarski Jerzy Lewandowski ##(86) 473 01 76
Zakład Kamieniarsko-Pomnikarski Regina Biedul ##(87) 642 31 01
Zakład Konserwacji i Wykonawstwa Urządzeń Wodnych i Melioracyjnych Lech Grygo ##600 835 970
Zakład Krawiecki Przeróbki Odzieży Teresa Zdancewicz ##502 098 656
Zakład Krawiecko-Damski Boguszewska Grażyna ##722 098 613
Zakład Masarniczy Kuzia Piotr Kuzia ##506 071 921
Zakład Mięsny Kabo A Borowik w Karpieszuk Sp.j. ##(85) 719 31 11
Zakład Mięsny Pelikan Sp. z o.o. #         pelikanbk@gmail.com     #(85) 741 81 37
Zakład Mięsny Zbigniew Kotwicki ##601 869 807
Zakład Mięsny Zbigniew Kotwicki, Jolanta Ciepła S.C. #         ksiegi@rubikon.pl     #Oceń firmę i napisz o niej opinię:
Zakład Obróbki Skrawaniem Darmet Sp. z o.o. #         narzedzia@darmet.com.pl     #(85) 653 86 70
Zakład Piekarniczo-Cukierniczy Paweł Czaplejewicz #         pawlak64@wp.pl     #608 343 377
Zakład Produkcji Cukierniczej Gato M i M Mazur Sp.j. #         gato@hot.pl     #(85) 873 30 52
Zakład Produkcji Elementów Budowlanych i Kruszywa A. Męczkowski Spółka Jawna #         mj@mj.com.pl     #(86) 217 25 42
Zakład Produkcji Garmażeryjnej Bielkur Jarosław Michalski #         bielkur@interia.pl     #(85) 730 76 22
Zakład Produkcji Komputerów Mastiff Sp. z o.o. ##(85) 664 44 44
Zakład Produkcji Kruszyw Z Recyklingu Karol Waszkuć #         karol.waszkuc@gmail.com     #727 064 000
Zakład Produkcji Lemieszy Stankiewicz Spółka Jawna #         lemiesze@lemiesze.pl     #(87) 565 42 02
Zakład Produkcji Pasz Kemos Sp. z o.o. ##(85) 662 31 71
Zakład Produkcji Pasz Kemos Sp. z o.o. Sp.k. ##(85) 662 31 99
Zakład Produkcyjno-Handlowo-Usługowy Drewpol S.C. Józef Kaczyński Barbara Kaczyńska ##602 484 424
Zakład Przetwórstwa Drobiu Jur-Kur Jerzy Grygiencz #         jur-kur@go3.pl     #(85) 676 32 92
Zakład Przędzy Fasty Sp. z o.o. ##(85) 653 10 60
Zakład Stolarski Parkiety Schody Pryczynicz Piotr ##(85) 683 41 35
Zakład Stolarski Złoty Sęk Jerzy Popławski #         poczta@zlotysek.com.pl     #(85) 710 32 79
Zakład Usług Wodnych i Melioracyjnych Sp. z o.o. ##(85) 711 23 76
Zakład Usług Zootechnicznych Tadeusz Lasocki ##603 533 201
Zakład Usługowy Joanna Rawa ##(86) 275 61 82
Zakład Usługowy Krzysztof Dalidonis ##(87) 516 54 42
Zakład Wytwórczo - Produkcyjny Inż. Eugeniusz Słuchocki #         sluchocki@wp.pl     #Oceń firmę i napisz o niej opinię:
Zakład Zaopatrzenia Usług i Produkcji Sp. z o.o. ##(85) 716 25 65
Zakład Zaopatrzenia Usług i Produkcji Sp. z o.o. Sklep ##(85) 711 83 44
Zakład Zaopatrzenia Usług i Produkcji Sp. z o.o. Sklep ##(87) 516 34 81
Zakład Zaopatrzenia Usług i Produkcji Sp. z o.o. Sklep ##698 483 383
Zakład Zaopatrzenia Usług i Produkcji Sp. z o.o. Sklep ##(85) 712 50 70
Zakładanie Ogrodów Szkółka Drzew i Krzewów Ozdobnych ##696 916 486
Zakłady Mięsne Czyżew #         kontakt@zmczyzew.pl     #(86) 275 68 00
Zakłady Mięsne Firlej Sp. z o.o. ##698 006 419
Zakłady Mięsne Netter #         sekretariat@zmnetter.pl     #(85) 731 91 22
Zakłady Mięsne Pekt P. i T. Rzatkowscy Sp.j. #         biuro.pekt@gmail.com     #502 995 512
Zakłady Mięsne Podgórze J. Hryniewicz J. Starszyk K. Zawadzki Spółka Jawna #         apis10@o2.pl     #(86) 217 82 29
Zakłady Mięsne Wyszyńscy Wyszyński Mirosław #         mirecki34@wp.pl     #(86) 277 48 01
Zakłady Produkcji Kruszyw Rupińscy Sp.j. #         biuro@zpkszumowo.pl     #(86) 476 81 22
Zalesiany Zakład Produkcyjno Usługowo Handlowy Małgorzata Dwilińska-Osipiuk ##502 584 673
Zalewski Stanisław Zakład Betoniarsko-Kamieniarski ##(85) 719 28 13
Zarzeccy Sp. z o.o. ##504 050 306
Zdancewicz Ireneusz Gorzelnia Rolnicza ##(87) 516 20 33
Zhu Agro-system Dariusz Chmielewski #         chmielewski.dealer@westfalia.com.pl     #697 500 462
ZHU Robert Sokólski ##792 707 099
Ziarno - Susz Paweł Krasowski #         pawel.krasowski25@interia.pl     #Oceń firmę i napisz o niej opinię:
Zieleń Miejska Sp. z o.o. Sklep Cyprys #         zielen@neostrada.pl     #Oceń firmę i napisz o niej opinię:
Zielińska Janina Produkcja Pokrowców ##(86) 218 43 99
Zieniuk Lidia Produkcja Stolarki Budowlanej ##(85) 655 00 53
Zm Kolno S.A. #         zmkolno@zmkolno.pl     #(86) 278 27 22
ZMB Białystok Sp. z o.o. ##664 190 542
Zodiac Mateusz Socha #         biuro@zodiac-kamieniarstwo.pl     #790 370 984
Zp Herman Ewelina Gotowicka #         garmazeria.herman@gmail.com     #864 760 450
ZPHU Kamex Krzysztof Popławski ##509 065 378
z.P.U Darform Dariusz Formejster ##502 514 538
Związek Zawodowy Pracowników Przedsiębiorstwa Produkcji Leśnej Las w Imszarze ##(85) 717 60 78
Żaluzje Zakład Produkcyjno - Usługowo - Handlowy Adam Halicki #         info@zaluzje.bialystok.pl     #(85) 654 72 87
Żaluzje Zakład Produkcyjno-Usługowy Ewa Buraczewska #         zaluzje@zaluzje.com.pl     #(85) 878 23 34
Żelechowski Marek Sklep Przemysłowy #         lomza@ruckzuck.com.pl     #(86) 219 82 50
Żywica Sp. z o.o. ##(85) 730 90 53
