Szkółka drzew i krzewów DK Garden - Palmy, rośliny egzotyczne #         biuro@dkgarden.pl     #606 221 843
Pamas Salami Sp. z o.o. #         salami@pamas.pl     #(77) 404 87 70
Inwap sp. z o.o. #         info@inwap.pl     #(77) 416 17 16
Przedsiębiorstwo Produkcyjno Handlowo Usługowe N-Steel Danuta i Justyna Pawlisz Spółka Jawna #         info@steel-shoes.com     #696 266 847
JNP Meble Nowak Piotr Nowak #         biuro@jnp-meblenowak.pl     #(34) 357 52 17
Brysch Schody #         biuro@bryschtreppen.com     #513 632 233
Usługi stolarskie Leszek Suchodolski #         leszeksuchodolski0@gmail.com     #501 202 637
Kabus Producent brykietu bukowego #         biuro@kabus.pl     #(77) 401 09 89
Kabus Producent kołków i drążków drewnianych do mebli #         biuro@kabus.pl     #(77) 401 09 89
Ventura Piotr Mrozek #         p.mrozek@wp.pl     #(77) 411 57 09
Pamet Konstrukcje Stalowe Sp. z o.o. #         info@pamet.net.pl     #(77) 464 95 23
Euro-Trak-Nysa Krystyna Fułat #         biuro@etn.pl     #(77) 435 71 60
Uvex Safety Polska sp. z o.o. sp.k. Obuwie ochronne Heckel #         uvex@uvex-integra.pl     #(77) 482 62 58
Meble Grabinski Tomasz Grabinski #         info@mebelegrsbinski.pl     #603 965 369
MAP System Bogdan Brząkała Osłony Okienne #         b.brzakala@onet.pl     #(77) 447 41 35
MAP System Bogdan Brząkała Sprzedaż okien #         b.brzakala@onet.pl     #(77) 418 52 58
Student Steel Arnold Student i Mateusz Student Producent kołnierzy stalowych #         arni6@poczta.onet.eu     #605 825 381
Met-Pom. ZPU. Cichoń M. #         info@metpom.pl     #607 275 046
Omega Kontenery Jacek Sitko #         sitkojacek28@gmail.com     #535 970 111
Janex Serwis Mariusz Złotowski #         janexserwis@gmail.com     #602 694 697
Zakład kamieniarski Lech #         dariusz-lech@wp.pl     #698 840 015
Knk Serwis Sp. z o.o. #         knk@knk.pl     #(77) 457 57 42
MONTER Michał Pniewski #         biuro@montermp.pl     #606 589 233
EL-KO Produkcja Urządzeń Bezpieczeństwa Ruchu Andrzej Grabowski #         ppelko@poczta.onet.pl     #(77) 474 67 50
Spawex Usługi Spawalnicze #         biuro@spawex-brzeg.pl     #733 066 222
Pre-Bet s.c. #         pre-bet@pre-bet.com.pl     #(77) 466 14 52
Jaja F.H. Damian Kozik #         damkozik@op.pl     #509 792 435
Petro-Gum Piotr Pokrzywa #         petrogum@wp.pl     #662 252 577
A. Berger Polska Sp. z o.o. #         info@aberger.pl     #(77) 406 07 00
Mateusz Cieśla Usługi Tartaczno-Budowlane Cieśtrakbud #         ciestrak@interia.pl     #725 146 780
Makspol Producent Drapaków Dla Kotów #         amaksym@wp.pl     #695 916 422
Robert Tieleczek Stolarstwo #         info@tieleczek.pl     #501 619 315
Kojzar Ltd Spółka Jawna #         kojzar@sowatech.com.pl     #603 127 471
Van-Team Łukasz Wojciechowski #         van-team@o2.pl     #501 723 802
Bartex Zakład Ślusarski Bramy Ogrodzenie Zazula Roman #         bartexzazula@o2.pl     #693 404 324
Jaja Hurt Producent Jaj Jaja Sprzedaż Jaja z Wolnego Wybiegu Krobusz #         rsp.krobusz@op.pl     #(77) 436 57 77
Zygfryd Pierończyk Zakład Ślusarsko-Kotlarski #         biuro@bramy.krosnica.eu     #606 529 301
Jerzy Iskierka Kamieniarstwo Budowlane #         biuro@iskierka-granity.pl     #601 862 592
Świat Palet Bogdan Dudzik #         bodidudi@interia.pl     #604 196 945
Mocmar Stanisław Moczarski #         mocmartrans@gmail.com     #600 662 192
Plantap Zbigniew Knap #         plantap@op.pl     #602 617 830
FHU Słowikowski Ryszard #         info@slowikowski.com.pl     #601 491 956
Metalowiec Spółka z ograniczoną odpowiedzialnością #         biuro@metalowiec.com.pl     #(77) 410 45 58
Tartak Interhas Sp. z o.o. #         biuro@interhas.pl     #502 251 350
Glasimo Projects Sp. z o.o. #         glasimo@glasimo.com.pl     #(77) 423 20 80
NTN Inżyniering Jacek Kwiatkowski #         ntn.nitrolen@gmail.com     #(77) 454 54 58
Pieruszka Zakład Stolarski, Schody, Drzwi Józef Pieruszka #         pieruszka@interia.pl     #608 528 896
Flexpart Sp. z o.o. #         biuro@flexpart.pl     #664 162 008
Tomex Meble na Wymiar Tomasz Strugała #         strugala.meble@onet.pl     #787 138 182
Tartak Mateusz Kociok #         tartak.kociok@wp.pl     #782 245 985
Lumitex S.C. Łukasz Borowski Michał Luty #         michal.luty@lumitex.pl     #516 466 340
Sevi Larysz Florian Larysz #         marketing@sevi.pl     #(77) 454 21 77
Świt Piekarnia Robert Smoter #         robsmo4622@o2.pl     #(77) 435 97 77
Enzbud s.c. Wielobranżowy Zakład Remontowo Usługowy #         biuro@enzbud.pl     #(77) 483 57 47
Kueper Polska Sp. z o.o. #         info@kueperpolska.com     #604 176 066
Sep Peeters Polska sp. z o.o. #         sep.polska@seppeeters.com     #(77) 442 75 75
Gama Marian Gamrat #         gamaokno@wp.pl     #(77) 439 46 74
Bernadeta Bryś Firma handlowa #         fhbrys@interia.pl     #668 818 014
Made In Garage Amadeusz Hawryluk #         made.in.garage@wp.pl     #663 553 002
Budmix Kruszywa #         biuro.budmix@wp.pl     #609 396 189
Hiperbaria Tlenowa Rosanna Joanna Brzozowska #         jchbrz@gmail.com     #694 527 744
D.R.F Tartak Roman Dudarewicz #         drf.dudarewicz.tartak@gmail.com     #508 235 915
Ewa FPHU Andrzej Sadowski #         info@ewaposciel.pl     #(77) 418 47 84
Stolarstwo Długosz - Drzwi drewniane na wymiar #         biuro@stolarstwo-dlugosz.pl     #604 187 075
Air Products Sp. z o.o. #         kedziej@airproducts.com     #885 051 292
Loretta Adam Maciejewski #         beata.m@loretta.pl     #604 458 891
Black Ink. Agencja Artystyczna Piotr Czernecki #         black.ink.biuro@gmail.com     #888 907 292
Steel Shoes #         info@steel-shoes.com     #696 266 847
Unitube Spółka z ograniczoną odpowiedzialnością #         info@unitube.pl     #(77) 462 21 86
Colorimo Szkło lakierowane #         info@colorimo.eu     #(77) 423 28 00
Mochnik Glass sp. z o.o. #         mochnik@mochnik.com.pl     #(77) 423 28 00
Elmers Ewelina Rus-Kozioł #         elmers.ogrodzenia@wp.pl     #784 505 170
Krause S. Krause Innowacja w budownictwie #         biuro@krause-group.pl     #(77) 427 46 10
Zbigniew Tomków Autoczęści #         biuro@metal-produkt.pl     #606 838 628
Mtd Meble Dawid Tynecki #         tynecki25@gmail.com     #519 602 360
3rd-Pole Tomasz Matuszczyk #         biuro@3rd-pole.com     #506 935 278
9zero Studio Paweł Maluśki #         kontakt@90studio.pl     #606 667 336
Adam Bugno Zakład Betoniarsko Kamieniarski #         adam.bugno@wp.pl     #(77) 431 17 45
Adrian Jontza Jontza-Granit #         jontza@wp.pl     #(77) 461 92 01
Afotech Sp. z o.o. ##(77) 435 70 24
Agremo Serwis S.C. Mieczysław Mirowski Tomasz Przyłucki Uriasz Mirowski ##(77) 402 94 60
Agrohan Zakład Usługowo-Produkcyjno-Handlowy Zbigniew Pęciak #         agrohan@wp.pl     #Oceń firmę i napisz o niej opinię:
Agroplon Przedsiębiorstwo Produkcyjno-Handlowo-Usługowe ##(77) 438 76 55
Agroprod Sp. z o.o. Zakład Produkcji Rolnej #         agroprod@op.pl     #(77) 415 20 82
Agroprojekt-Serwis Mariusz Fijałkowski #         agroprojekt@onet.pl     #503 025 137
AJM Models Joanna Palkiewicz Pracownia Modelarska ##604 402 614
Akseco Michał Piwowar #         michal.robomet@gmail.com     #Oceń firmę i napisz o niej opinię:
Akureno Marek Ciupa Produkcja ##504 938 936
Alarmy-e.pl ##695 381 674
Aleksander Bajraszewski Baalkam #         baalkam@gamail.com     #Oceń firmę i napisz o niej opinię:
Aleksandra Czerkawska Lupus Film ##793 630 651
Ales PHU Piotr Adamus #         ales@onet.pl     #(77) 435 70 21
Alfons Jośko Zakład Mechaniki Maszyn ##(77) 464 45 54
Algar Jolanta Kobylecka-Lutnik ##501 407 849
Alkor Sp. z o.o. #         info@alkor-watch.pl     #(77) 409 16 00
Almar #         info@almar.nysa.pl     #697 233 645
Alt-Drew Adrian Sapeta Rafał Sapeta S.C ##660 874 547
Aluprof S.A. Zakład ##(77) 400 00 00
Alusek Karol Kowalik ##(77) 410 32 99
Alusek S.C.Edward Jendro Karol Kowalik ##(77) 410 32 99
Alusystem Witold Szczepański ##(77) 417 08 10
Amir Zakład Produkcji Akumulatorów ##(77) 444 47 33
Andre Poniatowski Szkółka Drzew i Krzewów Ozdobnych ##790 264 885
Andruchowicz Przedsiębiorstwo Handlowo-Usługowe ##(77) 485 22 25
Andrzej Lipa Al-Mark ##603 938 575
Andrzej Sledziona Graphics #         andrzej.sledziona@gmail.com     #Oceń firmę i napisz o niej opinię:
Angra Sp. z o.o. ##602 621 223
Anibas Sabina Kula #         s.kula@kamieniarstwo-schmidt.com     #Oceń firmę i napisz o niej opinię:
ANN Mary Anna Wolny #         aniakess@o2.pl     #669 629 515
Antex PPUH Krzysztof Kozdrowski #         kkozdrowski@interia.eu     #(77) 400 33 60
Aplika Anna Parulska ##(77) 474 83 73
APP International Sp. z o.o. w Organizacji ##(77) 403 60 75
Aquator Papier Sp. z o.o. #         wojtek.zimmerman@gmail.com     #506 135 133
Arkadiusz Gondro - Serwis Łuczniczy Argon #         reaktor11g@wp.pl     #880 798 180
Armako Jerzy Kosarzecki ##(77) 456 88 06
ARS Arte Janusz Kołodziej #         hiklif@interia.pl     #(77) 460 20 03
Art Vision S.C.Produkcja Telewizyjna Zyzik Krzysztof Chudowski Sławomir ##(77) 457 58 90
Art-Chem S.C. #         artchemsc@wp.pl     #(77) 461 42 39
Asa PPHU Maria Stankiewicz ##(77) 454 55 08
Asa Sp. z o.o. #         sekretariat@asa.eu     #(77) 485 08 01
Asko Leather Sp. z o.o. ##(77) 448 67 01
Aspersa Snails International Mariusz Mielnik #         mariuszmielnik@op.pl     #531 336 053
Atlasdomkow.pl #         kontakt@atlasdomkow.pl     #Oceń firmę i napisz o niej opinię:
Atra Tomasz Krawczyk ##696 610 827
Augustyniak Jan Usługi Kamieniarskie ##(77) 438 72 60
Auto Power Electronic ##(77) 474 56 74
Badura Produkcja Mebli Waldemar Badura ##600 676 940
Bagger Polska Sp. z o.o. ##668 128 001
Baier Sp. z o.o. #         baier@baier.pl     #Oceń firmę i napisz o niej opinię:
Bajek Centrum Ogrodnicze #         biuro@bajek.pl     #(77) 464 74 74
Balbinkowo By Balba Sabina Weis ##663 387 694
Bals-Polska Elektrotechnika Sp. z o.o. ##(77) 421 58 66
Bal-Stal Ogrodzenia i Balustrady Baldy Jacek #         balstal.baldy@gmail.com     #Oceń firmę i napisz o niej opinię:
Bamar-Pol Sp.j. ##(77) 421 13 71
Bamar-Pol Sp.j. ##(77) 404 95 15
Barbara Lutzner Format B - Film Fotografia Grafika ##603 866 630
Bardoń Produkcja i Zdobienie Ceramiki Sławomir Bardon #         info@bardon.com.pl     #Oceń firmę i napisz o niej opinię:
Bardoń Produkcja i Zdobienie Ceramiki Wojciech Bardoń ##(77) 460 02 20
Bartosik &amp; Głuszko S.C. Zakład Produkcyjno-Usługowo-Handlowy ##(77) 418 96 16
Bartosik Bogusław Głuszko Marian S.C. Zakład Kamieniarski ##(77) 418 96 16
Bartosik Zbigniew Bartosik Studio #         biuro@bartosikstudio.pl     #602 184 135
Bart-Spaw Bartosz Zabłocki ##661 403 067
BasenComplex S.C. #         biuro@basencomplex.pl     #(77) 470 02 10
Bazzan Magdalena Bazan ##600 055 444
Be K &amp; R S.C. Beata i Grzegorz Kawala ##(77) 453 75 48
Be K&amp;R Przedsiębiorstwo Produkcyjno-Handlowe S.C. Beata Kawala #         g.kawala@wp.pl     #605 821 034
Beata Piasecka Kamieniarstwo Janocha #         kamieniarstwo.janocha@gmail.com     #(77) 466 85 71
Bedik-Graw Mariusz Bergiel Grawerowanie i Kucie w Kamieniu #         mariusz.bergiel@interia.eu     #662 092 704
Bednarczyk Marcin Budmel ##509 681 306
Beno Serwis #         benoserwis@op.pl     #(77) 436 47 77
Best Eye Studio Rafał Woźniak #         biuro@besteyestudio.pl     #508 593 264
Betafence Sp. z o.o. #         info.poland@betafence.com     #(77) 406 22 00
B.h. Jabłoński Zakład Przetwórstwa Mięsapaweł Jabłoński ##608 104 236
Bio-Chem Sp. z o.o. ##(77) 547 20 20
Bio-Logico.Pl Damian Darowski #         biologico@op.pl     #533 708 080
Biuromix-Center Sp. z o.o. ##(77) 472 30 45
Blach Róża i Robert S.C. Masarnia ##(77) 474 84 01
Blok Zakład Ogólnobudowlany Produkcja Usługi Handel Henryk Szuman ##692 426 439
Bocian Zakład Przetwórstwa Mięsnego Adam Ptak Grzegorz Ptak ##697 699 978
Bocian Zakład Przetwórstwa Mięsnego Jadwiga Chludzińska ##660 793 318
Bogacz Tomasz Zakład Kamieniarsko-Betoniarski #         tomaszbogacz@onet.eu     #(77) 431 50 07
Bogdan Wasik Trimet ##600 447 035
Bolko Bogusław Czerniak #         bogdan.opony@op.pl     #(77) 456 24 53
Bomap Sp. z o.o. ##(77) 451 31 41
Bonominka Manufaktura Słodkości Ewa Bonomini #         ewa.bonomini@o2.pl     #661 177 045
Borek FHU Eksport - Import Łukasz Borek #         fhuborek@o2.pl     #693 538 579
Boro Dystrybucja Dariusz Borowicz ##519 189 660
Brenntag Polska Sp. z o.o. ##(77) 472 15 00
Brevito Sp. z o.o. #         gvreuls@brevito.pl     #503 416 061
Bro-Bud ZPHUiH Stanisław Broszko #         bro-bud@wp.pl     #(77) 418 52 24
Bromma Granit Edward Bromma #         biuro@brommagranit.pl     #(77) 464 34 25
Browar Opolski S.C. Wojciech i Justyna Plucik ##605 825 361
Brynza Krystian i Regina Gospodarstwo Ogrodnicze ##(77) 466 87 96
Brysch Schody Producent schodów drewnianych #         biuro@bryschtreppen.com     #(34) 350 50 20
Brzeska Iwona Zakład Kamieniarski ##601 385 106
Bubnicki i Wspólnicy Sp.j. ##(77) 453 22 62
Butik Barbary Barbara Jeleń #         basiajelen@gmail.com     #536 776 936
C3po Sp. z o.o. ##600 021 773
Caffedelmondo Sp. z o.o. ##(71) 722 05 10
Cage Marek Zwolski ##660 182 462
Cartel Foods Piotr Terlikowski #         zamowienia@cartelfoods.pl     #600 482 618
Centrala Nasienna Grupa Producentów Rolnych Sp. z o.o. #         centralanasienna@vp.pl     #(77) 413 48 71
Centrum Iglak Szkółka Roślin Ozdobnych ##606 671 601
centrumpiwowarstwa.pl Sklep Internetowy #         sklep@centrumpiwowarstwa.pl     #(77) 542 12 12
Ceramik System Decal Marcin Filip #         biuro@ceramiksystem.pl     #517 489 234
Ceramika Witoń J. Witoń spółka jawna ##(77) 402 72 35
Ceramix Firma Handlowa ##(77) 482 08 12
Cezart Cezary Pulik #         cezart@cezart.com.pl     #509 833 960
Chemia - Bomar Edward Marciniak Sp. z o.o. #         biuro@plyny.pl     #(77) 412 10 22
Chempest Prószków Sp. z o.o. ##(77) 464 80 78
Chespa Farby Graficzne Sp. z o.o. #         chespa@chespa.eu     #(77) 442 97 00
Cibis Grzegorz Masarstwo-Wędliniarstwo #         masarstwo_wedliniarstwo@cibis.com.pl     #(77) 487 92 40
Colo Przedsiębiorstwo Handlowo-Usługowe Joanna Sado #         biuro.kedzierzyn@colo-sport.com     #(77) 472 28 48
Columbex S.C. Impotr-Export Handel Produkcja Jerzy Koźlik Marcin Koźlik ##602 388 152
Combi-Bis S.C.Ryszard Mustwiło Monika Kwiatkowska ##(77) 442 03 79
Comfort Plus Sp.j. M. Pankiewicz A. Pietrzak #         a.pietrzak@comfortplus.pl     #(77) 433 87 73
Cosma Poland Sp. z o.o. #         biuro@cosmapoland.pl     #508 719 321
Cukiernia Artystyczna Anna Lotycz #         torty@onet.pl     #Oceń firmę i napisz o niej opinię:
Cukry Nyskie Spółdzielnia Pracy #         info@cukrynyskie.com.pl     #(77) 433 24 11
Cuks Mariusz Wręczycki #         biuro@cuks-krowki.pl     #510 403 503
Dag Group Sp. z o.o. ##575 089 431
Dagny Polska Sp. z o.o. ##(77) 408 71 01
Davideo Dawid Michalak #         dawid.michalak001@gmail.com     #Oceń firmę i napisz o niej opinię:
Dawid Szulc Budownictwo Produkcja Usługi i Handel-Szulc Dawid ##501 051 903
Dba Target Dominika Bernacka-Adamczyk #         dba.target@wp.pl     #(77) 456 50 65
Decrust Sp. z o.o. ##602 647 133
Dereń Henryk Kamieniarstwo - Sprowadzanie i Sprzedaż Bloków Granitowych Import-Eksport #         henryk.deren@wp.pl     #Oceń firmę i napisz o niej opinię:
Des Sp. z o.o. ##600 482 177
Diamentport Dariusz Lipka ##(77) 550 60 88
Diamon Sp. z o.o. ##(34) 358 83 05
Diehl Controls Polska Sp. z o.o. #         info-dcp@diehlako.com     #(77) 403 73 00
Divine Acoustics Piotr Gałkowski #         info@divineacoustics.com     #784 187 814
Dix-Ray Polska Sp. z o.o. #         info@examion.pl     #Oceń firmę i napisz o niej opinię:
D&amp;L Mar`Sel Dominik Marsolek ##602 730 094
Dmc Łukasz Dambiec #         dambiec.lukasz@gmail.com     #Oceń firmę i napisz o niej opinię:
Dolmet S.C. Przemysław Bielecki Zakład Produkcji Odlewniczej #         biuro@dolmet.pl     #780 025 859
Dolmet S.C. Zakład Produkcji Odlewniczej ##(77) 460 00 91
Dopeent-Fotografia/Video Marcin Chodyniecki ##509 183 791
Dragan Michał Ando ##698 610 173
Dre Art Grupa Sp. z o.o. #         ewajanuszonek@7pm.pl     #Oceń firmę i napisz o niej opinię:
Drew Un Paweł Unijewski Produkcja Opakowań Drewnianych #         pawelunia@interia.eu     #Oceń firmę i napisz o niej opinię:
Drewnoplast Zakład Produkcji Okien Jan Mika #         drewnoplast@drewnoplast.com.pl     #(77) 461 95 66
Drobchem-Bis S.C. Marek Kyzioł Irena Machaczek ##(77) 461 42 39
Drzazga Leszek Zakład Kamieniarski ##(77) 439 80 50
Dutra Sp. z o.o. Przedsiębiorstwo Produkcji Handlu i Usług #         dutra@wp.pl     #(77) 435 62 12
Dymek Piotr Zakład Kamieniarski #         kamieniarstwo7@o2.pl     #609 785 851
Dynksxmonster Maciej Grylowski #         dynksxmonster@o2.pl     #Oceń firmę i napisz o niej opinię:
Ekotex Sp. z o.o. ##(77) 403 92 90
El-Bram Adrian Chudala #         adrianchudala@interia.pl     #502 650 057
Elektronika-Informatyka-Produkcja-Handel-Usługi Andrzej Praszmo ##601 545 753
El-Ko PP Andrzej Grabowski #         ppelko@poczta.onet.pl     #(77) 474 67 50
Elliser Elżbieta Gajewska #         e.gajewska6@interia.eu     #Oceń firmę i napisz o niej opinię:
Elpeh Piotr Hnida #         piotrekhnida@gmail.com     #Oceń firmę i napisz o niej opinię:
Elsab Ryszard Błaszczuk ##(77) 460 78 63
Elsteel-Poland Sp. z o.o. ##(77) 465 46 66
Elwira Gadzińska Przetwórstwo Sprzedaż Wołowiny #         ehamela@vp.pl     #Oceń firmę i napisz o niej opinię:
Em.Granit Transport Ewa Dorosz #         em.granit.transport@interia.pl     #782 478 058
Emillo Lures Mariusz Maciejczyk #         marios03@wp.pl     #880 245 755
Emptmeyer Polska Sp. z o.o. ##(71) 881 07 52
Esis Marcin Kręcichwost #         esis@esis.net.pl     #Oceń firmę i napisz o niej opinię:
Esteves-Dwd Polska Sp. z o.o. ##(77) 421 43 06
Euro-Imex Marek Gwiazdowski #         euroimex@poczta.onet.pl     #(34) 358 36 05
Eurol P.U.H.P. #         info@eurol.pl     #(77) 458 20 90
##test
Everest Climbing Sp. z o.o. #         office@everest-climbing.com     #(77) 441 30 80
Evogenetics Sp. z o.o. #         biuro@evogenetics.pl     #692 837 020
Ewa Cioch Firma Teraz #         firmateraz@gmail.com     #Oceń firmę i napisz o niej opinię:
Ewa Koziołek - Usługi Krawieckie Ewa ##(34) 359 15 46
Ewa Włóka ##(34) 350 24 70
Eximpex Biuro Handlowe ##(77) 416 32 01
Fab Style Sp. z o.o. ##(77) 403 31 00
Factor Place Zabaw #         factor@place-zabaw.com.pl     #(77) 402 90 70
Faneo Sp. z o.o. #         spzoo@faneo.pl     #Oceń firmę i napisz o niej opinię:
Feks Przedsiębiorstwo Produkcyjno-Handlowo-Usługowe Zakład Przetwórstwa Drobiowego Franciszek Wączek #         zlota-kaczka@op.pl     #Oceń firmę i napisz o niej opinię:
Fenix Dariusz Wechman ##(77) 416 48 24
Ferma-Pol Sp. z o.o. Przedsiębiorstwo Produkcyjno-Handlowe Gospodarstwo Rolne #         fermapol1@pro.onet.pl     #(77) 414 68 09
Feuerkam - Supra PPUH Bożena Madziewicz ##(77) 427 06 10
FHU Granitex Michał Jung #         fhugranitex@interia.pl     #668 309 378
FHU Karolina Śliwa #         sliwakarolina541@gmail.com     #727 610 451
FHU Sylwester Ślimak ##(77) 439 80 49
FHUP Royal Piotr Jurczyk ##509 112 034
Fiedler Consulting Teresa Fiedler #         pawelopole@interia.pl     #661 363 518
Filip Ożarowski - Produkcja Filmowa #         kontakt@filipozarowski.pl     #668 183 528
Filmovsky Rafał Bobrowski ##667 959 559
Firma Art-Chem Barbara Kyzioł ##(77) 461 42 39
Firma Bracia Tokarscy - Jan Tokarski ##(77) 421 92 80
Firma Kb Edyta Bartunek ##796 158 999
Firma Rollo Grzegorz Grobarek ##(77) 420 47 44
Firma Usługowa Damian Weinkopf #         damian.weinkopf@wp.pl     #(77) 436 57 36
Fit Food Group S.A. ##(77) 488 64 88
Flaig + Hommel Polska Sp. z o.o. #         biuro@flaig-hommel.com.pl     #(77) 407 51 39
Flora Sp. z o.o. Kazimierz Pychyński Leszek Korzeniowski Oddział ##(77) 416 51 78
Florex Przedsiębiorstwo Handlowo-Usługowe ##(77) 411 90 24
Folga Sp. z o.o. ##(59) 725 71 89
Fortech S.C. G. Ceglarz M. Kabata T. Truszkowski R. Żbik ##(34) 358 88 20
Fotoceramika Brygida Larysz ##(77) 454 01 72
Foto-Mika Monika Kotulla Usługi Fotograficzne #         fotomikaopole@wp.pl     #606 137 808
FPHU Nesautomatic Marek Dobroć #         marek.dobroc@gmail.com     #Oceń firmę i napisz o niej opinię:
Fps Polska Sp. z o.o. ##(77) 307 02 23
Franek Zakład Usług Wulkanizacyjnych Franciszek Wąsik ##(77) 482 20 77
Gabriela Kamecka Zakład Krawiecki #         krawiectwog.kamecka@interia.eu     #502 221 073
Gacki Piotr Zakład Kamieniarsko-Betoniarski ##502 113 893
Gajz Sp. z o.o. Przedsiębiorstwo Produkcji Rolnej ##(77) 431 31 83
Galmet Sp. z o.o. Sp.k. ##(77) 403 45 00
Gąglewicz Dariusz Serwis Domofonów #         gaglewicz@op.pl     #601 982 303
G-Corp R. Grzywaczyk ##(77) 466 66 70
Glany Steel #         steel.krapkowice@gmail.com     #Oceń firmę i napisz o niej opinię:
Global Colors Polska S.A. #         gcp@globalcolors.pl     #(77) 488 66 16
Glory Gold Sp. z o.o. ##(77) 470 07 00
Głubczyce S.A. Zakłady Piwowarskie #         brax@glubczyce.com.pl     #Oceń firmę i napisz o niej opinię:
Głubczyce S.A. Zakłady Piwowarskie ##(77) 471 05 56
Golec MC Wyrób Artykułów Mięsno-Wędliniarskich Marcin Golec ##(77) 462 36 25
Gołyga Krzysztof Przedsiębiorstwo Produkcyjno-Usługowo-Handlowe Gołyga #         golygapl@prokonto.pl     #Oceń firmę i napisz o niej opinię:
Goood Paweł Jaworski #         jah-4@wp.pl     #601 480 124
Go-Rol Zakład Rolno-Przetwórczo-Usługowo-Handlowy ##(77) 415 69 47
Gospodarstwo Ogrodnicze Irena Irena Gajzler ##(77) 412 70 92
Gospodarstwo Ogrodnicze Izabela Mielnik ##(77) 469 53 28
Gór-Ex Domofony ##601 397 156
Grabarek Ryszard ##(77) 435 97 07
Grabowski Czesław ##(77) 434 41 76
Granit S.C. B. Bednarska A. Pasternak #         granitpasternak@tlen.pl     #602 505 129
Granitex S.C. Zakład Produkcyjno-Handlowo-Usługowy Bogdan i Ewa Tokar ##(77) 418 45 24
Granitex Tokar Bogdan Zakład Produukcyjno - Handlowo - Usługowy Sc - Tokar - Import - Eksport #         granitex.tokar@wp.pl     #603 602 757
Grantex Zakład Kamieniarski Czesław Buczkiewicz #         biuro@kamieniarstwo-brzeg.pl     #(77) 416 21 20
Grasant #         b.falek@grasant.com.pl     #(77) 407 95 96
Grasdorf-Koła Polska Sp. z o.o. #         grasdorf@wp.pl     #(77) 466 53 48
Gregor Collection Sp. z o.o. ##(77) 456 61 20
Grodcono Sp. z o.o. #         biuro@grodcono.pl     #(77) 415 52 81
Grupa ANIMEX S.A. Oddział w Opolu ##(77) 400 86 00
Grupa Polskie Centrum Narzędziowe S.A. ##(77) 455 14 28
Grzegorz Karwacki - Szmajanur - Work&#039;S - Specjalistyczne Prace Podwodne #         szmajanur.pracepodwodne@gmail.com     #Oceń firmę i napisz o niej opinię:
Grzegorz Surmacz Produkcja i Montaż Okien ##693 309 496
GS Samopomoc Chłopska ##(77) 416 29 78
GS Samopomoc Chłopska Masarnia #         gssch1@o2.pl     #(77) 463 66 97
Gumjan Leszek Głębocki ##(77) 409 10 45
Haftcinart Marcin Lasko #         lasko.marcin83@gmail.com     #Oceń firmę i napisz o niej opinię:
Hall Opony do Ładowarek ##605 823 520
Hamrowicz Tomasz Uprawa Pieczarek ##(77) 415 30 05
Hanusik Rajmund Mondex ##(77) 474 00 69
Happy Caps Alicja Bojarska #         happycaps18@gmail.com     #787 206 975
Hard Beans Coffee Roasters Sp. z o.o. #         office@hardbeans.com     #735 907 751
HDT-Polska Sp. z o.o. ##(77) 402 71 95
Hedwig Christiaens - Cosma Poland #         biuro@cosmapoland.pl     #508 719 321
Hengst Filtration Poland Sp. z o.o. w Organizacji ##(77) 443 78 00
Henryk Nyolt Tinaled ##606 371 993
Highvibe Szymon Kowalczyk #         highvibeofficial@gmail.com     #661 467 550
Hodowla Roślin Smolice Spółka z o.o. Grupa IHAR Oddział Zamiejscowy w Bąkowie #         bakow@hrsmolice.pl     #(77) 413 17 92
Hoosar Sp. z o.o. #         hoosar@hoosar.pl     #Oceń firmę i napisz o niej opinię:
Htech PL Sp. z o.o. ##(77) 471 01 80
Hustar Dawid Jendryka #         dawidjendryka@gmail.com     #660 110 080
Icso Chemical Production Sp. z o.o. ##(77) 487 31 98
Imagine Realm Sp. z o.o. ##734 464 952
Impowoods Marcin Olchawa-Orłowski #         info@impowoods.com     #881 644 480
I.M.T. Agregaty Tynkarskie Sprzedaż #         imt.agregaty@gmail.com     #697 946 402
In Soffitta Szycie Na Miarę Aldona Plewnia #         dusiaak@wp.pl     #667 529 761
Indecco Przedsiębiorstwo Produkcyjno-Usługowo-Handlowe ##(77) 453 84 39
Innoekochem Sp. z o.o. #         btomaszek@wp.pl     #Oceń firmę i napisz o niej opinię:
Innovia Sp. z o.o. #         biuro@innovia.net.pl     #(77) 474 91 91
Inover Sp. z o.o. ##(77) 482 01 51
Instytut Włókien Naturalnych i Roślin Zielarskich Zakład Doświadczalny ##(34) 358 32 61
Intergran Armin Kupski ##503 117 160
Intersilesia Mc Bride Polska Sp. z o.o. ##(77) 404 91 00
Iwona Drzymała. Art-Com #         biuro@24tools.pl     #663 511 427
Iżycki Ryszard Montex ##(77) 414 72 09
Jafam Sp. z o.o. ##(77) 403 22 96
Jagoda PPHU Marian Kowal ##(77) 417 40 10
Jakub Respondek- Mięso Wysokiej Jakości-Masarnia Jamy #         respondekjakub@gmail.com     #Oceń firmę i napisz o niej opinię:
Jal ZPU A Jasiński L Guz J Kowal Sp.j. ##(77) 455 76 35
Jambor Elektrotechnik S.C. ##(77) 465 39 37
Janeta Ernestyn Zakład Rzeźniczo-Wędliniarski #         janeta@studiobit.pl     #Oceń firmę i napisz o niej opinię:
Janex Serwis  Mariusz Złotowski #         sklep@janexserwis.pl     #602 694 697
Janów S.C. Zakład Rolno-Usługowy Marian Olejnik Maciej Majchrowski ##(77) 412 51 66
Jaro-Max Sp. z o.o. Sp.k. #         biuro@jaro-max.com     #(77) 403 62 70
Jaro-Max Zakład Produkcji Parapetów #         biuro@jaro-max.com     #(77) 427 02 75
Jarpak Zakład Produkcji Opakowań z Tektury Sp. z o.o. #         paczkow@jarpak.com     #(77) 431 64 36
Jarpol Przedsiębiorstwo Wielobranżowe Jarosław Ptasiński #         jarpol1@poczta.onet.pl     #602 455 285
Jasik Zygfryd Kamieniarstwo ##(77) 466 05 40
Jawos Sp. z o.o. Przedsiębiorstwo Techniczno-Handlowe ##606 288 529
Jbm Budokor Beata Szypczyńska Przedsiębiorstwo Produkcji Różnej Handlu i Usług 2 #         jbmbudokor@op.pl     #Oceń firmę i napisz o niej opinię:
Jean Markus Shaka Shipping Pte Limited #         gbareld@yahoo.com     #Oceń firmę i napisz o niej opinię:
Jean Perez Eren Transformers Ltd. #         erentransformers@yahoo.com     #Oceń firmę i napisz o niej opinię:
Jerczyński Jarosław Zakład Cukierniczy ##(77) 413 42 20
Jęzorek Waldemar Stolarstwo Meblowo-Budowlane #         waldemarjeziorek@wp.pl     #(34) 358 41 69
J.G Jolanta Gręzel-Gawron #         jo.linka@wp.pl     #661 066 045
Jiskra Przedsiębiorstwo Handlowo-Usługowe Damian Partykiewicz #         jiskra@jiskra.pl     #(77) 404 63 60
J.J.B. Omega Sp. z o.o. ##(77) 412 70 77
Jmj PPU Jan Dobrzycki ##(77) 439 83 36
JMJ S.C. Przedsiębiorstwo Produkcyjno-Usługowe Jan Dobrzycki Józef Brańka Marian Wilk ##(77) 439 83 36
Jolanta Kotlarz-Przetwórnia Ryb Krzywa Góra ##784 088 450
Józef Kaizik Joh.Clouth-Poland Agencja #         johclouth@wp.pl     #(77) 446 61 89
Józef Polak Metal-Tech ##(34) 359 15 27
Jp Pharm Katarzyna Jaśkowiec Sp.j. ##(77) 451 50 41
Jurex Przedsiębiorstwo Handlowo-Usługowo-Transportowe Jerzy Lipiński #         damian@jurex-lipinski.pl     #(77) 414 16 21
Jurkowski Kazimierz Firma Handlowa ##(77) 436 62 99
Jurkowski Kazimierz Firma Handlowa Zakład Produkcyjny ##(77) 437 66 92
K &amp; K Hydrobud Sp. z o.o. ##696 052 879
Ka Przedsiębiorstwo Produkcyjno-Handlowe Andrzej Konat Sklep Ambrozja #         ranco@poczta.onet.pl     #Oceń firmę i napisz o niej opinię:
Kabaciński Mieczysław Ogrodnictwo ##(77) 474 62 14
Kalert Irena i Paweł Ogrodnictwo ##(77) 464 95 90
Kałwa Maciej Gospodarstwo Ogrodnicze ##692 666 491
Kambet-Granit S.C. Przedsiebiorstwo Produkcyjno-Handlowo-Usługowe Import - Eksport Alina Mosoń Władysław Mosoń Krzysztof Kwiek #         kambetgranit@wp.pl     #(77) 413 50 93
Kambet-Granit S.C. Przedsiebiorstwo Produkcyjno-Handlowo-Usługowe Import - Eksport Alina Mosoń Władysław Mosoń Krzysztof Kwiek ##(77) 412 39 86
Kam-Bil S.C. Zakład Kamieniarski Andrzej Maroszek Krzysztof Maroszek Marek Maroszek #         biuro@kam-bil.pl     #(77) 433 47 72
KAMET S A #         kamet@kamet-co.pl     #(77) 482 70 58
Kamieniarstwo Bromma #         biuro@brommagranit.pl     #(77) 464 34 25
Kamieniarstwo Iwona Weber ##(77) 464 81 65
Kamieniarstwo Margrand Robert Koszmider #         margrand@op.pl     #793 125 125
Kamieniarstwo Mieczysław Bernacki ##600 562 852
Kamieniarstwo Siedlecki S.C. Zbigniew Siedlecki i Grzegorz Siedlecki ##(77) 418 96 84
Kamil Długosz K.D. Knives #         kdknives@gmail.com     #695 945 648
Kamil Przedsiebiorstwo Produkcyjno-Handlowo-Usługowe Janusz Wodziński ##(77) 421 71 03
Kamo Sp.j. Przedsiębiorstwo Produkcyjno-Handlowo-Usługowe #         biurokamo@poczta.onet.pl     #(77) 416 27 68
Kam-Star Adam Zdunek #         azdunek@interia.pl     #(77) 412 36 35
Karina Zarzeczny-Rabiej Com-Tech ##(77) 411 31 21
Karol Kania i Synowie Sp. z o.o. #         pawlowiczki@kania.net.pl     #(77) 487 42 41
Karolina Bernaciak ##505 555 222
Karpiński Prawdziwe Lody Sp.j. #         zamowienia@prawdziwelody.eu     #608 388 735
Karton Pack Sp.j. Zakład Produkcji Opakowań Jakub Szyrwiński Antoni Kaciuba Bogdan Pniewski #         kartonpack@go2.pl     #(77) 411 67 20
Kasper Firma Handlowo-Usługowa Jerzy Kasperowicz ##600 363 932
Katarzyna Pfeifer Pfcamera #         kasiapfcamera@gmail.com     #794 793 240
Katarzyna Pytlarz #         kasiek-91@o2.pl     #Oceń firmę i napisz o niej opinię:
Keiper Polska Sp. z o.o. Produkcja Części Samochodowych ##(77) 400 96 00
Kik Bartłomiej #         ksiegarniaminerva@op.pl     #(77) 418 26 82
Kisielewski Sp. z o.o. #         office@kisielewski.pl     #603 655 151
Klamka Krzysztof Zakład Stolarski ##604 338 269
Klaudynka Zbigniew Budnik #         klaudynkabudnik@wp.pl     #723 446 343
Klein Jerzy ##(77) 437 68 47
Kludi Armaturen Sp. z o.o. ##(77) 456 40 84
Kłos Sp. z o.o. Przedsiębiorstwo Rolne #         titanfolia@gmail.com     #Oceń firmę i napisz o niej opinię:
Kłos Sp. z o.o. Przedsiębiorstwo Rolne ##(77) 414 14 25
Kłos Sp. z o.o. Przedsiębiorstwo Rolno-Handlowe #         klos_rychnow@pro.onet.pl     #(77) 410 13 29
Knapik Artur Szkółka Leśna #         poczta@knapik.opole.pl     #Oceń firmę i napisz o niej opinię:
Koch-Pol Przedsiębiorstwo Handlowo-Produkcyjno-Usługowe Hurtownia Andrzej Kochman ##(77) 413 42 01
Kocot Jarosław Gospodarstwo Ogrodnicze ##697 557 512
Kominki Brat-Kam Andrzej Ślimak ##(77) 439 80 49
Kompania Piwowarska S.A. Centrum Dystrybucji ##(77) 401 57 22
Komunalnik Sp. z o.o. Hurtownia #         jurasz.s@vp.pl     #(77) 415 54 20
Konig Metall Polska Sp. z o.o. #         sekretariat@koenigmetall.pl     #(77) 480 12 10
Konstal Przedsiębiorstwo Produkcyjno-Usługowo-Handlowe Zygmunt Cieśla #         konstal99@poczta.onet.pl     #(77) 431 37 25
Kopera Grzegorz Kominki ##(77) 433 62 51
Kornecki Wiesław Zakład Kamieniarski #         kornel29@autograf.pl     #(77) 437 53 18
Kosmed Przedsiębiorstwo Produkcyjno-Handlowe Zbigniew Leżański ##(77) 485 63 42
Kost-Rol Sp. z o.o. Przedsiębiorstwo Rolne ##(77) 414 81 21
Kowalik Krzysztof Przedsiębiorstwo - Produkcyjno - Handlowo - Usługowe #         biuro@schodykowalik.pl     #(77) 413 94 28
Kowalstwo Artystyczne Natalia Wala-Konnek #         nw4@wp.pl     #Oceń firmę i napisz o niej opinię:
Kowsky Sp. z o.o. Produkcja Pomocy Ortopedycznych #         kowsky@kowsky.pl     #(34) 359 45 60
Kozioł Elżbieta i Kozioł Wiesław Cukiernia ##(77) 455 88 91
Krajewski Firma Grzegorz Krajewski #         strzelce@krajewski.pl     #Oceń firmę i napisz o niej opinię:
Krawiectwo Artystyczne Iwona Kucharska ##663 857 100
Kris-Glass Krzysztof Lichwała #         kris1969@op.pl     #694 582 790
Kruszynka Szkółka Drzew Stanisław Antonowicz ##(77) 412 56 88
Krystian Jarzombek ZPH Jarzombek ##(34) 357 51 63
Krzysztof Góral Kamieniarstwo ##(77) 485 69 25
Krzysztof Góral Kamieniarstwo ##(77) 485 12 05
Krzysztof Góral Kamieniarstwo ##608 374 487
Krzysztof Kapłon #         krzysztof@kaplon.pro     #535 340 000
Krzysztof Przedsiębiorstwo Produkcyjno-Usługowo-Handlowe Krzysztof Podstawka ##(77) 486 90 54
Krzysztof Przedsiębiorstwo Produkcyjno-Usługowo-Handlowe Usługi Budowlane Krzysztof Podstawka #         krzysztof@podstawka.com     #(77) 486 90 54
Krzyś Przedsiębiorstwo Produkcyjno-Handlowo-Usługowe Aleksander Piętoń ##(77) 431 37 19
Krzyżanowski Antoni ##(77) 466 67 37
Książęcy Browar Nysa Sp. z o.o. #         biuro@browarnysa.eu     #519 187 222
Kubas Robert Ośrodek Akwizycji Zabawkami i Pomocami Szkolnymi #         jmdsystems@home.pl     #604 227 436
Kulas Szkółka Drzew i Krzewów ##603 896 585
Kulas Szkółka Drzew i Krzewów ##(77) 412 65 93
Kulas Szkółka Drzew i Krzewów Punkt Sprzedaży ##603 896 585
Kuropatnicki M. Przytuła R. Uprawa Pieczarek ##(77) 415 22 25
Kwart Sławomir Czwórnóg #         slawomir.czwornog@gmail.com     #Oceń firmę i napisz o niej opinię:
Labes Ireneusz Woźniak #         labes@onet.pl     #Oceń firmę i napisz o niej opinię:
Labtar Sp. z o.o. #         labtar@labtar.pl     #(77) 464 45 96
Lactima Sp. z o.o. Oddział Handlowy #         opole@lactima.pl     #(77) 441 64 10
Lakcyk Układanie Cyklinowanie Podłóg Danuta Kozłowska ##(77) 454 05 59
Lapis Granit Przedsiębiorstwo Wielobranżowe Zygmunt Smykała ##(77) 480 23 16
Las Pol Sp. z o.o. ##(77) 414 82 88
Lateks Sp.j. Sprzedaż i Serwis Ogumienia ##(77) 418 84 99
Lateks Sp.j. Sprzedaż i Serwis Ogumienia ##(77) 413 45 40
Lateks Sp.j. Sprzedaż i Serwis Ogumienia ##(77) 418 01 88
Lenartowicz Krzysztof Zakład Produkcji Drzewnej Tartak #         k.lenartowicz@interia.pl     #607 169 584
Lift Systems Sp. z o.o. ##538 541 701
LKL S.C. Produkcja Luster ##(77) 419 08 10
Lodex PPH Stanisław Wnęk ##502 463 044
Lodomania ##506 058 869
Lokalna Tv Jakub Mickiewicz ##726 448 790
Lt Production Sp. z o.o. ##600 737 745
Lucarto Audio Łukasz Kisiel #         lucartoaudio@gmail.com     #697 278 448
Lutz-Polska Sp. z o.o. #         info@lutz-blades.pl     #(77) 435 99 00
Łukasiewicz Jan Zakład Masarski Ubój i Sprzedaż ##(77) 431 21 74
Łukasz Morawski PHU Monari ##691 704 252
M Glass Sp. z o.o. ##(77) 423 28 00
Maćkowski Maciej Usługi Stolarskie #         bozenanysa@o2.pl     #(77) 433 51 12
Madebygosha Małgorzata Kościelak ##661 707 559
Madera Henryk Kamieniarstwo ##(77) 439 70 75
Mag Przedsiębiorstwo Produkcyjno-Usługowo-Handlowe Marek Ganczarski ##602 535 248
Maguder Teresa Usługi Wulkanizacyjne ##(77) 419 67 76
Make It Jacek Klisowski #         jklisowski@gmail.com     #606 395 859
Maliszewski Kazimierz Cierniak Krzysztof S.C. Młyn Handlowy #         mlynbyczyna@wp.pl     #Oceń firmę i napisz o niej opinię:
Mantis Poland Sp. z o.o. #         office@rlsadvice.pl     #Oceń firmę i napisz o niej opinię:
Marek Sienkiewicz Burg Profis ##504 060 638
Marek Staruszkiewicz Czemar - Serwis Produkcja Handel Usługi #         czemar@czemar.pl     #(77) 410 05 77
Maria Stosiek Zakład Usługowo-Handlowy Marien #         marien1@interia.pl     #(77) 466 85 85
Mariusz Honc Usługi Kominkowe #         honcik82@o2.pl     #514 135 546
Marmury Sp. z o.o. ##(77) 439 80 18
Martex Przedsiębiorstwo Handlowo-Usługowe Marcin Talacha ##(77) 421 42 78
Maryniak Józef Sylwester i Jolanta Sp.j. Rzeźnictwo-Wędliniarstwo Zakład Produkcyjny ##(77) 410 04 54
Marzok Norbert Zakład Stolarski ##(77) 463 64 62
Masarnia Dzier Mięs Dziergas Kazimiera i Jolanta Sp.j. ##(77) 434 20 15
Masarstwo Torka Roman ##605 530 154
Masta Rozmnażanie Roślin Maria Lisowiec-Butsch ##501 660 225
Maślańczyk Produkcja Kominków Mariusz Maślańczyk #         mmkominki@op.pl     #663 823 131
Mati - Handel Usługi Machnik Arnold ##(77) 461 13 34
Matpol Producent Wózków Dziecięcych ##601 801 448
Matrix Sp. z o.o. ##661 015 069
Matuszek Andrzej Matuszek Stanisława Szkółka Drzew i Krzewów #         andrzejmatuszek@o2.pl     #(77) 411 85 25
Matuszek Krzysztof Zakład Kamieniarski Produkcja Reklam #         krzysztof.matuszek1@wp.pl     #(77) 410 01 23
MD Profile Sp. z o.o. ##577 266 895
Meble Jonczyk Produkcja Mebli #         meblejonczyk@interia.pl     #(34) 357 54 66
Meblo-Mag Grzegorz Osysko Sklep Spożywczo - Przemysłowy Produkcja Mebli #         osysko.g@wp.pl     #602 619 637
Mega Color Przedsiębiorstwo Wielobranżowe Dariusz Cwikliński ##(77) 455 44 49
Mega Zakład Produkcji Pojazdów Użytkowych i Konstrukcji Stalowych Sp. z o.o. #         handlowy@mega-nysa.pl     #(77) 449 42 51
Megapon Grzegorz Wełk #         biuro@megapon.com     #(77) 442 39 96
Melkan Sp. z o.o. ##605 413 559
Mendla Józef Gospodarstwo Rolno-Ogrodnicze #         aniaradawie@interia.eu     #(77) 421 60 08
Merda Andrzej Zakład Przetwórstwa Mięsnego #         merda@onet.pl     #(77) 435 45 71
Merda Andrzej Zakład Przetwórstwa Mięsnego Hurtownia #         merda@onet.pl     #(77) 435 45 71
Metal-Inox Rekus Łukasz #         lukaszrekus@onet.eu     #518 498 666
Metal-Tech Automotive Sp. z o.o. #         biuro@metal-tech.pl     #(34) 359 47 63
Mexeo Zakład Produkcyjny #         mexeo@mexeo.pl     #(77) 487 38 10
Michał Wasilewski Ch 84 #         cherry84shop@o2.pl     #500 262 242
Mientus Adam Usługi Kamieniarsko-Kafelkarskie ##(77) 464 53 39
Mięso - Wędliny Piechaczek Zygmunt Piechaczek ##(77) 474 65 92
Milka Zakład Produkcyjny Bernadeta i Piotr Breitscheidel #         milkapos33@wp.pl     #(77) 463 24 73
Minossan Trade S.C. Andrzej Minossora i Robert Urbaniak ##501 975 898
Mirosław Materak Zakład Usług Melioracyjnych i Budowlanych #         zumib@op.pl     #(77) 465 12 11
M.K Przedsiębiorstwo Produkcyjno-Usługowo-Handlowe Michał Kacała ##(34) 358 31 67
M&amp;L Łukasz Utecht #         ml.hurtownia@gmail.com     #887 633 674
Mlekoland Sp. z o.o. #         mlekoland@interia.pl     #(77) 485 61 37
M-Metal Przedsiębiorstwo Produkcyjno-Handlowe Piotr Malcherek ##(77) 461 86 64
Mochnik Glass Sp. z o.o. #         mochnik@mochnik.com.pl     #(77) 423 28 00
Mochnik Sp. z o.o. ##(77) 423 28 00
Modern Air Customs Dawid Zapała #         dawid.zapala@o2.pl     #516 576 100
Moodus Sp. z o.o. ##602 435 367
Mopex His Przedsiębiorstwo Produkcyjno-Handlowo-Usługowe Jolanta Stefanko #         biuro@mopexhis.com.pl     #(77) 469 35 17
Mopex His Sp. z o.o. Sp.k. #         biuro@mopexhis.com.pl     #(77) 469 35 17
Motymo Sp. z o.o. ##519 109 701
Mruczek Zakład Produkcyjno-Usługowo-Handlowy ##(77) 469 25 77
Mularz Leszek Szkółka Drzew Krzewów Ozdobnych i Owocowych ##(77) 474 20 22
Mulorz Grzegorz Zakład Usługowo-Handlowy ##501 723 231
Mysteryhaft Kacper Zacha #         mysteryhaft.kontakt@gmail.com     #Oceń firmę i napisz o niej opinię:
N Cosmetics And Pharma Group Sp. z o.o. ##(77) 547 48 48
N Cosmetics Edyta Wilk-Domalewska ##(77) 547 48 48
Nadija Wojciechowska ##530 487 177
Nagaba Sp.j. ##(77) 407 81 10
Nalewkikresowe.Pl Stanisław Smarduc #         stanislaw.smarduch@gmail.com     #501 401 378
Namyslo Sp. z o.o. ##694 448 837
Napoleonka Krzysztof Brandys ##604 616 831
Napus-Oil Oleje Spożywcze Bolesław Błachowicz ##(77) 485 17 97
Nasieniak Sp.j. Zakład Wędliniarski ##(77) 485 55 50
Natalia Orlik Satyna Art #         satyna.art@gmail.com     #Oceń firmę i napisz o niej opinię:
Neapco Europe Sp. z o.o. ##(34) 350 00 00
Neuman Urszula Waldemar Patrycja S.C. ##(77) 463 22 61
Nfy Patryk Artur Polanik ##662 279 455
Niedworok Marek Zakład Stolarski #         niedworok.schody@op.pl     #Oceń firmę i napisz o niej opinię:
Nitka Dawid Komarnicki #         nitkasklep@op.pl     #531 546 564
Noiz Label - Michał Misiura ##607 369 379
Nosol Andrzej Edward Usługi Stolarskie #         nostol@interia.pl     #693 612 307
Odkamieniacz.Pl Bożena Jagieniak ##500 030 170
Ogiela Andrzej Gospodarstwo Rolno-Ogrodnicze ##(77) 484 73 30
Okręgowa Spółdzielnia Mleczarska ##(77) 485 22 80
Okręgowa Spółdzielnia Mleczarska Oddział #         osmprudnik@op.pl     #(77) 431 14 31
Okręgowa Spółdzielnia Mleczarska w Oleśnie ##(34) 358 24 37
Okręgowa Spółdzielnia Mleczarska w Prudniku ##(77) 436 32 82
Olda Zakład Elektroinstalacyjny Dariusz Urbański ##(77) 413 98 73
Onko Produkcja-Remont Sp. z o.o. #         onko.st@o2.pl     #(77) 466 83 97
Opoltrans 1 Sp. z o.o. ##691 204 994
Oponmax Firma Handlowo-Usługowa ##(77) 483 26 32
Otex S.C. Zakład Usługowo-Handlowy #         otexsc@poczta.fm     #(77) 437 60 03
Owoc Sp. z o.o. Przedsiębiorstwo Produkcji Ogrodniczej ##(77) 418 25 70
Pallach Lucjan Zakład Murarsko-Kamieniarski ##501 325 366
Palus Arnold Usługi Stolarskie ##(77) 463 84 30
Pamas Artykuły Spożywcze #         salami@pamas.pl     #(77) 404 87 72
Pamas Piotr Matyszok Sp. z o.o. Producent Salami #         pamas@op.pl     #(77) 404 87 70
Pamas Sp. z o.o. Spółka Komandytowa Producent Salami #         salami@pamas.pl     #(77) 421 50 88
Panusz Roman Ogrodnictwo ##(77) 464 61 69
Paspack Sp. z o.o. ##512 333 615
Pasta Food Company Sp. z o.o. ##(77) 438 16 10
Paulina Możdżyńska Firma Polina #         pmozdzynska@gmail.com     #514 153 970
Paulina S.C. Zakład Krawiecki Produkcja Ludwika Bach Jerzy Leśnik ##(77) 461 09 80
Pawelczyk Andrzej Zakład Betoniarsko-Kamieniarski ##(34) 357 59 09
Pawellek 1918 Cukiernia-Caffe #         pawellek@pawellek.pl     #(77) 461 21 64
Paweł Cukiernia ##(77) 463 20 82
Paweł Czapla Zakład Produkcyjno-Usługowy Promet ##(34) 353 65 10
Paweł Drzewiecki #         p.m.drzewiecki@gmail.com     #Oceń firmę i napisz o niej opinię:
Pawlik Sp. z o.o. #         herbertpawlik@gmail.com     #(77) 461 14 33
PCC Synteza S.A. #         synteza@pccag.com     #(77) 405 11 10
Pdesign Paweł Duda #         pdesignbiuro@gmail.com     #Oceń firmę i napisz o niej opinię:
Pekar Zbigniew Szkółka Drzew Owocowych #         jpekar@poczta.wp.pl     #Oceń firmę i napisz o niej opinię:
Pela Zakład Cukierniczy Małgorzata Pela #         biuro@cukiernictwo-pela.pl     #500 004 086
Pela Zakład Cukierniczy Małgorzata Pela ##509 915 345
Pela Zakład Cukierniczy Małgorzata Pela ##509 915 344
Pela Zakład Cukierniczy Małgorzata Pela ##(77) 406 69 99
Petrochemia-Blachownia Sp. z o.o. ##(77) 488 68 01
Pexim Artur Kamiński ##(77) 482 00 75
PHP Kajm Kadela Andrzej #         kajm@kajm.pl     #(77) 421 92 82
PHU Colo Joanna Sado ##(77) 472 28 46
PHU Mario - Rem Mariusz Simmert #         logo_ms1@o2.pl     #Oceń firmę i napisz o niej opinię:
PHU Sub-Druk Jacek Bugiera #         jacekbugiera@gmail.com     #Oceń firmę i napisz o niej opinię:
Picture It Grzegorz Zięba #         g.t.ziemba@gmail.com     #697 690 536
Pietrek Marek Zakład Produkcyjno-Usługowo-Handlowy Produkcja Palet #         biuro@marekpietrek.pl     #(77) 421 40 35
Pietruszyński Mirosław Usługi Remontowo-Budowlane Elbud #         elbud.pr@op.pl     #608 741 431
Pietrzok Franciszek Zakład Kamieniarski #         kambet@interka.pl     #(34) 358 27 70
Piotr Witczak Witczak ##608 293 855
Piotrowski Robert Szkółka Drzew ##600 485 023
Pizuński Marek Usługi Kamieniarskie ##(77) 418 90 41
Plastmet P.P.H.U. Stanisław Cymbalista ##(77) 448 70 20
Playland Piotr Jarząbek #         biuro@play-land.pl     #606 688 128
Plon II Sp. z o.o. Przedsiębiorstwo Produkcji Rolnej #         pprplon2@op.pl     #(77) 419 65 99
Plon Sp. z o.o. Przedsiębiorstwo Produkcji Rolnej #         pprplon@op.pl     #(77) 419 65 99
Plosek Andrzej Zakład Produkcji Metalowej #         konstalmet@konstalmet.pl     #(77) 463 27 43
Pola-Rol Sp. z o.o. Przedsiębiorstwo Produkcji Rolnej #         polarol@op.pl     #(77) 413 55 02
Poldoor Sp. z o.o. ##(77) 442 88 55
Politechnika Opolska Wydział Inżynierii Produkcji i Logistyki #         wipil@po.opole.pl     #(77) 449 87 44
Politechnika Opolska Wydział Inżynierii Produkcji i Logistyki Instytut Innowacyjności Procesów i Produktów ##(77) 449 88 44
Politechnika Opolska Wydział Inżynierii Produkcji i Logistyki Instytut Matematyki i Fizyki ##(77) 449 87 24
Politechnika Opolska Wydział Inżynierii Produkcji i Logistyki Instytut Matematyki i Fizyki Katedra Fizyki ##(77) 449 88 36
Politechnika Opolska Wydział Inżynierii Produkcji i Logistyki Instytut Matematyki i Fizyki Katedra Matematyki i Zastosowań Informatyki #         wikm@po.opole.pl     #(77) 449 87 21
Politechnika Opolska Wydział Inżynierii Produkcji i Logistyki Instytut Organizacji Procesów Wytwórczych ##(77) 449 86 89
Politechnika Opolska Wydział Inżynierii Produkcji i Logistyki Instytut Organizacji Procesów Wytwórczych Katedra Inżynierii i Bezpieczeństwa Pracy ##(77) 449 88 41
Politechnika Opolska Wydział Inżynierii Produkcji i Logistyki Instytut Organizacji Procesów Wytwórczych Katedra Logistyki ##(77) 449 88 51
Politechnika Opolska Wydział Inżynierii Produkcji i Logistyki Instytut Organizacji Procesów Wytwórczych Katedra Zastosowań Chemii i Mechaniki ##(77) 449 87 71
Politechnika Opolska Wydział Inżynierii Produkcji i Logistyki Katedra Techniki Rolniczej i Leśnej #         tril@po.opole.pl     #(77) 449 83 61
Politechnika Opolska Wydział Mechaniczny Katedra Technologii Maszyn i Automatyzacji Produkcji #         ktmiap@po.opole.pl     #(77) 449 84 61
Pollena Paczków Sp. z o.o. #         biuro@pollena-paczkow.pl     #Oceń firmę i napisz o niej opinię:
Polskie Młyny S.A. #         mlyn_kluczbork@polskiemlyny.pl     #(77) 418 16 42
Polskie Towarzystwo Zarządzania Produkcją ##661 356 305
Pool Of Dreams Barbara Jonczyk #         poolofdreams.info@gmail.com     #536 167 442
Poolsfactory Sp. z o.o. Starpool Sp.k. ##(77) 474 84 04
Porkpol Przedsiębiorstwo Produkcyjno-Handlowo-Usługowe Ryszard Gandziej ##604 421 959
PPH Agropol Sp. z o.o. ##(77) 486 90 36
PPHU Ceramirex Sp. z o.o. #         ceramirex@poczta.onet.pl     #(77) 416 33 44
PPHU Pre-Audio Daniel Prendecki #         pre-audio@wp.pl     #726 199 282
P.P.H.U. SATI #         biuro@tanienagrobki.com.pl     #784 518 593
PPHU Szymaniec Lucjan Szymaniec ##693 233 322
PPUH Kamfil - Lege Magdalena Urbańska ##793 012 996
PPUH Urbański Jan ##604 609 056
Pracownia Cukiernicza Targowski Bukowiec-Jędrzejów S.C. ##509 963 181
Pracownia Krawiecka FPUH Władysława Młyńska #         wmlynska@wp.pl     #Oceń firmę i napisz o niej opinię:
Print Well Lena Jakubiak #         lena.sielska@op.pl     #512 649 282
Prixpol sp. z o.o. #         info@prixpol.com     #(77) 555 92 40
Producent Stolarki Aluminiowej Pulzbud ##600 364 429
Produkcja Frontów Meblowych Emi-Lak Mirosław Drozd ##513 267 112
Produkcja Handel Materiałami Budowlanymi i Przemysłowymi Kobienia #         rafalkobienia@op.pl     #606 434 956
Produkcja Handel Usługi Abi Anna Bień #         phuabianna@op.pl     #606 120 910
Produkcja Handel Usługi Bożena Zawieja #         biuro@boksynaodpady.pl     #600 285 302
Produkcja i Zdobienie Ceramiki Bardoń S.C. ##(77) 460 02 22
Produkcja Krzewów Ozdobnych Mika Piotr #         piotr-m70@wp.pl     #888 013 208
Produkcja Palet Krzysztof Zbroszczyk #         k.zbroszczyk76@gmail.com     #Oceń firmę i napisz o niej opinię:
Profesjonalne Technologie Kamieniraskie #         abra@abra.pl     #(77) 402 41 70
Profitakt Maria Woisch ##(77) 550 61 44
Profix Bogusław Pabirowski #         biuro.pabirowski@wp.pl     #787 079 083
Prolam Bartosz Dembiński ##(77) 466 30 18
Przedsiębiorstwo Handlowe Agrohandel S.C. Kaczmar P.Sikorski Zb.Sikorska H. ##(77) 485 60 56
Przedsiębiorstwo Handlowo-Usługowe Domtech Janusz Domoradzki #         liliana.domoradzka@vp.pl     #Oceń firmę i napisz o niej opinię:
Przedsiębiorstwo Nasienne Toraf #         toraf@toraf.pl     #(77) 447 43 47
Przedsiębiorstwo Produkcji Handlu i Usług Niwa Sp. z o.o. #         niwa.nysa@gmail.com     #(77) 435 68 70
Przedsiębiorstwo Produkcji i Montażu Urządzeń Elektrycznych Kaja Spółka z o.o. #         kaja_strzelce@pro.onet.pl     #(77) 463 00 00
Przedsiębiorstwo Produkcji Rolnej Nowpol Sp. z o.o. #         nowpol@onet.pl     #(77) 415 57 85
Przedsiębiorstwo Produkcji Systemów Regałowo-Meblowych Sp. z o.o. ##(77) 466 13 93
Przedsiębiorstwo Produkcyjno Handlowo Usługowe  Masarnia Brzozowscy S.C. Krzysztof Brzozowski, Marcin Brzozowski #         brzoza_1@o2.pl     #(77) 464 86 05
Przedsiębiorstwo Produkcyjno-Handlowo-Usługowe Lumar Lucjan Walkowicz ##(77) 413 45 36
Przedsiębiorstwo Usługowo Handlowo Produkcyjne Eurol Małgorzata Czarnotta ##(77) 458 20 90
Przedsiębiorstwo Usługowo-Handlowe Lab Bernard Lazik #         bernardlazik@wp.pl     #Oceń firmę i napisz o niej opinię:
Przedsiębiorstwo Włókiennicze Opoltex Sp. z o.o. ##(77) 421 50 12
Ptyś Zakład Cukierniczy Tomasz Zahorodny ##(77) 418 45 34
Pub.net Artur Szczudrowicz ##(77) 542 12 12
P.W. P.H.U. Matpol Klaudiusz Postolak ##601 801 448
Pyka Grzegorz Skup-Sprzedaż Artykułów Mięsnych #         gpyka.jemielnica@op.pl     #(77) 463 23 78
Qbi.Design Romuald Kubik #         romuald@kubik.pl     #662 621 999
Qubit Spółdzielnia Socjalna ##518 949 099
Radex Sp. z o.o. Hurtownia ##(34) 357 56 17
Rafał Adamczewski Ravstone #         biuro@ravstone.pl     #(77) 426 60 49
Rajmund Murek - Mr Kamieniarstwo #         rajmundmurek@interia.pl     #515 482 834
Ramedlaw Zakład Stolarski Import-Eksport Waldemar Świerc ##606 977 263
Rebel Pixels Wojciech Jastrzębski ##509 812 463
Renata Nicota R.A.J. - Produkcja Cholewek ##603 965 393
Renata Skubikowska ZPH ##604 984 511
Reporter Maria Ciołeszyńska ##792 503 969
Ring Sport Sp. z o.o. #         biuro@ring-sport.pl     #Oceń firmę i napisz o niej opinię:
Ring Sprzęt Sportowy #         smok122@op.pl     #(77) 465 46 90
Rm Multitech Marek Pawleta ##790 890 215
Robert Malkusz #         malkusz.robert@gmail.com     #662 250 790
Roberto Producent Obuwia ##(77) 466 16 51
Robomet Sp. z o.o. ##(77) 480 20 23
Roland Przedsiębiorstwo Produkcyjne ##(77) 456 21 74
Rolnicza Spółdzielnia Produkcyjna ##(77) 469 23 79
Rolnicza Spółdzielnia Produkcyjna ##(77) 413 41 07
Rolnicza Spółdzielnia Produkcyjna ##(77) 439 70 92
Rolnicza Spółdzielnia Produkcyjna ##(77) 435 63 78
Rolnicza Spółdzielnia Produkcyjna ##(77) 415 16 86
Rolnicza Spółdzielnia Produkcyjna #         rspwronin@pro.onet.pl     #(77) 480 26 43
Rolnicza Spółdzielnia Produkcyjna ##(77) 433 26 44
Rolnicza Spółdzielnia Produkcyjna ##(77) 485 75 92
Rolnicza Spółdzielnia Produkcyjna ##(77) 415 56 39
Rolnicza Spółdzielnia Produkcyjna ##(77) 437 10 23
Rolnicza Spółdzielnia Produkcyjna #         rspbiskupow@neostrada.pl     #(77) 439 80 81
Rolnicza Spółdzielnia Produkcyjna ##(77) 461 52 73
Rolnicza Spółdzielnia Produkcyjna ##(77) 415 16 20
Rolnicza Spółdzielnia Produkcyjna #         rspsiestrzechowice@wp.pl     #(77) 435 67 24
Rolnicza Spółdzielnia Produkcyjna Hurtownia #         rspkubice@o2.pl     #(77) 435 65 18
Rolnicza Spółdzielnia Produkcyjna w Jasienicy Dolnej #         rsp@onet.eu     #(77) 435 96 19
Rolnicza Spółdzielnia Produkcyjna w Krzywiźnie #         rsp5@wp.pl     #(77) 417 40 20
Rolnicza Spółdzielnia Produkcyjna Zarząd #         rspkolnowice@wp.pl     #(77) 437 69 78
Rolnik Sp. z o.o. Zakład Produkcji Rolnej ##(77) 415 87 18
Rolopol Radosław Pawluk ##(77) 416 99 22
Rolpol Sp. z o.o. ##(77) 412 44 88
Rol-Pol Sp. z o.o. Przedsiębiorstwo Produkcji Rolnej #         rolpolteresa@interia.pl     #Oceń firmę i napisz o niej opinię:
RuckZuck, Solum, Barlinek Professional #         opole@ruckzuck.com.pl     #536 520 520
Rudmar Przedsiębiorstwo Handlowo-Usługowe Wanda Łęgosz ##(34) 359 50 76
Runty Roaster Kamil Zalewski #         runtyroaster@gmail.com     #Oceń firmę i napisz o niej opinię:
Ryguc Cezary Przedsiębiorstwo Produkcyjno Handlowe Cezary ##(77) 436 46 28
Rypała Franciszek Ogrodnictwo ##(77) 482 09 69
Ryszard Janicki Zakład Krawiecki ##(77) 481 73 80
Sa90 Andrzej Strama #         sa90@poczta.fm     #(77) 415 50 82
Sacristia Pracownia Szat Liturgicznych Michał Stasiak #         info@sacristia.pl     #Oceń firmę i napisz o niej opinię:
Samoliński Roman Gospodarstwo Rolne Uprawa Pieczarek ##602 134 186
Sand Group Sp. z o.o. Sp.k. ##(77) 461 26 17
Savings Marcin Janik #         biuro@savings.com.pl     #881 029 029
Savings Sp. z o.o. #         biuro@savings.com.pl     #881 029 029
Schodrew Zakład Stolarski ##604 734 114
Schody Kubat Tomasz Kubat #         tomaszkubat77@o2.pl     #607 826 620
Selt Przedsiębiorstwo Produkcyjno-Handlowo-Usługowe Tadeusz Selzer #         selt@selt.com.pl     #(77) 400 21 00
SET P.H.U. Wojciech Łoziński ##(77) 456 35 92
Sialt S.A. S.K.A. ##606 904 918
Sialt S.A. w Organizacji ##606 904 918
Siegenia-Aubi Sp. z o.o. ##(77) 447 77 00
Sigma Tomasz Krzyżanowski ##(77) 466 67 37
Silekol Sp. z o.o. ##(77) 405 42 00
Silexis Krzysztof Wolny Sp.k. #         silexis@wp.pl     #690 334 883
Siprol Przedsiębiorstwo Produkcji Rolniczej Spółka z o.o. #         siprol@rubikon.pl     #(77) 431 81 06
Skalite kamień ##571 377 283
Skalite Sp. z o.o. Hurtownia Kamienia ##505 810 901
Skraba S.C. Mariusz &amp; Tomasz Skraba #         biuro@skraba-granity.pl     #Oceń firmę i napisz o niej opinię:
SL Food Sp. z o.o. Sp.k. ##661 880 888
Sławik Zakład Produkcyjno-Usługowo-Handlowy Łukasz Sławik #         gabrielakulig@o2.pl     #604 714 332
Sławomir Sałamacha Zakład Kamieniarski #         kamsalamacha@wp.pl     #(77) 439 80 39
Słodka KrainaJoanna Ignatowicz - Ferszt #         ignasia@vp.pl     #Oceń firmę i napisz o niej opinię:
Smak Zakład Rzeźniczo - Wędliniarski Tadeusz Dobuch ##(77) 486 25 66
Solga Renata Skup i Sprzedaż Opon Używanych ##(77) 461 58 20
Sollorz Józef Zakład Kamieniarsko-Betoniarski #         damin87@wp.pl     #506 794 177
Sopelek ##608 388 735
Sopelek Lodziarnia ##604 199 974
Sopelek Lodziarnia ##795 160 377
Sopelek Lodziarnia #         biuro@sopelek.com.pl     #692 451 119
Sopelek Lodziarnia ##608 383 393
Sopelek Lodziarnia ##604 505 320
Sopra Zakład Produkcyjny Andrzej Angowski ##694 705 070
Sowa Edmund Zakład Usługowo-Produkcyjny  Tesa ##601 421 549
Spheric360 Sp. z o.o. ##604 649 242
Społem Powszechna Spółdzielnia Spożywców Masarnia ##(34) 358 26 88
Społem Powszechna Spółdzielnia Spożywców Zarząd ##(34) 358 20 27
Spo-Rem Sp. z o.o. ##(77) 433 34 52
Spółdzielcze Gospodarstwo Rodzinne #         sgrbliszczyce@rubikon.pl     #(77) 486 82 98
Spółdzielnia Mleczarska Mlekovita Oddział #         kluczbork@mlekovita.com.pl     #(77) 418 27 82
Spółdzielnia Pionier #         pionier@pionier.com.pl     #(77) 436 20 05
Spółdzielnia Produkcji Rolnej #         spr_wierzbnik@onet.pl     #(77) 415 20 20
Spółdzielnia Produkcji Rolnej #         sprbodzanow@op.pl     #(77) 439 12 46
Spółka Budowlana Jan Serafin, Marek Janik S.C. #         serafin_magdalena@interia.pl     #663 234 876
Springs Robert Galeja #         wssprings@wp.pl     #(77) 409 32 25
Stabryl Przedsiębiorstwo Handlowe Stanisław Bryl #         stabrylopony@interia.pl     #(77) 486 85 38
Stalmasz Produkcja Konstrukcji Stalowych Oraz Oleje Roślinne Vis Natura Aleksander Nowak #         visnatura@wp.pl     #604 073 737
Stamel Damian Gilewski #         biuro@stamel.com.pl     #Oceń firmę i napisz o niej opinię:
Stanisław Pistoła Ślusarstwo Ogólne ##(77) 461 53 95
Stapel Sp. z o.o. ##(77) 406 65 70
Stara Kuźnia Pracownia Kowalstwa Artystycznego Grzegorz Tokarczyk #         stara.kuznia.art@wp.pl     #889 739 322
Stb-Frank Steinmetz Sp. z o.o. ##(77) 431 14 25
Stempień M. Stempień T. Stempień K. Sp.j. Zakłady Mięsne #         zmzabiniec@wp.pl     #(77) 413 76 65
Stępień Piotr Szkółka Drzew i Krzewów #         info@ogrodnictwo-stepien.pl     #(77) 464 89 39
Stil-Mas Zakład Przetwórstwa Mięsnego #         stilmas@op.pl     #(77) 431 28 79
Stim S.C. Produkcja Mebli Tapicerowanych Mirosław Karasek Stanisław Stankowski ##662 239 611
Stokrotka S.C. Ciastkarnia Wanda Dragańczyk Leszek Marszałek ##(77) 433 77 87
Stolarstwo Błażej Katzy ##663 935 305
Stolarstwo Meblowe Usługi- Produkcja Rudolf Bondza #         rudolfbondza@interia.pl     #(34) 358 38 31
Strato Minis Studio Sp. z o.o. #         studio@stratominis.com     #507 113 888
Stroje Moje Aleksandra Bieniek #         kontakt.strojemoje@gmail.com     #Oceń firmę i napisz o niej opinię:
Strzelecka Spółdzielnia Spożywców Piast ##(77) 462 17 30
Student Lucjan Gospodarstwo Ogrodnicze ##(77) 435 62 40
Stykmat S.C. Przedsiębiorstwo Wielobranżowe A. Stykała A. Materak ##(34) 359 19 70
Subral Dariusz Kaczyński #         subral@poczta.fm     #608 655 457
Suda Henryk Usługowy Ubój Zwierząt ##774 137 862
Superpools ##661 333 222
Surmia Sp. z o.o. ##600 839 399
Swojskie Domowe Wyroby Arkadiusz Borowicz #         strama89@gmail.com     #784 424 705
Swojskie Wyroby S.C. M &amp; M Krzesińscy ##661 123 164
Swojszczyzna U Koczuta Kamil Koczut #         kamilkoczut@wp.pl     #(77) 435 64 41
Sylwia Detko - FH #         kamieniarstwo@detko.com.pl     #607 368 156
Szczepański Janusz Gospodarstwo Rolno-Szkółkarskie ##(77) 412 67 73
Szklarnia Stosur Lucyna ##660 816 475
Szkółka Drzew i Krzewów Owocowych Oraz Ozdobnych Joachim Konieczko #         szkolkadrzew@op.pl     #662 804 039
Szkółka Krzewów Ozdobnych #         marcinkrzewy@wp.pl     #605 784 837
Szkółki Olszanowski Mariusz Olszanowski #         szkolki@olszanowski.com.pl     #664 197 131
Szkudlarek Jerzy Zakład Kamieniarski ##(34) 350 22 22
Szlagor Jan Firma Wielobranżowa Luz ##(77) 447 17 20
Szlagor Marek Przedsiebiorstwo Produkcyjno-Usługowe Luz Sc ##(77) 447 48 82
Szlagor Wojciech Przedsiebiorstwo Produkcyjno-Usługowe Luz Sc #         biuro@wyposazeniehoteli.eu     #(77) 451 00 73
Szpitalak Przedsiębiorstwo Produkcyjno-Usługowo-Handlowe #         biuro@roberto.com.pl     #(77) 466 16 51
Szyjemy Marzenia Elżbieta Sarzyniak ##531 830 013
Szyłko Przedsiębiorstwo Budowlane Andrzej Szyłko #         pbszylko@wp.pl     #(77) 412 70 30
Szymon Sottopietra. Kamieniarstwo #         szymon.sottopietra@wp.pl     #507 195 556
Szypowski Janusz Transport Produkcja Handel #         tph681@o2.pl     #606 697 011
Ślusarstwo Usługowe Jakubczyk Marian ##608 284 196
Ślusarstwo Usługowo-Produkcyjne Leon Bul ##512 243 822
Taya - Leszek Serafin #         leszekser@wp.pl     #608 003 309
Tech Blastica Tomasz Wilczko #         tomasz.wilczko@gmail.com     #Oceń firmę i napisz o niej opinię:
Techkam Bartłomiej Zakrzewski ##(77) 453 76 15
Techno-tronik PUPH #         biuro@techno-tronik.com     #(77) 407 25 20
Telart Studio Sp. z o.o. #         tvpogranicza@gmail.com     #884 635 333
Telewizja Prudnik Sp. z o.o. #         tvpogranicza@gmail.com     #Oceń firmę i napisz o niej opinię:
Telewizja Tvm Sp. z o.o. w Organizacji ##508 230 977
Telewizyjne Studio Brawo Aleksandra Donocik #         biuro@tvbrawo.pl     #(77) 464 02 08
Terra Exim-Agroimpex Sp. z o.o. Oddział ##(77) 437 36 04
Tom PPHU Monika Mróz ##606 706 550
Tom S.C. P.P.H.U. Tomasz Mróz Monika Mróz ##606 706 550
Tomasz Kola Artkol #         tobtom_mixing@wp.pl     #508 708 636
Tomasz Królczyk Tomcar Auto Części. Kadr 66 Produkcja Filmowa i Reklamowa #         sklep@tomcar-auto.pl     #(77) 433 91 69
Tor Przedsiębiorstwo Usługowo-Produkcyjne Józef Krawiec #         jkrawiec11@vp.pl     #Oceń firmę i napisz o niej opinię:
TORAF Sp.j. Przedsiębiorstwo Nasienne Leszek Tomasz i Rafał Węgrzynowscy #         toraf@toraf.pl     #(77) 402 42 40
Tp-Elbud Sp. z o.o. ##(77) 480 22 00
Tractor Service Jacek Wieszała #         tractorservice1@gmail.com     #600 170 479
TrakDrew Ewa Fila ##516 125 089
TrakDrew Ewa Fila ##506 057 275
Transrem Sp. z o.o. ##(77) 451 73 40
Trio Przedsiębiorstwo Produkcjo-Handlowo-Usługowe Joanna Kupczyk ##607 551 221
Tru-Flex Sp. z o.o. ##(77) 443 89 80
Turenwerke Sp. z o.o. #         sprzedaz@turenwerke.pl     #Oceń firmę i napisz o niej opinię:
Twoja Firanka Barbara Dudko #         biuro@twojafiranka.pl     #600 669 148
Typ Filmowy Bartosz Rybotycki #         b.rybotycki@gmail.com     #663 049 869
Tytus Sp. z o.o. Sp.k. ##(77) 474 54 30
Ubis S.C. #         ubis.sc@neostrada.pl     #(77) 485 24 07
Ubojnia Drobiu Tomasz Prus ##(77) 461 60 96
Ubój Przetwórstwo i Sprzedaż Wyrobów Własnych Mięso-Wędliny Robert Blach ##500 085 920
Ujęcie Cięcie Marlena Jędrysik #         ujecieciecie@gmail.com     #697 832 547
Unipasz Sp. z o.o. Przeds. Prod. Handlu i Usług #         unipasz@pro.onet.pl     #(77) 433 96 23
United Packaging S.A.United Packaging S.A. Zakład Produkcji Opakowań w Skarbimierzu #         office@uniservicegroup.eu     #(77) 554 59 00
Univ Schody Polska Sp. z o.o. #         univ@univ.pl     #(77) 454 60 46
Uprawa Kwiatów Balkonowych i Rabatowych Ewelina Olszewska #         ewelinam.olszewska@gmail.com     #Oceń firmę i napisz o niej opinię:
Usługi Kamieniarskie Stefan Raniowski #         raniowski1@gmail.com     #Oceń firmę i napisz o niej opinię:
Usługi Kamieniarsko-Budowlane Janusz Kolaszewski ##503 197 644
Usługi Krawieckie Barbara Marzec #         barbara134@poczta.onet.pl     #Oceń firmę i napisz o niej opinię:
Usługi Krawieckie Maria Krysik #         krysik.danuta@gmail.com     #795 498 959
Usługi Stolarskie Mariusz Pach #         pachmariusz@wp.pl     #502 560 465
Usługi Stolarskie Tobiasz Dworaczek #         tobiaszdworaczek12@gmail.com     #608 354 473
Vidacolor Sp. z o.o. ##510 188 665
Videomusic Pro Radosław Bajsarowicz #         radoslaw.bajsarowicz@onet.pl     #787 176 412
Viertel S.C. Przedsiębiorstwo Produkcyjno-Usługowo-Handlowe ##(77) 437 10 94
Visteon Poland S.A. ##(34) 350 00 00
Vitroterm-Murów S.A. #         biuro@vitroterm.pl     #(77) 427 03 00
Vorpack S.C. Walaszek Grzegorz Oblong Adam #         vorpack@gmail.com     #511 976 916
Wacławczyk Marek Usługi Betoniarsko-Kamieniarskie ##(77) 463 27 19
Wadima Producent Bielizny Osobistej Sp. z o.o. Sklep Firmowy Kluczbork ##609 457 409
Wadima Producent Bielizny Osobistej Sp. z o.o. Sklep Firmowy Opole ##723 155 150
Wafelek Zakład Cukierniczy Damian Czekański ##605 416 952
Walat Damian Gosdpodarstwo Ogrodnicze #         damian.walat@gmail.com     #Oceń firmę i napisz o niej opinię:
Warsztat Kamieniarski Bartłomiej Ficek ##603 238 469
Wawer Henryk Studio Wideo - Wawetv ##774 546 369
Welur Matt Sp. z o.o. #         welurmatt@adres.pl     #Oceń firmę i napisz o niej opinię:
Werner Seweryn Zakład Produkcyjno-Usługowo-Handlowy #         werner_seweryn@tlen.pl     #888 849 327
Wes Adam Wojciechowski ##(77) 482 92 35
Westron Sp.j. #         westron@tlen.pl     #(77) 444 01 20
Wider S.C. Zakład Kamieniarski Wider Jerzy Wider Mirosław #         kamieniarstwo-wider@wp.pl     #(77) 418 97 33
Wider Zakład Kamieniarski Wider Mirosław ##604 223 925
Wieczorek Joachim Ogrodnictwo #         wieczorek.szczyty@op.pl     #(77) 486 91 80
Wieczorek Piotr Wieczorek #         biuro@schody-wieczorek.pl     #(77) 427 05 85
Wierzbicki Bogdan Zakład Kamieniarski ##(77) 418 96 96
Wings Design Beata Merczyk #         office@wings.shop.pl?     #695 643 614
Wittoriodesign Wiktor Jezierski #         zietara@poczta.fm     #600 322 284
w@Ldi Waldemar Szymczyk Wideofilmowanie PHU #         waldi-sz@o2.pl     #531 111 323
Włodzimierz Gałka Zakład Usługowo-Handlowy Dom Mody #         domody@wp.pl     #(77) 436 28 60
Wojciech Czubkowski - Bjc S.C. #         bjcpl@yahoo.com     #732 975 244
Woliński Jerzy Zakład Handlowo-Usługowy #         jurekwol@wp.pl     #(77) 431 46 06
Womaks S.C. Zakład Kamieniarski #         womaks@o2.pl     #601 769 315
Wood Pol Michał Chrzan #         m_chrzan@op.pl     #889 429 540
World Future Movies Sp. z o.o. ##601 583 361
Wrzód Piotr i Maria i Anna S.C. Zakład Rzeźniczo-Wędliniarski #         rzezniazawada@interia.pl     #(77) 421 28 85
Wyroby Drzewne Produkcja Usługi Piotr Gruszka #         tartak.gruszka@op.pl     #600 921 325
Wystrój Wnętrz Stolarstwo Ogólne Stadnicki Jacek #         jstadnicki@vp.pl     #609 268 338
Wytwórnia Lodów Ludwik S.C. Ludwikowski Władysław Ludwikowski Krzysztof ##(77) 431 92 15
Wytwórnia Pasz Błotnica Sp. z o.o. ##(77) 461 71 97
Wzp Opole Sp. z o.o. #         jan.shustov1983@gmail.com     #Oceń firmę i napisz o niej opinię:
Young Family Label Michał i Ryszard Rychlik S.C. #         ryszard.rychlik@gmail.com     #Oceń firmę i napisz o niej opinię:
Your English Szkoła Językowa Piotr Mikołajczyk ##693 548 008
Zaczyk Michał Mstudio Produkcja Medialna ##(77) 413 70 63
Zagroda Opolska Sp. z o.o. ##602 520 321
Zakład Cukierniczy Wacuś Zbigniew Marek Mgr Inż Czesław Wozniak Sp.j. ##(77) 433 00 68
Zakład Handlowo-Usługowy Kam-Bruk Sebastian Firuta #         kambruk.firuta@wp.pl     #513 073 399
Zakład Kamieniarski Daniel Kwieciński ##733 489 911
Zakład Kamieniarski Harynek &amp; Kubotsch #         kamieniarstwo_hik@poczta.fm     #(77) 466 81 36
Zakład Kamieniarski Taf Bartłomiej ##501 220 292
Zakład Kamieniarski Zbigniew Siedlecki #         zbigniew@siedlecki.com.pl     #(77) 418 96 84
Zakład Kamieniarsko-Betoniarski Norbert Pientka #         norbert_pientka_40@interia.pl     #602 159 704
Zakład Kamieniarsko-Betoniarski S.C. Stanisława Tobias, Marek Tobias, Tomasz Tobias #         tobiaskam@wp.pl     #(77) 472 37 50
Zakład Krawiecki Agata Bąk ##578 276 782
Zakład Odzieżowo-Mundurowy Forest ##(77) 427 56 04
Zakład Ogrodniczy Produkcji Sadzonek Chryzantem Kazimierz Pychyński ##(34) 359 11 47
Zakład Produkcji Galanterii Betonowej S.C. Monika Wiśniewska Waldemar Kapral ##605 762 469
Zakład Produkcji Gazcobud Janusz Kołtowski ##606 618 074
Zakład Produkcji Odzieży  Grim  ##603 389 413
Zakład Produkcji Rolnej Sp. z o.o. ##(77) 467 21 03
Zakład Produkcyjno-Handlowy Pateks #         kontakt@pateks.pl     #(77) 421 02 33
Zakład Produkcyjno-Usługowy Met-Bud S.C. Zębala J.Zębala R. ##(77) 481 06 32
Zakład Przetwórstwa Mięsnego Marcin Mroczek #         marcin.mroczek@wp.pl     #(77) 464 41 73
Zakład Przetwórstwa Mięsnego Piecuch Jan Piecuch #         zpm8b@wp.pl     #(34) 353 73 40
Zakład Przetwórstwa Mięsnego Stilmas Hubert Stilla #         stilmas@op.pl     #(77) 431 28 79
Zakład Przewórstwa Mięsnego Joachim Matejka ##(77) 402 95 00
Zakład Przewórstwa Mięsnego Joachim Matejka #         zpmmatejka@gmail.com     #(77) 402 95 00
Zakład Rzemielśniczy Lnb Łukasz Bartodziej #         lukasbartodziej@gmail.com     #880 109 552
Zakład Rzeźniczo-Wędliniarski Smak S.C. Tadeusz Pękala Krzysztof Dobuch ##(77) 485 43 01
Zakład Rzeźniczo-Wędliniarski Tomasz Korzekwa #         btkorzekwa@op.pl     #Oceń firmę i napisz o niej opinię:
Zakład Sprzętu Nurkowego Manta ##(77) 454 79 18
Zakład Stolarski Prościak Schody #         pros.schody@gmail.com     #(77) 439 75 36
Zakład Ślusarsko - Spawalniczy Piotr Jośko #         piotrjosko17@wp.pl     #721 684 104
Zakład Usługowo-Handlowy - Jan Tobiasz ##(77) 431 94 81
Zakład Wykonawstwa i Konserwacji Urządzeń Wodno-Melioracyjnych Janusz Chojna ##(77) 485 65 07
Zakłady Piwowarskie Głubczyce S.A. ##(77) 471 05 41
Zamarte Sp. z o.o. ##(34) 358 22 02
Zas-Fir Wystrój Wnętrz Maria Wieczorek ##(77) 464 62 74
Zdrowie i Uroda Sp. z o.o. ##(77) 451 20 65
Zgorzelski Paweł Produkcja Artykułów Metalowych ##(77) 425 01 40
Zmiany Zmiany Agata Golonka Filip Stefański S.C. ##501 041 956
Zmontujemy Paweł Kawka #         pawel.kawka@outlook.com     #Oceń firmę i napisz o niej opinię:
Zott Polska Sp. z o.o. ##(77) 443 42 00
Zygfryd Socha Daduś ##509 610 257
