Eko-Sept Klimatyzacja, Pompy ciepła, Fotowoltaika #         biuro@eko-sept.pl     #600 292 325
Serwis Domowy inż. Piotr Główczyński #         serwis.domowy79@gmail.com     #669 103 234
##test
Tomasz Drygajło FHU #         biuro@pompycieplagliwice.pl     #506 019 163
Eco Frost Jarosław Gaworski #         ecofrost@ecofrost.pl     #(77) 472 34 00
Eco-Frost Jarosław Gaworski #         ecofrost@ecofrost.pl     #(77) 472 34 00
Eko-Trust Systemy chłodnicze i wentylacyjne Spółka z ograniczoną odpowiedzialnością #         maciej@eko-trust.pl     #602 445 569
Hurtownia Popularna S.K.A. #         lublin@popularna.pl     #(81) 748 20 46
Ventus Projektowanie i montaż instalacji wentylacyjnych Janusz Juszko #         ventus@ventus.info.pl     #(77) 543 27 76
Inside Systemy Grzewcze i Sanitarne #         biuro@viessmann.poznan.pl     #(61) 870 92 20
Instalatorstwo sanitarne i c.o. Technika Grzewcza i Sanitarna Zbigniew Pieńkosz #         pienkosz@onet.eu     #509 727 255
Instal term Piotr Rachwalik #         biuro@instal-term.com.pl     #798 574 244
Thermo Vitae s.c. pomcy ciepła, ogrzewanie podłogowe , rekuperacja #         biuro@thermo-vitae.eu     #500 158 577
In-therm Mariusz Olejnik #         m.olejnik@in-therm.pl     #509 285 828
Onninen sp. z o.o. #         handlowy@onninen.pl     #Oceń firmę i napisz o niej opinię:
Igllo Marcin Olejnik #         info@igllo.pl     #512 852 959
Top Klima Piotr Sułowski Tomasz Sułowski Spółka Cywilna #         biuro@topklima.com.pl     #(41) 342 60 57
Clima Polska Sp. z o.o. #         info@clima.com.pl     #(22) 349 29 49
Jaga Polska Sp. z o.o. #         info@jaga.com.pl     #(22) 672 88 82
Waso Klim Łukasz Sobała #         biuro@waso-klimatyzacja.pl     #509 447 179
Mateusz Żylarski Instalacje #         zylarski@gmail.com     #535 898 535
Abare Jakub Sęk #         biuro.abare@gmail.com     #793 292 891
P.h.u.Chłodnictwo-Klimatyzacja Krzysztof Grabowski #         krzysztof.lipnik@interia.pl     #606 987 725
Invest Klima Krzysztof Diakowski #         investklima@investklima.pl     #(58) 660 63 24
Pefra sp. z o.o. Hurtownia wentylacyjna #         biuro@pefra.pl     #(71) 355 32 84
Aero-Serwice Inc. Katarzyna Pohorecka #         aeroserwice@wp.pl     #506 189 699
Hurtownia Popularna S.K.A. #         bialystok@popularna.pl     #(85) 651 41 23
Hurtownia Popularna S.K.A. #         zamosc@popularna.pl     #(84) 638 54 22
Erco s.c. Producent Elementów Wentylacyjnych Paweł Smajek, Piotr Stawczyk #         erco.sc@wp.pl     #697 699 706
KlimCool #         biuro@klimcool.pl     #697 927 650
Robert Rosłoniec Usługi hydrauliczne #         rrrobert@vp.pl     #501 083 795
Technika grzewcza i sanitarna Instal Paweł Szeląg #         tgis.instal@gmail.com     #515 079 481
Roc-Went Instalacje Adam Niedzielski #         adam.niedzielski@wp.pl     #505 344 763
Cool&amp;Fresh Tomasz Żmuda #         zmuda.tomasz.93@gmail.com     #602 657 567
AZ Concept Sztuka Tworzenia Wnętrz #         biuro@azconcept.com.pl     #605 218 998
Manufaktura Wrocławska Tomasz Olszewski #         biuro@manuwroc.pl     #693 003 563
Sankor Sp. z o.o. #         biuro@sankor.pl     #518 596 433
Glewer Life Energy Andrii Krasivskyi #         glewer2019@gmail.com     #575 128 755
PHU ADAM Pompy ciepła, Rekuperatory, Odkurzacze centralne #         info@nowoczesneinstalacjesklep.pl     #601 827 172
Geo-Eko Firma Handlowo-Usługowa Tomasz Bil #         biuro@wentylacja.info     #(13) 464 92 92
Ice Net Tomasz Baran #         t-baran@o2.pl     #512 147 893
Klim-El Kamil Krzyżanek #         klimel@op.pl     #502 076 734
Usługi Hydrauliczno Gazowe Sylwester Wilk #         sw67@op.pl     #601 313 221
Remowent Wentylacja i klimatyzacja Sp. z o.o. #         karolina.szyszka@remowent.pl     #502 481 298
Wenteam Łukasz Wlazło #         wenteam.kalisz@onet.eu     #502 161 140
Klimapro Marek Karpiuk #         marek@klimapro.com.pl     #509 682 423
Andre-Tech Pompy Ciepła #         biuro@andre-tech.pl     #(71) 317 10 31
Ik Instal #         biuro@ikinstal.pl     #881 188 881
Grund sp. z o.o. #         instalacje.grund@gmail.com     #791 277 846
Polsan Jacek Tlałka #         biuro@polsan.pl     #604 297 089
Michał Purwin Usługi Hydrauliczne #         michal.purwin@gmail.com     #600 686 143
MK Bako Systemy kominowe #         biuro@mkbako-kominy.pl     #(68) 322 72 62
Aq Instal Dawid Bernat #         aqinstal@gmail.com     #576 142 978
Stepkom Marcin Gappa #         stepkom@onet.pl     #600 576 773
Bożena Matras ClimaCool #         rekuklima@gmail.com     #794 177 529
Krystian Pałasz Usługi Hydrauliczne #         hydraulik_monter@wp.pl     #882 963 170
Dom-Went Hurtownia #         biuro@domwent.pl     #(34) 366 11 36
V-Matic Klimatyzacja Wentylacja Pompy Ciepła Fotowoltaika #         g.kuich@v-matic.pl     #602 479 674
Hapex Karol Hapka #         karol750408@wp.pl     #888 254 086
Klimatyzacja - Montaż i serwis - KlimaLux Łukasz Gałach #         klimalux@o2.pl     #883 608 928
Agri-sun Mieczysław Mirosław Klaus #         agrisunserwis@gmail.com     #666 873 406
Plus Minus Tomasz Grabarczyk #         plus.minus.lodz@gmail.com     #696 244 226
Starwent. Wentylacje, klimatyzacje, rekuperacje #         biuro-starwent@o2.pl     #(58) 560 19 19
Euroterm Haik, Mackiewicz Spółka Jawna #         zamosc@euroterm.eu     #(84) 542 19 74
Klimar Robert Kolski #         biuro@klimar-klimatyzacje.pl     #515 917 109
Michał Mrozek Instalacje Sanitarno-Grzewcze #         michal.mrozek@hotmail.com     #889 606 846
WOMAR HVAC spółka z ograniczoną odpowiedzialnością #         jtrzcinski@womar.com     #609 601 771
Intebud. Instalacje grzewcze, wod. - kan., odkurzacze centralne #         intebud@wp.pl     #609 349 631
SOS-KLIMA: Klimatyzacje, Wentylacje, Pompy Ciepła M Czachor #         biurososklima@gmail.com     #502 440 845
Voltage Adam Kwaśniewski #         biuro@voltage.net.pl     #503 076 376
Instal-Klima Bartosz Baranowski #         biuro@instalklimapoznan.pl     #785 915 492
Instalmen Usługi Instalacyjno-budowlane Ewa Kordys-Żak #         instalmen.jaworzno@gmail.com     #668 513 366
Klimasae Żółtowski Janusz #         kontakt@klimasae.pl     #796 094 904
Hydro-Instal Szymon Kubicius #         szymonkubicius@gmail.com     #510 831 309
Instalacje Grzewcze Wod-Kan Michał Daniłło #         michal.danillo@gazeta.pl     #601 479 566
Tawis Mariusz Korman #         infotawis@gmail.com     #884 838 823
Viessmann PHU #         viessmannzary@vp.pl     #603 939 311
Hubert Myślicki Stargaz #         myslicki21@gmail.com     #574 996 228
Instalacje Grzewcze I Sanitarne Wioleta Majcher #         majcherwiola@interia.pl     #515 120 085
J&amp;J Jurasek Klimatyzacja Rekuperacja Wentylacja Chłodnictwo #         jurasek@jurasek.net.pl     #601 949 319
Klimanovum #         klimanovum@wp.pl     #792 432 145
Wentmir FHU Joanna Mirowska #         wentmir@wp.pl     #665 764 524
Instalatorstwo wodno-kanalizacyjne i c.o. #         marcelinstalacje@wp.pl     #601 244 565
Konwent Sp.z o.o. #         biuro@konwent.com.pl     #(79) 551 68 53
RR-Instal Rafał Rasiński #         biuro@rrinstal.com     #515 497 054
MDM Klima Sp. z o.o. #         mdmklima@op.pl     #518 135 828
Wentrik Karolina Pawełczak #         klima.wentrik@wp.pl     #605 307 445
Instalacje Grzewcze I Sanitarne Piotr Kuczek #         pkuczek@wp.pl     #668 163 048
Globalbau s.c. #         kontakt@globalbau.pl     #510 660 904
Multi Dom Eko Rekuperatory, Wentylacje, Odkurzacze Centralne Sławomir Winter #         biuro@multidomwinter.pl     #669 997 767
Solar-Term Marcin Chrzanowski #         biuro.solar@gmail.com     #664 337 196
Luk-Power-Sun Łukasz Borwik #         biuro@luk-power-sun.pl     #883 010 537
System Plus Mirosław Gajda #         biuro@sp.biz.pl     #601 785 244
Patryk Sędziński Instalacje #         biuro@instalsed.pl     #889 271 653
Robtech - Instalacje Obiektowe Robert Śledziewicz #         robtech@firma.pl     #504 211 497
Remontu i Tam Wykończenia Wnętrz, Klimatyzacja Pompy Ciepła Andrzej Mężyński #         a.mezynski23@gmail.com     #664 804 515
Tomastery Instalacje Tomasz Szczepek #         tomasz.szczepek@o2.pl     #660 202 223
Jacek Szczurek FHU Wentylacja #         jacekszczurek1@gmail.com     #503 150 358
GOKIMA - Klimatyzacja i Pompy Ciepła #         gokima@o2.pl     #724 573 234
Pro-Instal-tech Adam Paulus #         pro-instal-tech@wp.pl     #506 251 794
TJK.system Tomasz Kopeć - instalacje sanitarne #         system.tjk@gmail.com     #536 513 821
Hydroexpert Tomasz Mucha #         kontakt@hydro-expert.pl     #607 666 641
Klimatyzacja ,wentylacja, rekuperacja Ice-WentRafał Kacer #         rafalkacer@gmail.com     #607 353 706
Sko-Tex PPH Autoryzowany Dystrybutor Defro #         biuro@defrozywiec.pl     #(33) 333 80 20
Instalterm T.J.M. Wójcikowscy Spółka Jawna #         mwojcikowski@instalterm.pl     #(14) 626 20 45
Klim-Wel Wentylacja Rekuperacja Klimatyzacja Wojciech Stypik #         klim-wel@klim-wel.pl     #531 249 453
Elemix Instalacje Elektryczne, Odkurzacze Centralne Ryszard Gąsiorowski #         biuro@elemix.com.pl     #609 667 688
Hvac Serwis Piotr Jurkiewicz #         hvac.serwis@wp.pl     #607 798 890
Centrala Plast-Bud Zofia i Kazimierz Olszewscy #         biuro@plast-bud.com     #(23) 673 73 29
Elektro-System Sławomir Michalczewski #         elektro-system.sm@wp.pl     #601 955 934
Full Comfort Tomasz Domański #         tomasz@fullcomfort.pl     #722 137 820
PUH Systemy grzewcze i sanitarne Grupa SBS #         puh@puh.com.pl     #(24) 268 81 86
Klimapol Jarosław Czarnecki #         biuroklimapol@gmail.com     #723 920 206
Rafko Rafał Kisielewski #         rafko.kisielewski@poczta.fm     #661 923 570
Grzegorz Turaj Serwis Urządzeń Elektro-Mechanicznych Chłodnictwo-Klimatyzacja #         grzegorz.turaj@onet.eu     #606 310 797
P6 Klima Krzysztof Skarulis #         p6-klima@wp.pl     #790 461 609
PKM Paweł Nowak Wentylacja Klimatyzacja #         paul_nowak@tlen.pl     #692 553 211
Klim-Ski Radosław Popławski #         kontakt@klimski.pl     #664 415 086
Pęczek Krzysztof Instalatorstwo Gazowe #         krzysztof.peczek@wp.pl     #602 788 614
Cawik - Klimatyzacja, Wentylacja, Rekuperacja Jarosław Markowski #         biuro@cawik.pl     #604 759 804
Ardoris Krzysztof Chmiel #         achmiel@ardoris.com.pl     #(32) 384 15 94
Autoryzowany Serwis Kotłów Buderus i Wolf #         kamixjp@op.pl     #501 380 285
Hydro-Instal Piotr Gera #         hydroinstalpiotrgera@onet.pl     #665 247 660
Winter-klim Dariusz Safiański #         darek@winterklim.pl     #600 411 811
Venty System Wentylacja-Rekuperacja Tomasz Furtak #         venty.system@gmail.com     #662 557 501
Instal-Perfekt Sp. z o.o Sp.k. #         info@instal-perfekt.pl     #605 224 786
Klima-Pop Zbigniew Popkowski #         biuro@klimapop.com.pl     #691 376 174
Ryszard Borodo Zakład Instalatorstwa Sanitarnego #         rborodo@vp.pl     #(68) 383 68 57
Ekomaks #         biuro@ekomaks.com     #601 449 644
Eko-System Damian Świdrak #         biuro@eko-system.eu     #731 014 100
Eco Synergia Spółka z ograniczoną odpowiedzialnością #         biuro@eco-synergia.pl     #666 644 449
Nelpol FU Michał Pinkosz #         biuro@nelpol.com.pl     #600 256 727
Technika Cieplna Andrzej Niedźwiedzki #         antc11@wp.pl     #505 895 353
Gazomet Technika Grzewcza i Sanitarna #         gazomet@gazomet.com.pl     #(63) 243 29 40
Klima Komfort Klimatyzacja Wentylacja Rekuperacja #         daniel.skulski@gmail.com     #793 589 520
Müller Serwis Zygmunt Müller #         paulinamuller@op.pl     #(68) 351 11 26
Fhu Asvent Janusz Trzepizur #         asvent@wp.pl     #512 214 019
Met-Cool PHU Robert Dyrek #         biuro@metcool.pl     #600 880 204
AMJ Fotowoltaika, Pompy Ciepła, Klimatyzacje, Rekuperacja, Wentylacja, Ogrzewanie #         amj@amj.com.pl     #608 307 730
Dametex Przedsiębiorstwo Handlowo-Usługowe Paweł Tomczak #         pawel_tomczak@op.pl     #603 456 728
Jak Przedsiębiorstwo wielobranżowe sp. z o.o. Marek Lewandowski #         jak2002@o2.pl     #607 639 044
Deka Izolacje i Wentylacje Sp. z o.o. Sp. K. #         deka@deka.com.pl     #(91) 483 52 25
Tomhan. Produkcja, montaż kanałów wentylacyjnych i klimatyzacyjnych #         biuro@tomhan.pl     #(33) 488 64 12
Mariusz Dziura Ins Mar Usługi Hydrauliczne Pompy Ciepła Wod Kan Gaz Co #         insmarbiuro@gmail.com     #516 716 695
DTech mgr inż. Dawid Tuora #         dtuora@gmail.com     #530 293 285
Instal-Bud Roman Dziergwa #         instal-bud.firma@wp.pl     #507 026 900
Owk Instalacje Mariusz Kulawczuk #         OwkInstalacje@wp.pl     #887 610 111
Bor-Tech Usługi Hydrauliczne Mieczysław Borecki #         mieczyslaw.uslugi.hydr@gmail.com     #502 659 568
Draf-Rafał Dziumakowski #         draf@interia.pl     #607 067 264
Klima-Kurp Adrian Oleksik #         adrian.oleksik06@gmail.com     #518 730 700
Przemysław Szweda #         pszweda2016@gmail.com     #517 752 873
PRO-SYSTEM #         pro_system@o2.pl     #531 663 531
Pompy ciepła - Instalacje grzewcze- Klimatyzacja NTG - OZE #         ntgoze@gmail.com     #726 881 181
Hydroenergy Adam Tański #         adamtanski@o2.pl     #781 938 268
Inbud 24 Piotr Olędzki #         biuro@inbud24.eu     #509 216 750
ColdFall Grzegorz Hławiczka #         coldfall198@gmail.com     #695 366 203
Complex Bud Krzysztof Salamon #         complexbud@op.pl     #601 359 852
Manwe Instalacje Hvac Mateusz Szarek #         manweinstalacje@gmail.com     #601 157 529
C. O. Serwis, Serwis Ogrzewania, Serwis Kotłów Szczepan Słomski #         szczepan.slomski@wp.pl     #608 401 374
Michał Kuc Kwr System #         michalkuc.89@wp.pl     #510 150 483
Elrem Instalacje centralnego ogrzewania, wodno-kanalizacyjne, kolektory słoneczne Kamieński H. #         firma@elrem.info.pl     #(32) 216 15 21
Termika Marek Głogowski #         biuro@termika.gpe.pl     #(58) 552 88 47
P.P.H.U. DARKO Dariusz Burzyński ##604 579 415
Paweł Kwiecień Firma Wentylacyjno Instalacyjna #         pawelkwi79@interia.pl     #607 694 794
Fhu Hydro - Instal Bernyś Mariusz #         mariusz.xjr@interia.pl     #607 642 215
Miko - Komin - Remonty I Frezowanie Kominów #         biuro@miko-komin.pl     #734 472 248
MS Profil Małgorzata Stasiowska #         msprofil@interia.pl     #503 933 822
Promaster s.c. #         biuro@promaster.pl     #(81) 854 15 96
BIPROINSTAL Sp. z.o.o. ##514 908 159
Cool Komfort Magic Glassware Piotr Gaca #         komfort.cool@gmail.com     #530 025 540
Piotr Główczyński inż. Serwis domowy #         serwis.domowy79@gmail.com     #669 103 234
S-Tech Klima Paweł Skrobot #         stechklima@gmail.com     #501 682 041
Hydrotech Instalacje Sanitarno-Grzewcze Grzegorz Fojna #         info@hydrotech.org.pl     #602 285 760
Klimar Marek Boszk #         boszkmarek@gmail.com     #533 403 320
Hydro-Bud #         wyceny@hydro-bud.net     #(29) 742 00 92
Daweld Usługi Spawalnicze #         biuro@daweld.eu     #536 778 585
Grzegorz Bomba Montaż i Serwis Klimatyzacji #         klimatyzacja.pl@wp.pl     #518 635 268
Hydro V-Tech B. Krawczyk #         biuro.hydrovtech@op.pl     #507 154 484
Wod-Kan Jan Instalatorstwo Jan Doba #         wodkanjan@op.pl     #600 367 198
Ergo Wentylacje Dariusz Białek #         biuro@ergo-rekuperatory.pl     #602 694 421
Instal-bud Marek Buczyński #         marek_buczynski77@wp.pl     #698 432 406
Desto Anna Stodulska #         anna.stodulska@desto.pl     #(12) 647 58 26
Calesco S.A. #         calesco@calesco.pl     #603 615 651
Hydrowat PUH Instalacje hydrauliczne Kaczmarczyk W. #         hydrowat@gmail.com     #501 694 091
Ice Waldemar Zółkiewski #         waldekhot@wp.pl     #697 574 557
Elwek Sp. z o.o. #         paw@elwek.pl     #696 684 220
Instalator-Konserwator Sp. z o.o. #         instalatorkonserwator@vp.pl     #600 774 362
Szkudlarek Marian Instalatorstwo #         instsanitarne@wp.pl     #601 434 017
Delux Łukasz Wiliński Budowa Domów Pod Klucz #         phudelux@gmail.com     #724 345 872
Usługi hydrauliczne Instalacje hydrauliczne Jacek Baca #         opel.26@tlen.pl     #506 214 407
Hydrogaz G.K. Kopeć Sp.j. #         grzegorz@hydrogaz.eu     #(15) 811 91 96
BONITERM Sp. z o.o. #         biuro@boniterm.com.pl     #(58) 682 04 68
Robert Rosłoniec Hydraulika montaż instalacji sanitarnych i grzewczych Pompy ciepła #         rrrobert@vp.pl     #501 083 795
Kicwent Dominik Królik #         kontakt@kicwent.pl     #722 125 180
Klimat Biuro Usługowo-Handlowe Klimatyzacja Wentylacja #         biuro@klimat.kolobrzeg.pl     #603 782 979
Eko Prime Inwestycje Sp. z o.o. #         biuro@ekoprime.pl     #537 509 510
Klimars Rafał Szewc #         rafal.klimars@gmail.com     #661 769 535
En-Kor Łukasz Korzec #         biuro@en-kor.pl     #517 416 710
Mk Instalacje Grzewcze K Kosewski M. Lis s.c. #         mk.instalacje.grzewcze@gmail.com     #791 015 956
Largo Garage &amp; Energy Łukasz Gumienny #         biuro@largo-energy.com     #605 741 840
Paw-kom Paweł Kawycz #         pawelkawycz@gmail.com     #500 806 193
Izolwent Marcin Rudewicz #         izolwent@gmail.com     #783 750 911
Adam Golonka Real Klim #         adamgolonka@poczta.fm     #692 072 443
ALT-PRO - wiercenie w betonie, cięcie betonu, technika diamentowa #         andrzej.liedtke@wp.pl     #663 562 348
Cominki.pl Ekologiczne kominki gazowe i nowoczesne #         kontakt@cominki.pl     #535 555 687
Rebelion #         biuro.rebelion@gmail.com     #536 338 390
McBud Michał Chodkiewicz Przyłącza wodne, pompy ciepła, koparka #         chodkiewiczmichal.uslugi@gmail.com     #512 951 381
Piotr Małecki Pracownia Inżynierska #         biuro@pracowniainzynierska-malecki.pl     #507 511 601
Hydro-Expert Michał Knafel #         michalknafel1985@gmail.com     #500 368 837
Aqua Work Kacper Krupa #         krupakacper20@gmail.com     #514 382 571
Aircomfort Angelika Kaim I Daniel Dydyna S.C. #         daniel.dydyna@op.pl     #502 046 950
El-Went Miłosz Gniła #         elwent2017@op.pl     #883 690 005
Klimatyzacja &quot;WST-SERWIS&quot; Arkadiusz Piotrowski #         klima-wst-serwis@wp.pl     #666 654 110
Klima-Bud FHU Stanisław Filipowicz #         klimabud@op.pl     #694 596 908
Euroinst Tomasz Jamróz #         biuro@euroinst.pl     #607 671 412
Isgad Przedsiębiorstwo Instalacyjno-Budowlane Andrzej Skurczyński #         andrzejskurczynski@wp.pl     #602 703 945
Złom Biała Sp. z o.o. Skup Złomu i Surowców Wtórnych #         bok@zlomrzeszow.pl     #(17) 229 92 39
V-Klima Waldemar Iwaszko #         biuro@vklima.pl     #602 288 059
Eldom Klimatyzacje Wentylacje Pompy Ciepła Odkurzacze Centralne #         biuro@eldom-instal.pl     #601 345 135
Instal-bud Dziergwa Roman #         instal-bud.firma@wp.pl     #507 026 900
Hydromontspaw Hydraulika, Montaż Instalacji Sanitarnych i Grzewczych, Pompy Ciepła, Kotły Gazowe #         wiktorchochowski@gmail.com     #692 205 583
Kilklim Cezary Kiliński #         biuro@kilklim.pl     #609 517 372
Ecoptimo Adrian Kozakowski #         ecoptimo@gmail.com     #535 219 916
Remigiusz Grajek Auto Naprawa #         remek.grajek@gmail.com     #796 781 412
Glapka-Instal Klima #         glapka-instalklima@onet.pl     #513 574 939
Gralanta #         info@gralanta.com.pl     #(58) 301 61 13
R.M. Wentylacje Mariusz Rybicki #         rmwentylacje@gmail.com     #503 764 686
Instalekspert Kacper Korczykowski #         biuro@instalekspert.com     #665 364 177
Thermoclima #         thermoclima@int.pl     #518 465 649
Ap Chłodnictwo Łukasz Siemiński #         kontakt@apchlodnictwo.pl     #605 492 600
Instalacje Grzewcze i Sanitarne Jarosław Ulejczyk F.H.U. #         ulejczykj@o2.pl     #501 055 546
Kominki Wiesław Czapla #         kominki-wczapla@wp.pl     #663 230 664
Tomasz Karkocha Technologia Ciepła #         hydro@ka.onet.pl     #602 188 273
Zakład Instalacji Sanitarnych Gaz. I C.o. Włodzimierz Eichler #         eichler.instalacje@interia.pl     #602 771 021
AQUA-TECH Rekuperacja i Pompy Ciepła ##512 112 248
Bartłomiej Chęciński &quot;Bart-Went&quot; Instalacje Wentylacja,Klimatyzacj,Rekuperacja #         bartlomiej.checinski@interia.pl     #Oceń firmę i napisz o niej opinię:
Ecotherm Rekuperacja ##602 225 937
Ecoway Maciej Rostkowski Pompy Ciepła i Rekuperacje #         ecowaywolsztyn@gmail.com     #Oceń firmę i napisz o niej opinię:
Greenair Systemy Rekuperacji Krzysztof Ambroziak #         biuro.greenair@gmail.com     #505 968 699
Hit System Krysztofiak Pompy Ciepła Ogrzewanie Kotły Gazowe Rekuperacja #         biuro@hitsystem.pl     #Oceń firmę i napisz o niej opinię:
Iglo-Klima Klimatyzacja Wentylacja Rekuperacja Emil Sztal #         biuro@iglo-klima.pl     #505 149 935
Instal Lux Klaudia Mateja Instalacje Grzewcze i Sanitarne Rekuperacja #         klaudia_wioska@inteia.pl     #Oceń firmę i napisz o niej opinię:
Instal-Mont Krzysztof Foryt Usługi Montażu Instalacji Hydraulicznych,Elektrycznych,Gazowych,Wentylacji,Rekuperacji #         krzysztof.foryt@wp.pl     #Oceń firmę i napisz o niej opinię:
Instalpomp-Rekuperacje Jerzy Paszyński #         jerzy.paszynski@wp.pl     #509 063 408
Klimat-Dom Rekuperacja, Rekuperatory, Wentylacja z Odzyskiem Ciepła ##(24) 262 65 62
&quot;Klima-Tronik&quot; Klimatyzacja Wentylacja Rekuperacja Rafał Kazimierski #         klima-tronik@wp.pl     #535 123 445
Klimatyzacja Wentylacja Rekuperacja PP-KLIMA #         pp-klima@wp.pl     #501 411 962
Laki-Luk Łukasz Marzec Klimatyzacja,Wentylacja,Rekuperacja ##608 188 811
Lider-House Odkurzacze Centralne Wentylacja Mechaniczna Rekuperacja #         lider-house@o2.pl     #505 505 104
Lider-House Wentylacja Mechaniczna Rekuperacja ##505 505 104
Marek Gomułka Gokima Engineering. Klimatyzacja, Rekuperacja, Pompy Ciepła #         gokima@o2.pl     #Oceń firmę i napisz o niej opinię:
&quot;OrkanWent&quot; Dawid Pazio  Klimatyzacja, Wentylacja, Rekuperacja ##511 067 626
Po Co Rekuperacja Grzegorz Kuczyński #         biuro@pocorekuperacja.com     #603 090 221
Rekuperacja ##514 710 666
Rekuperacja Klimatyzacja Przemysław Liberski ##667 658 592
Rekuperacja Piotr Obłoza #         rekuperacjapo@wp.pl     #Oceń firmę i napisz o niej opinię:
Rekuperacje Polska #         biuro@rekuperacjepolska.pl     #792 282 070
Sewiło Jerzy Fotowoltaika, Rekuperacja, Pompy Ciepła #         jerzy22.js@gmail.com     #503 021 428
&quot;Venty System&quot; Wentylacja-Rekuperacja - Tomasz Furtak #         venty.system@gmail.com     #662 557 501
Wentylacja Rekuperacja Kamil Niemczyński #         kamil.wentylacja@wp.pl     #510 353 389
Wentylacja Rekuperacja Power System Stasiak #         luki.st82@wp.pl     #601 631 209
